{
  "name": "bridge_3_palette",
  "palette": [
    {
      "char": "!",
      "block": "minecraft:diamond_block",
      "mob": "easymobs"
    },
    {
      "char": "~",
      "block": "minecraft:command_block"
    },
    {
      "char": "G",
      "block": "minecraft:grass_block"
    },
    {
      "char": "H",
      "block": "immersivepetroleum:asphalt"
    },
    {
      "char": "S",
      "block": "minecraft:stone"
    },
    {
      "char": "=",
      "block": "immersiveengineering:concrete"
    },
    {
      "char": "_",
      "block": "embellishcraft:gneiss_large_bricks_wall"
    },
    {
      "char": "^",
      "block": "minecraft:water"
    },
    {
      "char": "v",
      "block": "minecraft:stone_bricks"
    },
    {
      "char": "#",
      "block": "minecraft:chest",
      "loot": "chestloot"
    },
    {
      "char": " ",
      "block": "minecraft:air"
    },
    {
      "char": "a",
      "block": "minecraft:quartz_block"
    },
    {
      "char": "b",
      "block": "minecraft:smooth_stone_slab[waterlogged=false,type=bottom]"
    },
    {
      "char": "c",
      "block": "quark:oak_leaf_carpet"
    },
    {
      "char": "d",
      "block": "minecraft:oak_leaves"
    },
    {
      "char": "e",
      "block": "minecraft:oak_log[axis=x]"
    },
    {
      "char": "f",
      "block": "minecraft:quartz_slab[waterlogged=false,type=bottom]"
    },
    {
      "char": "g",
      "block": "create:vertical_framed_glass_pane[waterlogged=false]"
    },
    {
      "char": "h",
      "block": "quark:stripped_dark_oak_post[waterlogged=false,chain_up=false,axis=y]"
    },
    {
      "char": "i",
      "block": "minecraft:spruce_trapdoor[waterlogged=false,half=bottom,facing=north,open=false]"
    },
    {
      "char": "j",
      "block": "cfm:stripped_dark_oak_upgraded_fence[waterlogged=false]"
    },
    {
      "char": "k",
      "block": "minecraft:iron_bars[waterlogged=false]"
    },
    {
      "char": "l",
      "block": "minecraft:quartz_slab[waterlogged=false,type=top]"
    },
    {
      "char": "m",
      "block": "minecraft:spruce_trapdoor[waterlogged=false,half=bottom,facing=south,open=false]"
    },
    {
      "char": "n",
      "block": "minecraft:stone_pressure_plate"
    }
  ]
}