{
  "name": "bridge_deadzone_1_palette",
  "palette": [
    {
      "char": "!",
      "block": "minecraft:diamond_block",
      "mob": "easymobs"
    },
    {
      "char": "~",
      "block": "minecraft:command_block"
    },
    {
      "char": "G",
      "block": "minecraft:grass_block"
    },
    {
      "char": "H",
      "block": "immersivepetroleum:asphalt"
    },
    {
      "char": "=",
      "block": "immersiveengineering:concrete"
    },
    {
      "char": "_",
      "block": "embellishcraft:gneiss_large_bricks_wall"
    },
    {
      "char": "v",
      "block": "minecraft:stone_bricks"
    },
    {
      "char": "z",
      "block": "biomesoplenty:dried_salt"
    },
    {
      "char": " ",
      "block": "minecraft:air"
    },
    {
      "char": "a",
      "block": "minecraft:mossy_stone_bricks"
    },
    {
      "char": "b",
      "block": "quark:mossy_cobblestone_bricks"
    },
    {
      "char": "c",
      "block": "quark:mossy_cobblestone_bricks_slab[waterlogged=false,type=bottom]"
    },
    {
      "char": "d",
      "block": "quark:cobblestone_bricks_slab[waterlogged=false,type=bottom]"
    },
    {
      "char": "e",
      "block": "minecraft:mossy_cobblestone_slab[waterlogged=false,type=bottom]"
    },
    {
      "char": "f",
      "block": "minecraft:cracked_stone_bricks"
    },
    {
      "char": "g",
      "block": "immersivepetroleum:asphalt_slab[waterlogged=false,type=bottom]"
    },
    {
      "char": "h",
      "block": "minecraft:iron_bars[waterlogged=false]"
    },
    {
      "char": "i",
      "block": "biomesoplenty:dead_leaves"
    },
    {
      "char": "j",
      "block": "quark:stripped_dark_oak_post[waterlogged=false,chain_up=false,axis=y]"
    },
    {
      "char": "k",
      "block": "simplylight:illuminant_block"
    }
  ]
}