{
  "name": "building_office5_top_palette_180",
  "palette": [
    {
      "char": "a",
      "block": "embellishcraft:smooth_marble_stairs[waterlogged=false,half=bottom,shape=straight,facing=north]"
    },
    {
      "char": "b",
      "block": "embellishcraft:smooth_marble"
    },
    {
      "char": "c",
      "block": "minecraft:smooth_quartz"
    },
    {
      "char": "d",
      "block": "create:dark_oak_window_pane[east=true,waterlogged=false,south=true,north=true,west=false]"
    },
    {
      "char": "e",
      "block": "minecraft:smooth_stone"
    },
    {
      "char": "f",
      "block": "immersiveengineering:metal_ladder_none[waterlogged=false,facing=north]"
    },
    {
      "char": "g",
      "block": "create:dark_oak_window_pane[east=false,waterlogged=false,south=true,north=true,west=true]"
    },
    {
      "char": "h",
      "block": "create:dark_oak_window_pane[east=true,waterlogged=false,south=false,north=true,west=true]"
    },
    {
      "char": "i",
      "block": "create:dark_oak_window_pane[east=false,waterlogged=false,south=true,north=true,west=false]"
    },
    {
      "char": "j",
      "block": "quark:dark_oak_hedge[east=false,waterlogged=false,south=false,north=false,west=false]"
    },
    {
      "char": "k",
      "block": "embellishcraft:light_gray_couch[waterlogged=false,shape=straight,facing=south]"
    },
    {
      "char": "l",
      "block": "cfm:green_kitchen_drawer[facing=south,open=false]",
      "loot": "chestloot"
    },
    {
      "char": "m",
      "block": "embellishcraft:light_gray_couch[waterlogged=false,shape=straight,facing=east]"
    },
    {
      "char": "n",
      "block": "cfm:stripped_dark_oak_coffee_table[east=false,waterlogged=false,south=false,north=false,west=false]"
    },
    {
      "char": "o",
      "block": "minecraft:bookshelf"
    },
    {
      "char": "p",
      "block": "quark:dark_oak_leaf_carpet"
    },
    {
      "char": "q",
      "block": "minecraft:lily_of_the_valley"
    },
    {
      "char": "r",
      "block": "minecraft:stripped_dark_oak_log[axis=z]"
    },
    {
      "char": "s",
      "block": "minecraft:azure_bluet"
    },
    {
      "char": "t",
      "block": "minecraft:grass"
    },
    {
      "char": "u",
      "block": "cfm:light_gray_sofa[waterlogged=false,facing=west,type=single]"
    },
    {
      "char": "w",
      "block": "cfm:green_kitchen_drawer[facing=east,open=false]",
      "loot": "chestloot"
    },
    {
      "char": "x",
      "block": "minecraft:fern"
    },
    {
      "char": "y",
      "block": "minecraft:white_tulip"
    },
    {
      "char": "z",
      "block": "create:dark_oak_window_pane[east=true,waterlogged=false,south=false,north=false,west=true]"
    },
    {
      "char": "A",
      "block": "quark:potted_sugar_cane"
    },
    {
      "char": "B",
      "block": "minecraft:potted_lily_of_the_valley"
    },
    {
      "char": "C",
      "block": "minecraft:potted_pink_tulip"
    },
    {
      "char": "D",
      "block": "minecraft:potted_dark_oak_sapling"
    },
    {
      "char": "E",
      "block": "minecraft:redstone_torch[lit=true]"
    },
    {
      "char": "F",
      "block": "minecraft:heavy_weighted_pressure_plate"
    },
    {
      "char": "I",
      "block": "minecraft:potted_cactus"
    },
    {
      "char": "J",
      "block": "minecraft:smooth_stone_slab[waterlogged=false,type=top]"
    },
    {
      "char": "K",
      "block": "minecraft:iron_trapdoor[waterlogged=false,half=top,facing=south,open=false]"
    },
    {
      "char": "L",
      "block": "embellishcraft:air_duct"
    },
    {
      "char": "M",
      "block": "minecraft:smooth_stone_slab[waterlogged=false,type=bottom]"
    }
  ]
}