{
  "name": "building_carservice1_ground_palette_180",
  "palette": [
    {
      "char": "a",
      "block": "minecraft:smooth_stone"
    },
    {
      "char": "b",
      "block": "immersiveengineering:concrete_quarter"
    },
    {
      "char": "c",
      "block": "immersiveengineering:slab_concrete[waterlogged=false,type=bottom]"
    },
    {
      "char": "d",
      "block": "immersiveengineering:concrete_three_quarter"
    },
    {
      "char": "e",
      "block": "embellishcraft:smooth_marble"
    },
    {
      "char": "f",
      "block": "embellishcraft:polished_marble"
    },
    {
      "char": "g",
      "block": "car:car_workshop_outter[position=8]"
    },
    {
      "char": "h",
      "block": "car:car_workshop_outter[position=1]"
    },
    {
      "char": "i",
      "block": "car:car_workshop_outter[position=7]"
    },
    {
      "char": "j",
      "block": "car:car_workshop"
    },
    {
      "char": "k",
      "block": "car:car_workshop_outter[position=3]"
    },
    {
      "char": "l",
      "block": "car:car_workshop_outter[position=5]"
    },
    {
      "char": "m",
      "block": "car:car_workshop_outter[position=4]"
    },
    {
      "char": "n",
      "block": "immersivepetroleum:asphalt_slab[waterlogged=false,type=bottom]"
    },
    {
      "char": "o",
      "block": "quark:framed_glass_pane[waterlogged=false]"
    },
    {
      "char": "p",
      "block": "immersiveengineering:heavy_engineering"
    },
    {
      "char": "q",
      "block": "car:gas_station[facing=north]",
      "tag": {
        "fluid": {
          "FluidName": "immersivepetroleum:gasoline",
          "Amount": 4000
        }
      }
    },
    {
      "char": "r",
      "block": "minecraft:iron_trapdoor[waterlogged=false,half=top,facing=north,open=false]"
    },
    {
      "char": "s",
      "block": "minecraft:anvil[facing=south]"
    },
    {
      "char": "t",
      "block": "minecraft:chest",
      "loot": "chestloot"
    },
    {
      "char": "u",
      "block": "minecraft:observer[facing=east]"
    },
    {
      "char": "w",
      "block": "minecraft:gray_stained_glass_pane[waterlogged=false]"
    },
    {
      "char": "x",
      "block": "cfm:cyan_kitchen_counter[facing=west,type=default]"
    },
    {
      "char": "y",
      "block": "cfm:oak_hedge[waterlogged=false]"
    },
    {
      "char": "A",
      "block": "embellishcraft:gray_couch[waterlogged=false,shape=straight,facing=north]"
    },
    {
      "char": "B",
      "block": "cfm:stone_table[waterlogged=false]"
    },
    {
      "char": "C",
      "block": "embellishcraft:steel_rungs[waterlogged=false,facing=south]"
    },
    {
      "char": "D",
      "block": "minecraft:stone"
    },
    {
      "char": "E",
      "block": "minecraft:stone_slab[waterlogged=false,type=top]"
    },
    {
      "char": "F",
      "block": "car:gas_station_top[facing=north]"
    },
    {
      "char": "I",
      "block": "immersiveengineering:connector_lv[waterlogged=false,facing=down]"
    },
    {
      "char": "J",
      "block": "create:crushing_wheel[axis=z]",
      "tag": {
        "id": "create:crushing_wheel"
      }
    },
    {
      "char": "K",
      "block": "create:crushing_wheel_controller[facing=down]"
    },
    {
      "char": "L",
      "block": "quark:smooth_stone_vertical_slab[waterlogged=false,type=south]"
    },
    {
      "char": "M",
      "block": "minecraft:smooth_stone_slab[waterlogged=false,type=bottom]"
    },
    {
      "char": "N",
      "block": "minecraft:smooth_stone_slab[waterlogged=false,type=top]"
    }
  ]
}