{
  "name": "building_office1_floor1_palette_270",
  "palette": [
    {
      "char": "a",
      "block": "embellishcraft:smooth_basalt"
    },
    {
      "char": "b",
      "block": "minecraft:smooth_stone"
    },
    {
      "char": "c",
      "block": "embellishcraft:smooth_slate"
    },
    {
      "char": "d",
      "block": "minecraft:black_stained_glass_pane[waterlogged=false]"
    },
    {
      "char": "e",
      "block": "embellishcraft:smooth_marble_slab[waterlogged=false,type=bottom]"
    },
    {
      "char": "f",
      "block": "quark:spruce_ladder[waterlogged=false,facing=south]"
    },
    {
      "char": "g",
      "block": "minecraft:gray_stained_glass_pane[waterlogged=false]"
    },
    {
      "char": "h",
      "block": "embellishcraft:smooth_slate_stairs[waterlogged=false,half=bottom,shape=straight,facing=east]"
    },
    {
      "char": "i",
      "block": "embellishcraft:smooth_slate_stairs[waterlogged=false,half=bottom,shape=straight,facing=north]"
    },
    {
      "char": "j",
      "block": "quark:iron_rod[facing=up]"
    },
    {
      "char": "k",
      "block": "minecraft:quartz_stairs[waterlogged=false,half=bottom,shape=straight,facing=south]"
    },
    {
      "char": "l",
      "block": "embellishcraft:smooth_slate_stairs[waterlogged=false,half=bottom,shape=straight,facing=west]"
    },
    {
      "char": "m",
      "block": "cfm:cyan_kitchen_drawer[facing=west,open=false]",
      "loot": "chestloot"
    },
    {
      "char": "n",
      "block": "minecraft:dark_oak_door[hinge=left,half=lower,facing=east,open=false]"
    },
    {
      "char": "o",
      "block": "minecraft:dark_oak_door[hinge=right,half=lower,facing=east,open=false]"
    },
    {
      "char": "p",
      "block": "minecraft:dark_oak_door[hinge=left,half=lower,facing=south,open=false]"
    },
    {
      "char": "q",
      "block": "embellishcraft:smooth_marble"
    },
    {
      "char": "r",
      "block": "embellishcraft:smooth_slate_stairs[waterlogged=false,half=bottom,shape=inner_right,facing=east]"
    },
    {
      "char": "s",
      "block": "minecraft:bookshelf"
    },
    {
      "char": "t",
      "block": "embellishcraft:smooth_slate_stairs[waterlogged=false,half=bottom,shape=straight,facing=south]"
    },
    {
      "char": "u",
      "block": "minecraft:cyan_terracotta"
    },
    {
      "char": "w",
      "block": "cfm:cyan_kitchen_drawer[facing=south,open=false]",
      "loot": "chestloot"
    },
    {
      "char": "x",
      "block": "embellishcraft:smooth_slate_stairs[waterlogged=false,half=bottom,shape=inner_left,facing=west]"
    },
    {
      "char": "y",
      "block": "minecraft:quartz_stairs[waterlogged=false,half=bottom,shape=straight,facing=west]"
    },
    {
      "char": "z",
      "block": "immersiveengineering:concrete_quarter"
    },
    {
      "char": "A",
      "block": "minecraft:dark_oak_door[hinge=left,half=upper,facing=east,open=false]"
    },
    {
      "char": "B",
      "block": "minecraft:dark_oak_door[hinge=right,half=upper,facing=east,open=false]"
    },
    {
      "char": "C",
      "block": "minecraft:dark_oak_door[hinge=left,half=upper,facing=south,open=false]"
    },
    {
      "char": "D",
      "block": "minecraft:potted_bamboo"
    },
    {
      "char": "E",
      "block": "minecraft:heavy_weighted_pressure_plate"
    },
    {
      "char": "F",
      "block": "quark:iron_button[face=floor,facing=north]"
    },
    {
      "char": "I",
      "block": "minecraft:flower_pot"
    },
    {
      "char": "J",
      "block": "minecraft:quartz_block"
    },
    {
      "char": "K",
      "block": "minecraft:smooth_stone_slab[waterlogged=false,type=bottom]"
    }
  ]
}