{
  "name": "building_policeoffice1_base1_palette_270",
  "palette": [
    {
      "char": "a",
      "block": "minecraft:cyan_terracotta"
    },
    {
      "char": "b",
      "block": "quark:iron_ladder[waterlogged=false,facing=south]"
    },
    {
      "char": "c",
      "block": "embellishcraft:polished_marble"
    },
    {
      "char": "d",
      "block": "minecraft:light_gray_bed[part=head,facing=north,occupied=false]"
    },
    {
      "char": "e",
      "block": "minecraft:light_gray_bed[part=foot,facing=north,occupied=false]"
    },
    {
      "char": "f",
      "block": "embellishcraft:smooth_basalt"
    },
    {
      "char": "g",
      "block": "minecraft:light_gray_bed[part=foot,facing=south,occupied=false]"
    },
    {
      "char": "h",
      "block": "minecraft:light_gray_bed[part=head,facing=south,occupied=false]"
    },
    {
      "char": "i",
      "block": "minecraft:iron_bars[waterlogged=false]"
    },
    {
      "char": "j",
      "block": "minecraft:cobweb"
    },
    {
      "char": "k",
      "block": "embellishcraft:smooth_slate_stairs[waterlogged=false,half=bottom,shape=straight,facing=north]"
    },
    {
      "char": "l",
      "block": "embellishcraft:smooth_slate_stairs[waterlogged=false,half=bottom,shape=straight,facing=south]"
    },
    {
      "char": "m",
      "block": "minecraft:cauldron"
    },
    {
      "char": "n",
      "block": "embellishcraft:smooth_slate_stairs[waterlogged=false,half=bottom,shape=straight,facing=west]"
    },
    {
      "char": "o",
      "block": "minecraft:smooth_stone"
    },
    {
      "char": "p",
      "block": "minecraft:smooth_stone_slab[waterlogged=false,type=bottom]"
    },
    {
      "char": "q",
      "block": "minecraft:dirt"
    },
    {
      "char": "r",
      "block": "minecraft:cobblestone"
    },
    {
      "char": "s",
      "block": "minecraft:quartz_block"
    }
  ]
}