{
  "name": "building_apartment1_ground_palette_180",
  "palette": [
    {
      "char": "a",
      "block": "minecraft:smooth_stone"
    },
    {
      "char": "b",
      "block": "minecraft:smooth_quartz"
    },
    {
      "char": "c",
      "block": "minecraft:smooth_quartz_stairs[waterlogged=false,half=top,shape=straight,facing=north]"
    },
    {
      "char": "d",
      "block": "create:vertical_framed_glass_pane[waterlogged=false]"
    },
    {
      "char": "e",
      "block": "another_furniture:light_gray_sofa[waterlogged=false,facing=north,type=left]"
    },
    {
      "char": "f",
      "block": "another_furniture:light_gray_sofa[waterlogged=false,facing=north,type=right]"
    },
    {
      "char": "g",
      "block": "minecraft:bookshelf"
    },
    {
      "char": "h",
      "block": "minecraft:cauldron"
    },
    {
      "char": "i",
      "block": "minecraft:quartz_stairs[waterlogged=false,half=top,shape=straight,facing=south]"
    },
    {
      "char": "j",
      "block": "minecraft:dark_oak_trapdoor[waterlogged=false,half=bottom,facing=south,open=true]"
    },
    {
      "char": "k",
      "block": "minecraft:dark_oak_trapdoor[waterlogged=false,half=bottom,facing=east,open=true]"
    },
    {
      "char": "l",
      "block": "minecraft:green_wool"
    },
    {
      "char": "m",
      "block": "minecraft:dark_oak_trapdoor[waterlogged=false,half=bottom,facing=west,open=true]"
    },
    {
      "char": "n",
      "block": "another_furniture:light_gray_sofa[waterlogged=false,facing=east,type=single]"
    },
    {
      "char": "o",
      "block": "embellishcraft:oak_plain_door[hinge=right,half=lower,facing=north,open=false]"
    },
    {
      "char": "p",
      "block": "quark:oak_hedge[waterlogged=false]"
    },
    {
      "char": "q",
      "block": "embellishcraft:smooth_marble_wall[waterlogged=false,up=true]"
    },
    {
      "char": "r",
      "block": "embellishcraft:smooth_marble"
    },
    {
      "char": "s",
      "block": "minecraft:dark_oak_trapdoor[waterlogged=false,half=bottom,facing=north,open=true]"
    },
    {
      "char": "t",
      "block": "create:framed_glass_door[hinge=right,half=lower,facing=east,open=false]"
    },
    {
      "char": "u",
      "block": "minecraft:stone_pressure_plate"
    },
    {
      "char": "w",
      "block": "simplylight:illuminant_block"
    },
    {
      "char": "x",
      "block": "create:framed_glass_door[hinge=left,half=lower,facing=east,open=false]"
    },
    {
      "char": "y",
      "block": "minecraft:chest",
      "loot": "chestloot"
    },
    {
      "char": "A",
      "block": "another_furniture:light_gray_sofa[waterlogged=false,facing=south,type=right]"
    },
    {
      "char": "B",
      "block": "another_furniture:light_gray_sofa[waterlogged=false,facing=south,type=left]"
    },
    {
      "char": "C",
      "block": "minecraft:iron_door[hinge=right,half=lower,facing=east,open=false]"
    },
    {
      "char": "D",
      "block": "minecraft:birch_planks"
    },
    {
      "char": "E",
      "block": "minecraft:cyan_terracotta"
    },
    {
      "char": "F",
      "block": "minecraft:iron_door[hinge=left,half=lower,facing=east,open=false]"
    },
    {
      "char": "I",
      "block": "embellishcraft:smooth_marble_stairs[waterlogged=false,half=bottom,shape=straight,facing=north]"
    },
    {
      "char": "J",
      "block": "minecraft:smooth_quartz_stairs[waterlogged=false,half=bottom,shape=straight,facing=north]"
    },
    {
      "char": "K",
      "block": "minecraft:birch_slab[waterlogged=false,type=bottom]"
    },
    {
      "char": "L",
      "block": "embellishcraft:smooth_marble_wall[waterlogged=false,up=false]"
    },
    {
      "char": "M",
      "block": "minecraft:iron_trapdoor[waterlogged=false,half=bottom,facing=south,open=false]"
    },
    {
      "char": "N",
      "block": "embellishcraft:oak_plain_door[hinge=right,half=upper,facing=north,open=false]"
    },
    {
      "char": "O",
      "block": "create:framed_glass_door[hinge=right,half=upper,facing=east,open=false]"
    },
    {
      "char": "P",
      "block": "create:framed_glass_door[hinge=left,half=upper,facing=east,open=false]"
    },
    {
      "char": "Q",
      "block": "minecraft:iron_door[hinge=right,half=upper,facing=east,open=false]"
    },
    {
      "char": "R",
      "block": "minecraft:birch_stairs[waterlogged=false,half=bottom,shape=straight,facing=south]"
    },
    {
      "char": "S",
      "block": "another_furniture:service_bell[waterlogged=false]"
    },
    {
      "char": "T",
      "block": "minecraft:iron_door[hinge=left,half=upper,facing=east,open=false]"
    },
    {
      "char": "U",
      "block": "embellishcraft:smooth_marble_stairs[waterlogged=false,half=top,shape=straight,facing=west]"
    },
    {
      "char": "V",
      "block": "minecraft:smooth_quartz_stairs[waterlogged=false,half=top,shape=straight,facing=south]"
    },
    {
      "char": "W",
      "block": "create:framed_glass_trapdoor[waterlogged=false,half=bottom,facing=east,open=true]"
    },
    {
      "char": "X",
      "block": "minecraft:smooth_quartz_stairs[waterlogged=false,half=top,shape=straight,facing=west]"
    },
    {
      "char": "Y",
      "block": "embellishcraft:smooth_marble_stairs[waterlogged=false,half=bottom,shape=straight,facing=east]"
    },
    {
      "char": "Z",
      "block": "minecraft:birch_slab[waterlogged=false,type=top]"
    },
    {
      "char": "0",
      "block": "minecraft:birch_stairs[waterlogged=false,half=top,shape=straight,facing=west]"
    },
    {
      "char": "1",
      "block": "embellishcraft:smooth_marble_stairs[waterlogged=false,half=top,shape=straight,facing=north]"
    },
    {
      "char": "2",
      "block": "minecraft:birch_stairs[waterlogged=false,half=bottom,shape=straight,facing=east]"
    },
    {
      "char": "3",
      "block": "minecraft:quartz_block"
    },
    {
      "char": "4",
      "block": "minecraft:chain[waterlogged=false,axis=y]",
      "tag": {
        "conditionMet": 1,
        "auto": 1,
        "Command": "fill ~-1 ~ ~ ~ ~ ~ immersivepetroleum:asphalt"
      }
    },
    {
      "char": "5",
      "block": "simplylight:illuminant_block_on"
    },
    {
      "char": "6",
      "block": "embellishcraft:smooth_marble_stairs[waterlogged=false,half=bottom,shape=straight,facing=south]"
    }
  ]
}