{
  "name": "building_bank1_base1_palette_180",
  "palette": [
    {
      "char": "a",
      "block": "embellishcraft:smooth_marble"
    },
    {
      "char": "b",
      "block": "minecraft:smooth_stone"
    },
    {
      "char": "c",
      "block": "minecraft:cyan_terracotta"
    },
    {
      "char": "d",
      "block": "minecraft:bookshelf"
    },
    {
      "char": "e",
      "block": "minecraft:gold_block"
    },
    {
      "char": "f",
      "block": "minecraft:gray_stained_glass"
    },
    {
      "char": "g",
      "block": "simplylight:illuminant_block"
    },
    {
      "char": "h",
      "block": "minecraft:emerald_block"
    },
    {
      "char": "i",
      "block": "minecraft:iron_block"
    },
    {
      "char": "j",
      "block": "embellishcraft:steel_wall_ladder[waterlogged=false,facing=west]"
    },
    {
      "char": "k",
      "block": "cfm:andesite_cabinet[waterlogged=false,facing=south,open=false]",
      "loot": "chestloot"
    },
    {
      "char": "l",
      "block": "cfm:andesite_cabinet[waterlogged=false,facing=west,open=false]",
      "loot": "chestloot"
    },
    {
      "char": "m",
      "block": "cfm:andesite_cabinet[waterlogged=false,facing=east,open=false]",
      "loot": "chestloot"
    },
    {
      "char": "n",
      "block": "cfm:andesite_cabinet[waterlogged=false,facing=north,open=false]",
      "loot": "chestloot"
    },
    {
      "char": "o",
      "block": "minecraft:quartz_block"
    },
    {
      "char": "p",
      "block": "minecraft:chain[waterlogged=false,axis=y]",
      "tag": {
        "conditionMet": 1,
        "auto": 1,
        "Command": "fill ~-1 ~ ~ ~ ~ ~ immersivepetroleum:asphalt"
      }
    },
    {
      "char": "q",
      "block": "simplylight:illuminant_block_on"
    }
  ]
}