{
  "name": "building_residential1_floor1_palette",
  "palette": [
    {
      "char": "a",
      "block": "minecraft:dark_oak_slab[waterlogged=false,type=bottom]"
    },
    {
      "char": "b",
      "block": "minecraft:dark_oak_planks"
    },
    {
      "char": "c",
      "block": "minecraft:dark_oak_slab[waterlogged=false,type=top]"
    },
    {
      "char": "d",
      "block": "create:cut_calcite"
    },
    {
      "char": "e",
      "block": "create:cut_calcite_slab[waterlogged=false,type=top]"
    },
    {
      "char": "f",
      "block": "create:dark_oak_window_pane[waterlogged=false]"
    },
    {
      "char": "g",
      "block": "minecraft:potted_dark_oak_sapling"
    },
    {
      "char": "h",
      "block": "another_furniture:light_gray_lamp[waterlogged=false,lit=false,facing=up]"
    },
    {
      "char": "i",
      "block": "create:cut_calcite_stairs[waterlogged=false,half=top,shape=straight,facing=south]"
    },
    {
      "char": "j",
      "block": "minecraft:smooth_stone_slab[waterlogged=false,type=bottom]"
    },
    {
      "char": "k",
      "block": "quark:stripped_dark_oak_post[waterlogged=false,chain_up=false,axis=y]"
    }
  ]
}