{
  "name": "building_hotel3_base2_palette_270",
  "palette": [
    {
      "char": "a",
      "block": "minecraft:cyan_terracotta"
    },
    {
      "char": "b",
      "block": "minecraft:sandstone"
    },
    {
      "char": "c",
      "block": "minecraft:soul_sand"
    },
    {
      "char": "d",
      "block": "embellishcraft:smooth_marble"
    },
    {
      "char": "e",
      "block": "minecraft:smooth_stone"
    },
    {
      "char": "f",
      "block": "minecraft:glowstone"
    },
    {
      "char": "g",
      "block": "minecraft:sand"
    },
    {
      "char": "h",
      "block": "minecraft:bubble_column"
    },
    {
      "char": "i",
      "block": "minecraft:kelp_plant"
    },
    {
      "char": "j",
      "block": "minecraft:cyan_stained_glass"
    },
    {
      "char": "k",
      "block": "quark:iron_ladder[waterlogged=false,facing=west]"
    },
    {
      "char": "l",
      "block": "minecraft:quartz_stairs[waterlogged=false,half=bottom,shape=inner_right,facing=east]"
    },
    {
      "char": "m",
      "block": "minecraft:quartz_stairs[waterlogged=false,half=bottom,shape=inner_left,facing=east]"
    },
    {
      "char": "n",
      "block": "minecraft:quartz_stairs[waterlogged=false,half=bottom,shape=straight,facing=south]"
    },
    {
      "char": "o",
      "block": "minecraft:quartz_stairs[waterlogged=false,half=bottom,shape=straight,facing=north]"
    },
    {
      "char": "p",
      "block": "minecraft:quartz_stairs[waterlogged=false,half=bottom,shape=inner_left,facing=west]"
    },
    {
      "char": "q",
      "block": "minecraft:quartz_stairs[waterlogged=false,half=bottom,shape=inner_right,facing=west]"
    },
    {
      "char": "r",
      "block": "minecraft:kelp"
    },
    {
      "char": "s",
      "block": "minecraft:dirt"
    },
    {
      "char": "t",
      "block": "minecraft:quartz_block"
    }
  ]
}