{
  "name": "building_hotel3_floor3_palette_270",
  "palette": [
    {
      "char": "a",
      "block": "minecraft:gray_stained_glass_pane[waterlogged=false]"
    },
    {
      "char": "b",
      "block": "minecraft:gray_stained_glass"
    },
    {
      "char": "c",
      "block": "minecraft:smooth_stone_slab[waterlogged=false,type=bottom]"
    },
    {
      "char": "d",
      "block": "embellishcraft:steel_wall_ladder[waterlogged=false,facing=east]"
    },
    {
      "char": "e",
      "block": "embellishcraft:smooth_marble"
    },
    {
      "char": "f",
      "block": "embellishcraft:polished_marble"
    },
    {
      "char": "g",
      "block": "minecraft:dark_oak_door[hinge=left,half=lower,facing=east,open=false]"
    },
    {
      "char": "h",
      "block": "minecraft:dark_oak_door[hinge=right,half=lower,facing=east,open=false]"
    },
    {
      "char": "i",
      "block": "minecraft:cauldron"
    },
    {
      "char": "j",
      "block": "minecraft:furnace[lit=false,facing=north]"
    },
    {
      "char": "k",
      "block": "minecraft:furnace[lit=false,facing=south]"
    },
    {
      "char": "l",
      "block": "quark:framed_glass_pane[waterlogged=false]"
    },
    {
      "char": "m",
      "block": "minecraft:spruce_planks"
    },
    {
      "char": "n",
      "block": "minecraft:brown_bed[part=head,facing=east,occupied=false]"
    },
    {
      "char": "o",
      "block": "minecraft:brown_bed[part=foot,facing=east,occupied=false]"
    },
    {
      "char": "p",
      "block": "embellishcraft:smooth_basalt_wall[waterlogged=false,up=true]"
    },
    {
      "char": "q",
      "block": "minecraft:dark_oak_door[hinge=left,half=upper,facing=east,open=false]"
    },
    {
      "char": "r",
      "block": "minecraft:dark_oak_door[hinge=right,half=upper,facing=east,open=false]"
    },
    {
      "char": "s",
      "block": "minecraft:black_stained_glass_pane[waterlogged=false]"
    },
    {
      "char": "t",
      "block": "minecraft:quartz_block"
    }
  ]
}