{
  "name": "building_office2_floor2_palette_270",
  "palette": [
    {
      "char": "a",
      "block": "embellishcraft:smooth_marble"
    },
    {
      "char": "b",
      "block": "embellishcraft:smooth_basalt"
    },
    {
      "char": "c",
      "block": "embellishcraft:polished_marble"
    },
    {
      "char": "d",
      "block": "minecraft:gray_stained_glass"
    },
    {
      "char": "e",
      "block": "embellishcraft:smooth_basalt_slab[waterlogged=false,type=bottom]"
    },
    {
      "char": "f",
      "block": "embellishcraft:steel_rungs[waterlogged=false,facing=east]"
    },
    {
      "char": "g",
      "block": "minecraft:quartz_stairs[waterlogged=false,half=bottom,shape=straight,facing=north]"
    },
    {
      "char": "h",
      "block": "minecraft:smooth_stone"
    },
    {
      "char": "i",
      "block": "minecraft:quartz_stairs[waterlogged=false,half=bottom,shape=straight,facing=south]"
    },
    {
      "char": "j",
      "block": "cfm:cyan_kitchen_drawer[facing=west,open=false]",
      "loot": "chestloot"
    },
    {
      "char": "k",
      "block": "minecraft:spruce_fence[waterlogged=false]"
    },
    {
      "char": "l",
      "block": "cfm:cyan_kitchen_counter[facing=west,type=default]"
    },
    {
      "char": "m",
      "block": "minecraft:heavy_weighted_pressure_plate"
    },
    {
      "char": "n",
      "block": "cfm:oak_hedge[waterlogged=false]"
    },
    {
      "char": "o",
      "block": "minecraft:quartz_block"
    }
  ]
}