{
  "name": "building_bank1_ground_palette_180",
  "palette": [
    {
      "char": "a",
      "block": "embellishcraft:smooth_marble"
    },
    {
      "char": "b",
      "block": "minecraft:smooth_stone"
    },
    {
      "char": "c",
      "block": "embellishcraft:steel_wall_ladder[waterlogged=false,facing=west]"
    },
    {
      "char": "d",
      "block": "embellishcraft:smooth_marble_wall[east=tall,waterlogged=false,south=tall,north=none,west=none,up=true]"
    },
    {
      "char": "e",
      "block": "embellishcraft:smooth_marble_wall[east=none,waterlogged=false,south=tall,north=none,west=tall,up=true]"
    },
    {
      "char": "f",
      "block": "minecraft:light_gray_stained_glass"
    },
    {
      "char": "g",
      "block": "minecraft:gray_stained_glass"
    },
    {
      "char": "h",
      "block": "minecraft:observer[facing=north]"
    },
    {
      "char": "i",
      "block": "cfm:light_gray_kitchen_counter[facing=east,type=default]"
    },
    {
      "char": "j",
      "block": "minecraft:iron_door[hinge=left,half=lower,facing=west,open=false]"
    },
    {
      "char": "k",
      "block": "minecraft:quartz_stairs[waterlogged=false,half=bottom,shape=straight,facing=east]"
    },
    {
      "char": "l",
      "block": "quark:light_gray_stool[waterlogged=false]"
    },
    {
      "char": "m",
      "block": "minecraft:oak_fence[east=false,waterlogged=false,south=false,north=false,west=true]"
    },
    {
      "char": "n",
      "block": "embellishcraft:smooth_basalt"
    },
    {
      "char": "o",
      "block": "quark:iron_ladder[waterlogged=false,facing=west]"
    },
    {
      "char": "p",
      "block": "cfm:stripped_oak_coffee_table[east=true,waterlogged=false,south=false,north=false,west=false]"
    },
    {
      "char": "q",
      "block": "cfm:stripped_oak_coffee_table[east=false,waterlogged=false,south=false,north=false,west=true]"
    },
    {
      "char": "r",
      "block": "embellishcraft:sturdy_steel_door[hinge=left,half=lower,facing=west,open=false]"
    },
    {
      "char": "s",
      "block": "minecraft:cyan_terracotta"
    },
    {
      "char": "t",
      "block": "minecraft:quartz_slab[waterlogged=false,type=bottom]"
    },
    {
      "char": "u",
      "block": "embellishcraft:smooth_marble_wall[east=tall,waterlogged=false,south=none,north=tall,west=none,up=true]"
    },
    {
      "char": "w",
      "block": "embellishcraft:smooth_marble_wall[east=none,waterlogged=false,south=none,north=tall,west=tall,up=true]"
    },
    {
      "char": "x",
      "block": "minecraft:iron_door[hinge=left,half=upper,facing=west,open=false]"
    },
    {
      "char": "y",
      "block": "minecraft:redstone_torch[lit=true]"
    },
    {
      "char": "z",
      "block": "minecraft:potted_azure_bluet"
    },
    {
      "char": "A",
      "block": "cfm:oak_hedge[east=false,waterlogged=false,south=false,north=false,west=true]"
    },
    {
      "char": "B",
      "block": "embellishcraft:sturdy_steel_door[hinge=left,half=upper,facing=west,open=false]"
    },
    {
      "char": "C",
      "block": "embellishcraft:smooth_marble_wall[east=low,waterlogged=false,south=tall,north=none,west=none,up=true]"
    },
    {
      "char": "D",
      "block": "embellishcraft:smooth_marble_stairs[waterlogged=false,half=bottom,shape=straight,facing=east]"
    },
    {
      "char": "E",
      "block": "embellishcraft:smooth_marble_wall[east=none,waterlogged=false,south=low,north=none,west=tall,up=true]"
    },
    {
      "char": "F",
      "block": "embellishcraft:smooth_marble_stairs[waterlogged=false,half=bottom,shape=straight,facing=south]"
    },
    {
      "char": "I",
      "block": "embellishcraft:smooth_marble_stairs[waterlogged=false,half=bottom,shape=straight,facing=north]"
    },
    {
      "char": "J",
      "block": "embellishcraft:smooth_marble_wall[east=tall,waterlogged=false,south=none,north=low,west=none,up=true]"
    },
    {
      "char": "K",
      "block": "embellishcraft:smooth_marble_stairs[waterlogged=false,half=bottom,shape=straight,facing=west]"
    },
    {
      "char": "L",
      "block": "embellishcraft:smooth_marble_wall[east=none,waterlogged=false,south=none,north=tall,west=low,up=true]"
    },
    {
      "char": "M",
      "block": "embellishcraft:smooth_marble_wall[east=none,waterlogged=false,south=low,north=none,west=none,up=true]"
    },
    {
      "char": "N",
      "block": "embellishcraft:smooth_marble_wall[east=none,waterlogged=false,south=none,north=none,west=low,up=true]"
    },
    {
      "char": "O",
      "block": "embellishcraft:smooth_marble_wall[east=low,waterlogged=false,south=none,north=none,west=none,up=true]"
    },
    {
      "char": "P",
      "block": "embellishcraft:smooth_marble_wall[east=none,waterlogged=false,south=none,north=low,west=none,up=true]"
    },
    {
      "char": "Q",
      "block": "embellishcraft:smooth_marble_stairs[waterlogged=false,half=top,shape=straight,facing=west]"
    },
    {
      "char": "R",
      "block": "minecraft:quartz_slab[waterlogged=false,type=top]"
    },
    {
      "char": "T",
      "block": "embellishcraft:smooth_marble_stairs[waterlogged=false,half=top,shape=straight,facing=north]"
    },
    {
      "char": "U",
      "block": "embellishcraft:smooth_marble_stairs[waterlogged=false,half=top,shape=straight,facing=south]"
    },
    {
      "char": "V",
      "block": "embellishcraft:smooth_gneiss"
    },
    {
      "char": "W",
      "block": "minecraft:quartz_block"
    },
    {
      "char": "X",
      "block": "embellishcraft:smooth_marble_stairs[waterlogged=false,half=top,shape=straight,facing=east]"
    }
  ]
}