{
  "name": "building_hotel1_ground_palette_270",
  "palette": [
    {
      "char": "a",
      "block": "minecraft:oak_log[axis=x]"
    },
    {
      "char": "b",
      "block": "embellishcraft:smooth_marble"
    },
    {
      "char": "c",
      "block": "minecraft:spruce_planks"
    },
    {
      "char": "d",
      "block": "minecraft:cyan_terracotta"
    },
    {
      "char": "e",
      "block": "minecraft:oak_leaves"
    },
    {
      "char": "f",
      "block": "minecraft:bookshelf"
    },
    {
      "char": "g",
      "block": "embellishcraft:smooth_slate"
    },
    {
      "char": "h",
      "block": "immersiveengineering:slab_concrete[waterlogged=false,type=bottom]"
    },
    {
      "char": "i",
      "block": "minecraft:smooth_stone_slab[waterlogged=false,type=bottom]"
    },
    {
      "char": "j",
      "block": "minecraft:quartz_stairs[waterlogged=false,half=bottom,shape=straight,facing=north]"
    },
    {
      "char": "k",
      "block": "minecraft:iron_bars[waterlogged=false]"
    },
    {
      "char": "l",
      "block": "quark:iron_rod[facing=up]"
    },
    {
      "char": "m",
      "block": "embellishcraft:smooth_slate_slab[waterlogged=false,type=bottom]"
    },
    {
      "char": "n",
      "block": "minecraft:gray_stained_glass"
    },
    {
      "char": "o",
      "block": "minecraft:gray_stained_glass_pane[waterlogged=false]"
    },
    {
      "char": "p",
      "block": "minecraft:iron_door[hinge=right,half=lower,facing=north,open=false]"
    },
    {
      "char": "q",
      "block": "minecraft:dark_oak_door[hinge=right,half=lower,facing=west,open=false]"
    },
    {
      "char": "r",
      "block": "minecraft:quartz_stairs[waterlogged=false,half=bottom,shape=straight,facing=east]"
    },
    {
      "char": "s",
      "block": "minecraft:iron_door[hinge=left,half=lower,facing=north,open=false]"
    },
    {
      "char": "t",
      "block": "cfm:gray_kitchen_counter[facing=west,type=default]"
    },
    {
      "char": "u",
      "block": "cfm:gray_kitchen_counter[facing=north,type=right_corner_inverted]"
    },
    {
      "char": "w",
      "block": "minecraft:cauldron"
    },
    {
      "char": "x",
      "block": "embellishcraft:smooth_slate_stairs[waterlogged=false,half=bottom,shape=straight,facing=west]"
    },
    {
      "char": "y",
      "block": "cfm:gray_kitchen_counter[facing=north,type=default]"
    },
    {
      "char": "z",
      "block": "cfm:oak_hedge[waterlogged=false]"
    },
    {
      "char": "A",
      "block": "minecraft:iron_door[hinge=right,half=upper,facing=north,open=false]"
    },
    {
      "char": "B",
      "block": "minecraft:dark_oak_door[hinge=right,half=upper,facing=west,open=false]"
    },
    {
      "char": "C",
      "block": "minecraft:iron_door[hinge=left,half=upper,facing=north,open=false]"
    },
    {
      "char": "D",
      "block": "another_furniture:service_bell[waterlogged=false]"
    },
    {
      "char": "E",
      "block": "minecraft:cobweb"
    },
    {
      "char": "F",
      "block": "minecraft:quartz_block"
    }
  ]
}