{
  "name": "building_apartment1_ground_palette",
  "palette": [
    {
      "char": "a",
      "block": "minecraft:smooth_stone"
    },
    {
      "char": "b",
      "block": "minecraft:smooth_quartz"
    },
    {
      "char": "c",
      "block": "minecraft:smooth_quartz_stairs[waterlogged=false,half=top,shape=straight,facing=south]"
    },
    {
      "char": "d",
      "block": "create:vertical_framed_glass_pane[east=false,waterlogged=false,south=true,north=true,west=false]"
    },
    {
      "char": "e",
      "block": "another_furniture:light_gray_sofa[waterlogged=false,facing=south,type=left]"
    },
    {
      "char": "f",
      "block": "another_furniture:light_gray_sofa[waterlogged=false,facing=south,type=right]"
    },
    {
      "char": "g",
      "block": "minecraft:bookshelf"
    },
    {
      "char": "h",
      "block": "minecraft:cauldron"
    },
    {
      "char": "i",
      "block": "minecraft:quartz_stairs[waterlogged=false,half=top,shape=straight,facing=north]"
    },
    {
      "char": "j",
      "block": "minecraft:dark_oak_trapdoor[waterlogged=false,half=bottom,facing=north,open=true]"
    },
    {
      "char": "k",
      "block": "minecraft:dark_oak_trapdoor[waterlogged=false,half=bottom,facing=west,open=true]"
    },
    {
      "char": "l",
      "block": "minecraft:green_wool"
    },
    {
      "char": "m",
      "block": "minecraft:dark_oak_trapdoor[waterlogged=false,half=bottom,facing=east,open=true]"
    },
    {
      "char": "n",
      "block": "another_furniture:light_gray_sofa[waterlogged=false,facing=west,type=single]"
    },
    {
      "char": "o",
      "block": "embellishcraft:oak_plain_door[hinge=right,half=lower,facing=south,open=false]"
    },
    {
      "char": "p",
      "block": "quark:oak_hedge[east=false,waterlogged=false,south=false,north=false,west=false]"
    },
    {
      "char": "q",
      "block": "embellishcraft:smooth_marble_wall[east=tall,waterlogged=false,south=none,north=tall,west=none,up=true]"
    },
    {
      "char": "r",
      "block": "embellishcraft:smooth_marble"
    },
    {
      "char": "s",
      "block": "minecraft:dark_oak_trapdoor[waterlogged=false,half=bottom,facing=south,open=true]"
    },
    {
      "char": "t",
      "block": "create:framed_glass_door[hinge=right,half=lower,facing=west,open=false]"
    },
    {
      "char": "u",
      "block": "minecraft:stone_pressure_plate"
    },
    {
      "char": "w",
      "block": "simplylight:illuminant_block"
    },
    {
      "char": "x",
      "block": "create:framed_glass_door[hinge=left,half=lower,facing=west,open=false]"
    },
    {
      "char": "y",
      "block": "another_furniture:light_gray_sofa[waterlogged=false,facing=north,type=right]"
    },
    {
      "char": "z",
      "block": "another_furniture:light_gray_sofa[waterlogged=false,facing=north,type=left]"
    },
    {
      "char": "A",
      "block": "embellishcraft:smooth_marble_wall[east=tall,waterlogged=false,south=tall,north=none,west=none,up=true]"
    },
    {
      "char": "B",
      "block": "minecraft:iron_door[hinge=right,half=lower,facing=west,open=false]"
    },
    {
      "char": "C",
      "block": "minecraft:birch_planks"
    },
    {
      "char": "D",
      "block": "minecraft:cyan_terracotta"
    },
    {
      "char": "E",
      "block": "minecraft:iron_door[hinge=left,half=lower,facing=west,open=false]"
    },
    {
      "char": "F",
      "block": "embellishcraft:smooth_marble_stairs[waterlogged=false,half=bottom,shape=straight,facing=south]"
    },
    {
      "char": "I",
      "block": "minecraft:smooth_quartz_stairs[waterlogged=false,half=bottom,shape=straight,facing=south]"
    },
    {
      "char": "J",
      "block": "minecraft:birch_slab[waterlogged=false,type=bottom]"
    },
    {
      "char": "K",
      "block": "create:vertical_framed_glass_pane[east=true,waterlogged=false,south=false,north=true,west=false]"
    },
    {
      "char": "L",
      "block": "create:vertical_framed_glass_pane[east=true,waterlogged=false,south=false,north=false,west=true]"
    },
    {
      "char": "M",
      "block": "embellishcraft:smooth_marble_wall[east=tall,waterlogged=false,south=none,north=none,west=tall,up=false]"
    },
    {
      "char": "N",
      "block": "minecraft:iron_trapdoor[waterlogged=false,half=bottom,facing=north,open=false]"
    },
    {
      "char": "O",
      "block": "embellishcraft:oak_plain_door[hinge=right,half=upper,facing=south,open=false]"
    },
    {
      "char": "P",
      "block": "create:framed_glass_door[hinge=right,half=upper,facing=west,open=false]"
    },
    {
      "char": "Q",
      "block": "create:framed_glass_door[hinge=left,half=upper,facing=west,open=false]"
    },
    {
      "char": "R",
      "block": "minecraft:iron_door[hinge=right,half=upper,facing=west,open=false]"
    },
    {
      "char": "T",
      "block": "minecraft:birch_stairs[waterlogged=false,half=bottom,shape=straight,facing=north]"
    },
    {
      "char": "U",
      "block": "another_furniture:service_bell[waterlogged=false]"
    },
    {
      "char": "V",
      "block": "minecraft:iron_door[hinge=left,half=upper,facing=west,open=false]"
    },
    {
      "char": "W",
      "block": "embellishcraft:smooth_marble_stairs[waterlogged=false,half=top,shape=straight,facing=east]"
    },
    {
      "char": "X",
      "block": "minecraft:smooth_quartz_stairs[waterlogged=false,half=top,shape=straight,facing=north]"
    },
    {
      "char": "Y",
      "block": "create:framed_glass_trapdoor[waterlogged=false,half=bottom,facing=west,open=true]"
    },
    {
      "char": "Z",
      "block": "minecraft:smooth_quartz_stairs[waterlogged=false,half=top,shape=straight,facing=east]"
    },
    {
      "char": "0",
      "block": "embellishcraft:smooth_marble_stairs[waterlogged=false,half=bottom,shape=straight,facing=west]"
    },
    {
      "char": "1",
      "block": "minecraft:birch_slab[waterlogged=false,type=top]"
    },
    {
      "char": "2",
      "block": "minecraft:birch_stairs[waterlogged=false,half=top,shape=straight,facing=east]"
    },
    {
      "char": "3",
      "block": "embellishcraft:smooth_marble_wall[east=none,waterlogged=false,south=tall,north=tall,west=none,up=false]"
    },
    {
      "char": "4",
      "block": "embellishcraft:smooth_marble_stairs[waterlogged=false,half=top,shape=straight,facing=south]"
    },
    {
      "char": "5",
      "block": "minecraft:birch_stairs[waterlogged=false,half=bottom,shape=straight,facing=west]"
    },
    {
      "char": "6",
      "block": "minecraft:quartz_block"
    },
    {
      "char": "7",
      "block": "minecraft:chain[waterlogged=false,axis=y]"
    },
    {
      "char": "8",
      "block": "simplylight:illuminant_block_on"
    },
    {
      "char": "9",
      "block": "embellishcraft:smooth_marble_stairs[waterlogged=false,half=bottom,shape=straight,facing=north]"
    }
  ]
}