{
  "name": "building_restaurant2_floor1_palette_180",
  "palette": [
    {
      "char": "a",
      "block": "minecraft:smooth_quartz_slab[waterlogged=false,type=bottom]"
    },
    {
      "char": "b",
      "block": "minecraft:smooth_stone"
    },
    {
      "char": "c",
      "block": "minecraft:cobweb"
    },
    {
      "char": "d",
      "block": "embellishcraft:air_duct"
    },
    {
      "char": "e",
      "block": "embellishcraft:vent_air_duct[facing=east]"
    }
  ]
}