{
  "name": "building_policeoffice1_base2_palette_180",
  "palette": [
    {
      "char": "a",
      "block": "embellishcraft:smooth_basalt"
    },
    {
      "char": "b",
      "block": "embellishcraft:polished_marble"
    },
    {
      "char": "c",
      "block": "embellishcraft:smooth_marble"
    },
    {
      "char": "d",
      "block": "minecraft:emerald_block"
    },
    {
      "char": "e",
      "block": "quark:gray_framed_glass"
    },
    {
      "char": "f",
      "block": "quark:gunpowder_sack"
    },
    {
      "char": "g",
      "block": "minecraft:redstone_torch[lit=true]"
    },
    {
      "char": "h",
      "block": "minecraft:gold_block"
    },
    {
      "char": "i",
      "block": "minecraft:iron_door[hinge=left,half=lower,facing=west,open=false]"
    },
    {
      "char": "j",
      "block": "minecraft:chest",
      "loot": "chestloot"
    },
    {
      "char": "k",
      "block": "minecraft:smooth_stone"
    },
    {
      "char": "l",
      "block": "minecraft:cyan_terracotta"
    },
    {
      "char": "m",
      "block": "minecraft:iron_block"
    },
    {
      "char": "n",
      "block": "cfm:cyan_kitchen_counter[facing=west,type=default]"
    },
    {
      "char": "o",
      "block": "embellishcraft:steel_wall_ladder[waterlogged=false,facing=west]"
    },
    {
      "char": "p",
      "block": "embellishcraft:smooth_slate_stairs[waterlogged=false,half=bottom,shape=straight,facing=east]"
    },
    {
      "char": "q",
      "block": "minecraft:iron_door[hinge=right,half=lower,facing=west,open=false]"
    },
    {
      "char": "r",
      "block": "minecraft:iron_door[hinge=left,half=upper,facing=west,open=false]"
    },
    {
      "char": "s",
      "block": "minecraft:iron_door[hinge=right,half=upper,facing=west,open=false]"
    },
    {
      "char": "t",
      "block": "minecraft:cobweb"
    },
    {
      "char": "u",
      "block": "minecraft:quartz_block"
    }
  ]
}