{
  "name": "building_policeoffice1_top_palette_90",
  "palette": [
    {
      "char": "a",
      "block": "minecraft:white_concrete"
    },
    {
      "char": "b",
      "block": "embellishcraft:polished_marble"
    },
    {
      "char": "c",
      "block": "minecraft:cyan_terracotta"
    },
    {
      "char": "d",
      "block": "minecraft:cyan_stained_glass_pane[waterlogged=false]"
    },
    {
      "char": "e",
      "block": "quark:iron_ladder[waterlogged=false,facing=north]"
    },
    {
      "char": "f",
      "block": "minecraft:gold_block"
    },
    {
      "char": "g",
      "block": "embellishcraft:smooth_basalt"
    },
    {
      "char": "h",
      "block": "embellishcraft:air_duct"
    },
    {
      "char": "i",
      "block": "immersiveengineering:concrete_three_quarter"
    },
    {
      "char": "j",
      "block": "embellishcraft:smooth_slate_stairs[waterlogged=false,half=bottom,shape=straight,facing=south]"
    },
    {
      "char": "k",
      "block": "minecraft:chest",
      "loot": "chestloot"
    },
    {
      "char": "l",
      "block": "minecraft:gray_stained_glass_pane[waterlogged=false]"
    },
    {
      "char": "m",
      "block": "immersiveengineering:razor_wire[waterlogged=false,facing=west]"
    },
    {
      "char": "n",
      "block": "immersiveengineering:razor_wire[waterlogged=false,facing=south]"
    },
    {
      "char": "o",
      "block": "immersiveengineering:razor_wire[waterlogged=false,facing=north]"
    },
    {
      "char": "p",
      "block": "embellishcraft:smooth_slate"
    },
    {
      "char": "q",
      "block": "embellishcraft:smooth_basalt_wall[waterlogged=false,up=true]"
    },
    {
      "char": "r",
      "block": "minecraft:iron_bars[waterlogged=false]"
    }
  ]
}