{
  "name": "building_office3_floor1_palette_180",
  "palette": [
    {
      "char": "a",
      "block": "embellishcraft:smooth_marble_slab[waterlogged=false,type=bottom]"
    },
    {
      "char": "b",
      "block": "embellishcraft:smooth_marble"
    },
    {
      "char": "c",
      "block": "minecraft:smooth_stone"
    },
    {
      "char": "d",
      "block": "quark:spruce_ladder[waterlogged=false,facing=west]"
    },
    {
      "char": "e",
      "block": "immersiveengineering:concrete_three_quarter"
    },
    {
      "char": "f",
      "block": "minecraft:stone_brick_wall[east=none,waterlogged=false,south=none,north=none,west=none,up=true]"
    },
    {
      "char": "g",
      "block": "minecraft:quartz_stairs[waterlogged=false,half=bottom,shape=straight,facing=south]"
    },
    {
      "char": "h",
      "block": "minecraft:quartz_stairs[waterlogged=false,half=bottom,shape=straight,facing=east]"
    },
    {
      "char": "i",
      "block": "quark:iron_rod[facing=up]"
    },
    {
      "char": "j",
      "block": "minecraft:quartz_stairs[waterlogged=false,half=bottom,shape=straight,facing=west]"
    },
    {
      "char": "k",
      "block": "minecraft:quartz_stairs[waterlogged=false,half=bottom,shape=straight,facing=north]"
    },
    {
      "char": "l",
      "block": "minecraft:quartz_stairs[waterlogged=false,half=bottom,shape=inner_left,facing=south]"
    },
    {
      "char": "m",
      "block": "cfm:cyan_kitchen_drawer[facing=west,open=false]",
      "loot": "chestloot"
    },
    {
      "char": "n",
      "block": "cfm:cyan_kitchen_counter[facing=west,type=default]"
    },
    {
      "char": "o",
      "block": "minecraft:quartz_stairs[waterlogged=false,half=bottom,shape=inner_right,facing=north]"
    },
    {
      "char": "p",
      "block": "minecraft:gray_terracotta"
    },
    {
      "char": "q",
      "block": "minecraft:gray_stained_glass_pane[east=true,waterlogged=false,south=true,north=false,west=false]"
    },
    {
      "char": "r",
      "block": "minecraft:gray_stained_glass_pane[east=true,waterlogged=false,south=false,north=false,west=true]"
    },
    {
      "char": "s",
      "block": "minecraft:gray_stained_glass_pane[east=false,waterlogged=false,south=true,north=false,west=true]"
    },
    {
      "char": "t",
      "block": "minecraft:gray_stained_glass_pane[east=false,waterlogged=false,south=true,north=true,west=false]"
    },
    {
      "char": "u",
      "block": "immersiveengineering:concrete_quarter"
    },
    {
      "char": "w",
      "block": "minecraft:bookshelf"
    },
    {
      "char": "x",
      "block": "minecraft:gray_stained_glass_pane[east=true,waterlogged=false,south=false,north=true,west=false]"
    },
    {
      "char": "y",
      "block": "minecraft:gray_stained_glass_pane[east=false,waterlogged=false,south=false,north=true,west=true]"
    },
    {
      "char": "z",
      "block": "embellishcraft:smooth_basalt_slab[waterlogged=false,type=bottom]"
    },
    {
      "char": "A",
      "block": "minecraft:stone_brick_wall[east=tall,waterlogged=false,south=tall,north=none,west=none,up=true]"
    },
    {
      "char": "B",
      "block": "minecraft:quartz_block"
    },
    {
      "char": "C",
      "block": "minecraft:stone_brick_wall[east=none,waterlogged=false,south=tall,north=none,west=tall,up=true]"
    },
    {
      "char": "D",
      "block": "minecraft:stone_brick_wall[east=tall,waterlogged=false,south=none,north=tall,west=none,up=true]"
    },
    {
      "char": "E",
      "block": "minecraft:stone_brick_wall[east=none,waterlogged=false,south=none,north=tall,west=tall,up=true]"
    }
  ]
}