{
  "name": "building_gasstation1_ground_palette_270",
  "palette": [
    {
      "char": "a",
      "block": "minecraft:smooth_stone"
    },
    {
      "char": "b",
      "block": "minecraft:stone"
    },
    {
      "char": "c",
      "block": "simplylight:illuminant_yellow_block"
    },
    {
      "char": "d",
      "block": "car:line_side_long_left[facing=north]"
    },
    {
      "char": "e",
      "block": "car:line_side_long_left[facing=east]"
    },
    {
      "char": "f",
      "block": "minecraft:smooth_stone_slab[waterlogged=false,type=bottom]"
    },
    {
      "char": "g",
      "block": "car:line_side_long_left[facing=west]"
    },
    {
      "char": "h",
      "block": "car:line_side_long_left[facing=south]"
    },
    {
      "char": "i",
      "block": "embellishcraft:smooth_marble_wall[waterlogged=false,up=true]"
    },
    {
      "char": "j",
      "block": "embellishcraft:smooth_marble"
    },
    {
      "char": "k",
      "block": "car:line_side_long_left_yellow[facing=north]"
    },
    {
      "char": "l",
      "block": "car:line_side_long_left_yellow[facing=east]"
    },
    {
      "char": "m",
      "block": "car:gas_station[facing=north]",
      "tag": {
        "fluid": {
          "FluidName": "immersivepetroleum:gasoline",
          "Amount": 4000
        }
      }
    },
    {
      "char": "n",
      "block": "cfm:freezer_light[facing=east,open=false]"
    },
    {
      "char": "o",
      "block": "quark:birch_bookshelf"
    },
    {
      "char": "p",
      "block": "create:birch_window"
    },
    {
      "char": "q",
      "block": "create:vertical_framed_glass"
    },
    {
      "char": "r",
      "block": "minecraft:cobweb"
    },
    {
      "char": "s",
      "block": "car:line_side_long_left_yellow[facing=west]"
    },
    {
      "char": "t",
      "block": "car:line_side_long_left_yellow[facing=south]"
    },
    {
      "char": "u",
      "block": "create:framed_glass_door[hinge=right,half=lower,facing=north,open=true]"
    },
    {
      "char": "w",
      "block": "immersiveengineering:slab_sheetmetal_iron[waterlogged=false,type=double]"
    },
    {
      "char": "x",
      "block": "create:framed_glass_door[hinge=left,half=lower,facing=north,open=true]"
    },
    {
      "char": "y",
      "block": "immersiveengineering:slab_sheetmetal_iron[waterlogged=false,type=bottom]"
    },
    {
      "char": "A",
      "block": "cfm:yellow_kitchen_counter[facing=west,type=default]"
    },
    {
      "char": "B",
      "block": "embellishcraft:birch_plain_door[hinge=right,half=lower,facing=east,open=false]"
    },
    {
      "char": "C",
      "block": "cfm:yellow_kitchen_counter[facing=south,type=default]"
    },
    {
      "char": "D",
      "block": "cfm:birch_kitchen_sink_light[facing=north]"
    },
    {
      "char": "E",
      "block": "cfm:stripped_birch_chair[waterlogged=false,facing=south]"
    },
    {
      "char": "F",
      "block": "minecraft:quartz_stairs[waterlogged=false,half=top,shape=straight,facing=north]"
    },
    {
      "char": "I",
      "block": "car:gas_station_top[facing=north]"
    },
    {
      "char": "J",
      "block": "cfm:fridge_light[facing=east,open=false]",
      "loot": "chestloot"
    },
    {
      "char": "K",
      "block": "create:framed_glass_door[hinge=right,half=upper,facing=north,open=true]"
    },
    {
      "char": "L",
      "block": "create:framed_glass_door[hinge=left,half=upper,facing=north,open=true]"
    },
    {
      "char": "M",
      "block": "another_furniture:service_bell[waterlogged=false]"
    },
    {
      "char": "N",
      "block": "embellishcraft:birch_plain_door[hinge=right,half=upper,facing=east,open=false]"
    },
    {
      "char": "O",
      "block": "quark:framed_glass_pane[waterlogged=false]"
    },
    {
      "char": "P",
      "block": "minecraft:iron_trapdoor[waterlogged=false,half=bottom,facing=south,open=false]"
    },
    {
      "char": "Q",
      "block": "simplylight:illuminant_yellow_block_on"
    },
    {
      "char": "R",
      "block": "minecraft:yellow_terracotta"
    },
    {
      "char": "S",
      "block": "create:vertical_framed_glass_pane[waterlogged=false]"
    },
    {
      "char": "T",
      "block": "simplylight:illuminant_panel[waterlogged=false,facing=down]"
    },
    {
      "char": "U",
      "block": "minecraft:chain[waterlogged=false,axis=y]",
      "tag": {
        "conditionMet": 1,
        "auto": 1,
        "Command": "fill ~-1 ~ ~ ~ ~ ~ immersivepetroleum:asphalt"
      }
    },
    {
      "char": "V",
      "block": "minecraft:quartz_slab[waterlogged=false,type=top]"
    },
    {
      "char": "W",
      "block": "embellishcraft:gray_corrugated_metal_plate_slab[waterlogged=false,type=bottom]"
    }
  ]
}