{
  "name": "building_office4_floor1_palette_90",
  "palette": [
    {
      "char": "a",
      "block": "minecraft:cyan_terracotta"
    },
    {
      "char": "b",
      "block": "minecraft:gray_concrete_powder"
    },
    {
      "char": "c",
      "block": "embellishcraft:smooth_marble_slab[waterlogged=false,type=bottom]"
    },
    {
      "char": "d",
      "block": "embellishcraft:smooth_basalt"
    },
    {
      "char": "e",
      "block": "minecraft:light_gray_wool"
    },
    {
      "char": "f",
      "block": "quark:spruce_ladder[waterlogged=false,facing=north]"
    },
    {
      "char": "g",
      "block": "minecraft:light_gray_stained_glass"
    },
    {
      "char": "h",
      "block": "cfm:green_kitchen_counter[facing=west,type=default]"
    },
    {
      "char": "i",
      "block": "cfm:green_kitchen_drawer[facing=west,open=false]",
      "loot": "chestloot"
    },
    {
      "char": "j",
      "block": "minecraft:spruce_stairs[waterlogged=false,half=bottom,shape=straight,facing=east]"
    },
    {
      "char": "k",
      "block": "minecraft:quartz_stairs[waterlogged=false,half=bottom,shape=inner_left,facing=west]"
    },
    {
      "char": "l",
      "block": "minecraft:quartz_stairs[waterlogged=false,half=bottom,shape=straight,facing=west]"
    },
    {
      "char": "m",
      "block": "minecraft:quartz_stairs[waterlogged=false,half=bottom,shape=inner_right,facing=west]"
    },
    {
      "char": "n",
      "block": "minecraft:spruce_stairs[waterlogged=false,half=bottom,shape=straight,facing=south]"
    },
    {
      "char": "o",
      "block": "minecraft:green_terracotta"
    },
    {
      "char": "p",
      "block": "minecraft:quartz_stairs[waterlogged=false,half=bottom,shape=straight,facing=south]"
    },
    {
      "char": "q",
      "block": "minecraft:quartz_stairs[waterlogged=false,half=bottom,shape=straight,facing=north]"
    },
    {
      "char": "r",
      "block": "minecraft:quartz_stairs[waterlogged=false,half=bottom,shape=inner_right,facing=east]"
    },
    {
      "char": "s",
      "block": "minecraft:quartz_stairs[waterlogged=false,half=bottom,shape=straight,facing=east]"
    },
    {
      "char": "t",
      "block": "minecraft:quartz_stairs[waterlogged=false,half=bottom,shape=inner_left,facing=east]"
    },
    {
      "char": "u",
      "block": "minecraft:spruce_stairs[waterlogged=false,half=bottom,shape=straight,facing=west]"
    },
    {
      "char": "w",
      "block": "cfm:green_kitchen_counter[facing=east,type=default]"
    },
    {
      "char": "x",
      "block": "minecraft:quartz_block"
    }
  ]
}