{
  "name": "building_bank1_top_palette_180",
  "palette": [
    {
      "char": "a",
      "block": "embellishcraft:smooth_marble_slab[waterlogged=false,type=top]"
    },
    {
      "char": "b",
      "block": "embellishcraft:smooth_marble"
    },
    {
      "char": "c",
      "block": "embellishcraft:smooth_marble_slab[waterlogged=false,type=bottom]"
    },
    {
      "char": "d",
      "block": "minecraft:smooth_stone"
    },
    {
      "char": "e",
      "block": "embellishcraft:smooth_marble_wall[east=tall,waterlogged=false,south=tall,north=none,west=none,up=true]"
    },
    {
      "char": "f",
      "block": "embellishcraft:smooth_marble_wall[east=none,waterlogged=false,south=tall,north=none,west=tall,up=true]"
    },
    {
      "char": "g",
      "block": "minecraft:light_gray_stained_glass"
    },
    {
      "char": "h",
      "block": "minecraft:gray_stained_glass"
    },
    {
      "char": "i",
      "block": "cfm:cyan_kitchen_counter[facing=west,type=left_corner_inverted]"
    },
    {
      "char": "j",
      "block": "cfm:cyan_kitchen_counter[facing=north,type=default]"
    },
    {
      "char": "k",
      "block": "cfm:cyan_kitchen_drawer[facing=south,open=false]",
      "loot": "chestloot"
    },
    {
      "char": "l",
      "block": "cfm:white_sofa[waterlogged=false,facing=east,type=single]"
    },
    {
      "char": "m",
      "block": "cfm:cyan_kitchen_drawer[facing=east,open=false]",
      "loot": "chestloot"
    },
    {
      "char": "n",
      "block": "cfm:cyan_kitchen_counter[facing=east,type=default]"
    },
    {
      "char": "o",
      "block": "cfm:light_gray_sofa[waterlogged=false,facing=west,type=single]"
    },
    {
      "char": "p",
      "block": "cfm:cyan_kitchen_counter[facing=west,type=right_corner_inverted]"
    },
    {
      "char": "q",
      "block": "cfm:cyan_kitchen_counter[facing=south,type=default]"
    },
    {
      "char": "r",
      "block": "quark:acacia_bookshelf"
    },
    {
      "char": "s",
      "block": "minecraft:spruce_trapdoor[waterlogged=false,half=bottom,facing=south,open=true]"
    },
    {
      "char": "t",
      "block": "minecraft:stripped_dark_oak_log[axis=y]"
    },
    {
      "char": "u",
      "block": "minecraft:oak_leaves"
    },
    {
      "char": "w",
      "block": "minecraft:stripped_dark_oak_log[axis=z]"
    },
    {
      "char": "x",
      "block": "embellishcraft:smooth_marble_wall[east=tall,waterlogged=false,south=none,north=tall,west=none,up=true]"
    },
    {
      "char": "y",
      "block": "embellishcraft:smooth_marble_wall[east=none,waterlogged=false,south=none,north=tall,west=tall,up=true]"
    },
    {
      "char": "z",
      "block": "embellishcraft:smooth_marble_wall[east=low,waterlogged=false,south=low,north=none,west=none,up=true]"
    },
    {
      "char": "A",
      "block": "embellishcraft:smooth_marble_wall[east=none,waterlogged=false,south=low,north=none,west=low,up=true]"
    },
    {
      "char": "B",
      "block": "minecraft:potted_blue_orchid"
    },
    {
      "char": "C",
      "block": "minecraft:potted_lily_of_the_valley"
    },
    {
      "char": "D",
      "block": "embellishcraft:smooth_marble_wall[east=low,waterlogged=false,south=none,north=low,west=none,up=true]"
    },
    {
      "char": "E",
      "block": "embellishcraft:smooth_marble_wall[east=none,waterlogged=false,south=none,north=low,west=low,up=true]"
    },
    {
      "char": "F",
      "block": "simplylight:illuminant_panel[waterlogged=false,facing=down]"
    }
  ]
}