{
  "name": "building_carservice1_top_palette_90",
  "palette": [
    {
      "char": "a",
      "block": "minecraft:smooth_stone"
    },
    {
      "char": "b",
      "block": "immersivepetroleum:asphalt_slab[waterlogged=false,type=bottom]"
    },
    {
      "char": "c",
      "block": "quark:limestone_slab[waterlogged=false,type=top]"
    },
    {
      "char": "d",
      "block": "minecraft:black_stained_glass_pane[waterlogged=false]"
    },
    {
      "char": "e",
      "block": "embellishcraft:smooth_marble"
    },
    {
      "char": "f",
      "block": "quark:limestone"
    },
    {
      "char": "g",
      "block": "embellishcraft:steel_rungs[waterlogged=false,facing=west]"
    },
    {
      "char": "h",
      "block": "minecraft:stone_slab[waterlogged=false,type=top]"
    },
    {
      "char": "i",
      "block": "minecraft:stone"
    },
    {
      "char": "j",
      "block": "quark:smooth_stone_vertical_slab[waterlogged=false,type=west]"
    },
    {
      "char": "k",
      "block": "cfm:cyan_kitchen_counter[facing=west,type=default]"
    },
    {
      "char": "l",
      "block": "cfm:oak_hedge[waterlogged=false]"
    },
    {
      "char": "m",
      "block": "minecraft:bookshelf"
    },
    {
      "char": "n",
      "block": "minecraft:daylight_detector"
    },
    {
      "char": "o",
      "block": "minecraft:gray_stained_glass_pane[waterlogged=false]"
    },
    {
      "char": "p",
      "block": "minecraft:black_terracotta"
    },
    {
      "char": "q",
      "block": "embellishcraft:gray_couch[waterlogged=false,shape=straight,facing=north]"
    },
    {
      "char": "r",
      "block": "quark:iron_button[face=wall,facing=west]"
    },
    {
      "char": "s",
      "block": "embellishcraft:smooth_basalt"
    },
    {
      "char": "t",
      "block": "minecraft:coal_block"
    },
    {
      "char": "u",
      "block": "embellishcraft:smooth_basalt_slab[waterlogged=false,type=bottom]"
    },
    {
      "char": "w",
      "block": "minecraft:polished_andesite_stairs[waterlogged=false,half=bottom,shape=straight,facing=south]"
    },
    {
      "char": "x",
      "block": "minecraft:chest",
      "loot": "chestloot"
    },
    {
      "char": "y",
      "block": "quark:iron_button[face=wall,facing=east]"
    },
    {
      "char": "A",
      "block": "minecraft:redstone_torch[lit=true]"
    },
    {
      "char": "B",
      "block": "embellishcraft:smooth_basalt_slab[waterlogged=false,type=top]"
    },
    {
      "char": "C",
      "block": "minecraft:black_stained_glass"
    },
    {
      "char": "D",
      "block": "minecraft:smooth_stone_slab[waterlogged=false,type=top]"
    },
    {
      "char": "E",
      "block": "minecraft:iron_bars[waterlogged=false]"
    },
    {
      "char": "F",
      "block": "minecraft:gray_stained_glass"
    }
  ]
}