{
  "name": "building_office5_ground_palette_90",
  "palette": [
    {
      "char": "a",
      "block": "minecraft:smooth_stone"
    },
    {
      "char": "b",
      "block": "quark:limestone_wall[waterlogged=false,up=true]"
    },
    {
      "char": "c",
      "block": "quark:limestone"
    },
    {
      "char": "d",
      "block": "minecraft:smooth_quartz"
    },
    {
      "char": "e",
      "block": "create:vertical_framed_glass"
    },
    {
      "char": "f",
      "block": "cfm:stripped_dark_oak_coffee_table[waterlogged=false]"
    },
    {
      "char": "g",
      "block": "embellishcraft:light_gray_couch[waterlogged=false,shape=straight,facing=west]"
    },
    {
      "char": "h",
      "block": "quark:framed_glass_pane[waterlogged=false]"
    },
    {
      "char": "i",
      "block": "minecraft:grass"
    },
    {
      "char": "j",
      "block": "minecraft:pink_tulip"
    },
    {
      "char": "k",
      "block": "minecraft:peony[half=lower]"
    },
    {
      "char": "l",
      "block": "embellishcraft:light_gray_couch[waterlogged=false,shape=straight,facing=east]"
    },
    {
      "char": "m",
      "block": "quark:dark_oak_hedge[waterlogged=false]"
    },
    {
      "char": "n",
      "block": "immersiveengineering:metal_ladder_none[waterlogged=false,facing=east]"
    },
    {
      "char": "o",
      "block": "minecraft:dark_oak_door[hinge=right,half=lower,facing=south,open=false]"
    },
    {
      "char": "p",
      "block": "minecraft:dark_oak_door[hinge=left,half=lower,facing=south,open=false]"
    },
    {
      "char": "q",
      "block": "quark:light_gray_stool[waterlogged=false]"
    },
    {
      "char": "r",
      "block": "cfm:gray_kitchen_counter[facing=east,type=right_corner_inverted]"
    },
    {
      "char": "s",
      "block": "cfm:gray_kitchen_counter[facing=east,type=default]"
    },
    {
      "char": "t",
      "block": "cfm:gray_kitchen_counter[facing=east,type=left_corner_inverted]"
    },
    {
      "char": "u",
      "block": "cfm:gray_kitchen_counter[facing=north,type=default]"
    },
    {
      "char": "w",
      "block": "cfm:gray_kitchen_counter[facing=south,type=default]"
    },
    {
      "char": "x",
      "block": "quark:dark_oak_post[waterlogged=false,chain_up=false,axis=y]"
    },
    {
      "char": "y",
      "block": "minecraft:dark_oak_stairs[waterlogged=false,half=bottom,shape=straight,facing=east]"
    },
    {
      "char": "A",
      "block": "minecraft:peony[half=upper]"
    },
    {
      "char": "B",
      "block": "minecraft:dark_oak_door[hinge=right,half=upper,facing=south,open=false]"
    },
    {
      "char": "C",
      "block": "minecraft:dark_oak_door[hinge=left,half=upper,facing=south,open=false]"
    },
    {
      "char": "D",
      "block": "minecraft:heavy_weighted_pressure_plate"
    },
    {
      "char": "E",
      "block": "minecraft:iron_bars[waterlogged=false]"
    },
    {
      "char": "F",
      "block": "quark:limestone_slab[waterlogged=false,type=top]"
    },
    {
      "char": "I",
      "block": "quark:iron_rod[facing=down]"
    },
    {
      "char": "J",
      "block": "minecraft:quartz_block"
    },
    {
      "char": "K",
      "block": "minecraft:quartz_slab[waterlogged=false,type=top]"
    },
    {
      "char": "L",
      "block": "minecraft:polished_andesite"
    }
  ]
}