{
  "name": "building_office4_floor2_palette",
  "palette": [
    {
      "char": "a",
      "block": "minecraft:cyan_terracotta"
    },
    {
      "char": "b",
      "block": "minecraft:gray_concrete_powder"
    },
    {
      "char": "c",
      "block": "embellishcraft:smooth_marble_slab[waterlogged=false,type=bottom]"
    },
    {
      "char": "d",
      "block": "embellishcraft:smooth_basalt"
    },
    {
      "char": "e",
      "block": "minecraft:light_gray_wool"
    },
    {
      "char": "f",
      "block": "quark:spruce_ladder[waterlogged=false,facing=east]"
    },
    {
      "char": "g",
      "block": "minecraft:light_gray_stained_glass"
    },
    {
      "char": "h",
      "block": "minecraft:spruce_stairs[waterlogged=false,half=bottom,shape=straight,facing=west]"
    },
    {
      "char": "i",
      "block": "minecraft:green_terracotta"
    },
    {
      "char": "j",
      "block": "embellishcraft:smooth_basalt_wall[waterlogged=false,up=true]"
    },
    {
      "char": "k",
      "block": "minecraft:spruce_stairs[waterlogged=false,half=bottom,shape=straight,facing=east]"
    },
    {
      "char": "l",
      "block": "cfm:green_kitchen_drawer[facing=east,open=false]",
      "loot": "chestloot"
    },
    {
      "char": "m",
      "block": "immersiveengineering:concrete_quarter"
    },
    {
      "char": "n",
      "block": "minecraft:quartz_block"
    }
  ]
}