{
  "name": "building_office3_floor2_palette_270",
  "palette": [
    {
      "char": "a",
      "block": "embellishcraft:smooth_marble_slab[waterlogged=false,type=bottom]"
    },
    {
      "char": "b",
      "block": "embellishcraft:smooth_marble"
    },
    {
      "char": "c",
      "block": "minecraft:smooth_stone"
    },
    {
      "char": "d",
      "block": "quark:spruce_ladder[waterlogged=false,facing=south]"
    },
    {
      "char": "e",
      "block": "immersiveengineering:concrete_three_quarter"
    },
    {
      "char": "f",
      "block": "cfm:oak_hedge[waterlogged=false]"
    },
    {
      "char": "g",
      "block": "minecraft:stone_brick_wall[waterlogged=false,up=true]"
    },
    {
      "char": "h",
      "block": "minecraft:quartz_stairs[waterlogged=false,half=bottom,shape=straight,facing=east]"
    },
    {
      "char": "i",
      "block": "minecraft:gray_terracotta"
    },
    {
      "char": "j",
      "block": "minecraft:quartz_stairs[waterlogged=false,half=bottom,shape=straight,facing=west]"
    },
    {
      "char": "k",
      "block": "cfm:cyan_kitchen_drawer[facing=south,open=false]",
      "loot": "chestloot"
    },
    {
      "char": "l",
      "block": "minecraft:gray_stained_glass_pane[waterlogged=false]"
    },
    {
      "char": "m",
      "block": "embellishcraft:smooth_basalt_slab[waterlogged=false,type=bottom]"
    },
    {
      "char": "n",
      "block": "minecraft:quartz_block"
    }
  ]
}