{
  "name": "building_office3_top_palette_180",
  "palette": [
    {
      "char": "a",
      "block": "embellishcraft:smooth_marble_slab[waterlogged=false,type=bottom]"
    },
    {
      "char": "b",
      "block": "embellishcraft:smooth_marble"
    },
    {
      "char": "c",
      "block": "minecraft:smooth_stone"
    },
    {
      "char": "d",
      "block": "minecraft:iron_trapdoor[waterlogged=false,half=top,facing=west,open=false]"
    },
    {
      "char": "e",
      "block": "immersiveengineering:concrete_three_quarter"
    },
    {
      "char": "f",
      "block": "embellishcraft:smooth_basalt"
    },
    {
      "char": "g",
      "block": "embellishcraft:smooth_slate"
    },
    {
      "char": "h",
      "block": "minecraft:stone_slab[waterlogged=false,type=bottom]"
    },
    {
      "char": "i",
      "block": "embellishcraft:air_duct"
    },
    {
      "char": "j",
      "block": "minecraft:quartz_slab[waterlogged=false,type=bottom]"
    },
    {
      "char": "k",
      "block": "embellishcraft:smooth_slate_wall[waterlogged=false,up=true]"
    },
    {
      "char": "l",
      "block": "quark:iron_rod[facing=up]"
    }
  ]
}