{
  "name": "building_carservice1_ground_palette_270",
  "palette": [
    {
      "char": "a",
      "block": "minecraft:smooth_stone"
    },
    {
      "char": "b",
      "block": "immersiveengineering:concrete_quarter"
    },
    {
      "char": "c",
      "block": "immersiveengineering:slab_concrete[waterlogged=false,type=bottom]"
    },
    {
      "char": "d",
      "block": "immersiveengineering:concrete_three_quarter"
    },
    {
      "char": "e",
      "block": "embellishcraft:smooth_marble"
    },
    {
      "char": "f",
      "block": "embellishcraft:polished_marble"
    },
    {
      "char": "g",
      "block": "car:car_workshop_outter[position=8]"
    },
    {
      "char": "h",
      "block": "car:car_workshop_outter[position=1]"
    },
    {
      "char": "i",
      "block": "car:car_workshop_outter[position=7]"
    },
    {
      "char": "j",
      "block": "car:car_workshop"
    },
    {
      "char": "k",
      "block": "car:car_workshop_outter[position=3]"
    },
    {
      "char": "l",
      "block": "car:car_workshop_outter[position=5]"
    },
    {
      "char": "m",
      "block": "car:car_workshop_outter[position=4]"
    },
    {
      "char": "n",
      "block": "immersivepetroleum:asphalt_slab[waterlogged=false,type=bottom]"
    },
    {
      "char": "o",
      "block": "quark:framed_glass_pane[waterlogged=false]"
    },
    {
      "char": "p",
      "block": "minecraft:iron_trapdoor[waterlogged=false,half=top,facing=west,open=false]"
    },
    {
      "char": "q",
      "block": "car:gas_station[facing=west]",
      "tag": {
        "fluid": {
          "FluidName": "immersivepetroleum:gasoline",
          "Amount": 4000
        }
      }
    },
    {
      "char": "r",
      "block": "minecraft:chipped_anvil[facing=south]"
    },
    {
      "char": "s",
      "block": "minecraft:observer[facing=north]"
    },
    {
      "char": "t",
      "block": "minecraft:gray_stained_glass_pane[waterlogged=false]"
    },
    {
      "char": "u",
      "block": "cfm:cyan_kitchen_counter[facing=south,type=default]"
    },
    {
      "char": "w",
      "block": "cfm:oak_hedge[waterlogged=false]"
    },
    {
      "char": "x",
      "block": "embellishcraft:gray_couch[waterlogged=false,shape=straight,facing=west]"
    },
    {
      "char": "y",
      "block": "cfm:stone_table[waterlogged=false]"
    },
    {
      "char": "z",
      "block": "embellishcraft:steel_rungs[waterlogged=false,facing=east]"
    },
    {
      "char": "A",
      "block": "minecraft:stone_slab[waterlogged=false,type=top]"
    },
    {
      "char": "B",
      "block": "immersiveengineering:connector_lv[waterlogged=false,facing=down]"
    },
    {
      "char": "C",
      "block": "car:gas_station_top[facing=west]"
    },
    {
      "char": "D",
      "block": "quark:smooth_stone_vertical_slab[waterlogged=false,type=east]"
    },
    {
      "char": "E",
      "block": "minecraft:smooth_stone_slab[waterlogged=false,type=bottom]"
    },
    {
      "char": "F",
      "block": "minecraft:smooth_stone_slab[waterlogged=false,type=top]"
    }
  ]
}