{
  "name": "building_office3_floor1_palette",
  "palette": [
    {
      "char": "a",
      "block": "embellishcraft:smooth_marble_slab[waterlogged=false,type=bottom]"
    },
    {
      "char": "b",
      "block": "embellishcraft:smooth_marble"
    },
    {
      "char": "c",
      "block": "minecraft:smooth_stone"
    },
    {
      "char": "d",
      "block": "quark:spruce_ladder[waterlogged=false,facing=east]"
    },
    {
      "char": "e",
      "block": "immersiveengineering:concrete_three_quarter"
    },
    {
      "char": "f",
      "block": "minecraft:stone_brick_wall[waterlogged=false,up=true]"
    },
    {
      "char": "g",
      "block": "minecraft:quartz_stairs[waterlogged=false,half=bottom,shape=straight,facing=north]"
    },
    {
      "char": "h",
      "block": "minecraft:quartz_stairs[waterlogged=false,half=bottom,shape=straight,facing=west]"
    },
    {
      "char": "i",
      "block": "quark:iron_rod[facing=up]"
    },
    {
      "char": "j",
      "block": "minecraft:quartz_stairs[waterlogged=false,half=bottom,shape=straight,facing=east]"
    },
    {
      "char": "k",
      "block": "minecraft:quartz_stairs[waterlogged=false,half=bottom,shape=straight,facing=south]"
    },
    {
      "char": "l",
      "block": "minecraft:quartz_stairs[waterlogged=false,half=bottom,shape=inner_left,facing=north]"
    },
    {
      "char": "m",
      "block": "cfm:cyan_kitchen_drawer[facing=east,open=false]",
      "loot": "chestloot"
    },
    {
      "char": "n",
      "block": "cfm:cyan_kitchen_counter[facing=east,type=default]"
    },
    {
      "char": "o",
      "block": "minecraft:quartz_stairs[waterlogged=false,half=bottom,shape=inner_right,facing=south]"
    },
    {
      "char": "p",
      "block": "minecraft:gray_terracotta"
    },
    {
      "char": "q",
      "block": "minecraft:gray_stained_glass_pane[waterlogged=false]"
    },
    {
      "char": "r",
      "block": "immersiveengineering:concrete_quarter"
    },
    {
      "char": "s",
      "block": "minecraft:bookshelf"
    },
    {
      "char": "t",
      "block": "embellishcraft:smooth_basalt_slab[waterlogged=false,type=bottom]"
    },
    {
      "char": "u",
      "block": "minecraft:quartz_block"
    }
  ]
}