{
  "name": "building_office1_top_palette_90",
  "palette": [
    {
      "char": "a",
      "block": "embellishcraft:smooth_basalt"
    },
    {
      "char": "b",
      "block": "minecraft:smooth_stone"
    },
    {
      "char": "c",
      "block": "embellishcraft:smooth_slate"
    },
    {
      "char": "d",
      "block": "minecraft:black_stained_glass_pane[waterlogged=false]"
    },
    {
      "char": "e",
      "block": "embellishcraft:smooth_marble_slab[waterlogged=false,type=bottom]"
    },
    {
      "char": "f",
      "block": "quark:spruce_ladder[waterlogged=false,facing=north]"
    },
    {
      "char": "g",
      "block": "quark:framed_glass_pane[waterlogged=false]"
    },
    {
      "char": "h",
      "block": "minecraft:gray_terracotta"
    },
    {
      "char": "i",
      "block": "embellishcraft:polished_marble_slab[waterlogged=false,type=bottom]"
    },
    {
      "char": "j",
      "block": "immersiveengineering:slab_concrete[waterlogged=false,type=bottom]"
    },
    {
      "char": "k",
      "block": "quark:iron_rod[facing=up]"
    },
    {
      "char": "l",
      "block": "embellishcraft:smooth_marble"
    },
    {
      "char": "m",
      "block": "minecraft:furnace[lit=false,facing=west]"
    },
    {
      "char": "n",
      "block": "minecraft:iron_bars[waterlogged=false]"
    },
    {
      "char": "o",
      "block": "cfm:oak_hedge[waterlogged=false]"
    },
    {
      "char": "p",
      "block": "minecraft:quartz_block"
    },
    {
      "char": "q",
      "block": "minecraft:smooth_stone_slab[waterlogged=false,type=bottom]"
    },
    {
      "char": "r",
      "block": "embellishcraft:smooth_basalt_slab[waterlogged=false,type=bottom]"
    }
  ]
}