{
  "name": "building_restaurant2_ground_palette_90",
  "palette": [
    {
      "char": "a",
      "block": "minecraft:cobblestone"
    },
    {
      "char": "b",
      "block": "minecraft:mossy_cobblestone"
    },
    {
      "char": "c",
      "block": "minecraft:polished_andesite"
    },
    {
      "char": "d",
      "block": "quark:bamboo_mat[facing=west]"
    },
    {
      "char": "e",
      "block": "quark:bamboo_mat[facing=south]"
    },
    {
      "char": "f",
      "block": "quark:bamboo_mat[facing=north]"
    },
    {
      "char": "g",
      "block": "quark:bamboo_mat[facing=east]"
    },
    {
      "char": "h",
      "block": "quark:birch_post[waterlogged=false,chain_up=false,axis=y]"
    },
    {
      "char": "i",
      "block": "minecraft:smooth_quartz"
    },
    {
      "char": "j",
      "block": "another_furniture:oak_planter_box[attached=true,facing=west,type=right]"
    },
    {
      "char": "k",
      "block": "another_furniture:oak_planter_box[attached=true,facing=west,type=middle]"
    },
    {
      "char": "l",
      "block": "another_furniture:oak_planter_box[attached=true,facing=west,type=left]"
    },
    {
      "char": "m",
      "block": "minecraft:stripped_birch_log[axis=y]"
    },
    {
      "char": "n",
      "block": "cfm:stripped_birch_crate[facing=west,open=false]"
    },
    {
      "char": "o",
      "block": "another_furniture:birch_shelf[waterlogged=false,facing=south,type=left]"
    },
    {
      "char": "p",
      "block": "cfm:stripped_birch_chair[waterlogged=false,facing=north]"
    },
    {
      "char": "q",
      "block": "minecraft:grindstone[face=floor,facing=north]"
    },
    {
      "char": "r",
      "block": "another_furniture:birch_shelf[waterlogged=false,facing=south,type=middle]"
    },
    {
      "char": "s",
      "block": "minecraft:birch_door[hinge=right,half=lower,facing=west,open=false]"
    },
    {
      "char": "t",
      "block": "another_furniture:birch_shelf[waterlogged=false,facing=south,type=right]"
    },
    {
      "char": "u",
      "block": "cfm:stripped_birch_chair[waterlogged=false,facing=south]"
    },
    {
      "char": "w",
      "block": "cfm:stripped_birch_kitchen_counter[facing=east,type=right_corner_inverted]"
    },
    {
      "char": "x",
      "block": "cfm:stripped_birch_kitchen_counter[facing=east,type=default]"
    },
    {
      "char": "y",
      "block": "another_furniture:birch_shutter[waterlogged=false,facing=east,type=none,open=false]"
    },
    {
      "char": "z",
      "block": "another_furniture:birch_shelf[waterlogged=false,facing=north,type=right]"
    },
    {
      "char": "A",
      "block": "cfm:stripped_birch_kitchen_counter[facing=north,type=default]"
    },
    {
      "char": "B",
      "block": "cfm:cyan_kitchen_counter[facing=south,type=default]"
    },
    {
      "char": "C",
      "block": "cfm:cyan_kitchen_counter[facing=north,type=default]"
    },
    {
      "char": "D",
      "block": "another_furniture:birch_shelf[waterlogged=false,facing=north,type=middle]"
    },
    {
      "char": "E",
      "block": "minecraft:birch_door[hinge=left,half=lower,facing=north,open=false]"
    },
    {
      "char": "F",
      "block": "farmersdelight:stove[lit=false,facing=south]"
    },
    {
      "char": "I",
      "block": "minecraft:birch_door[hinge=right,half=lower,facing=north,open=false]"
    },
    {
      "char": "J",
      "block": "cfm:stripped_birch_kitchen_counter[facing=west,type=left_corner_inverted]"
    },
    {
      "char": "K",
      "block": "cfm:stripped_birch_kitchen_counter[facing=west,type=default]"
    },
    {
      "char": "L",
      "block": "another_furniture:birch_shutter[waterlogged=false,facing=west,type=none,open=false]"
    },
    {
      "char": "M",
      "block": "cfm:freezer_light[facing=north,open=false]"
    },
    {
      "char": "N",
      "block": "another_furniture:birch_shelf[waterlogged=false,facing=north,type=left]"
    },
    {
      "char": "O",
      "block": "cfm:birch_kitchen_sink_light[facing=east]"
    },
    {
      "char": "P",
      "block": "minecraft:quartz_slab[waterlogged=false,type=top]"
    },
    {
      "char": "Q",
      "block": "another_furniture:oak_planter_box[attached=true,facing=east,type=left]"
    },
    {
      "char": "R",
      "block": "another_furniture:oak_planter_box[attached=true,facing=east,type=middle]"
    },
    {
      "char": "T",
      "block": "another_furniture:oak_planter_box[attached=true,facing=east,type=right]"
    },
    {
      "char": "U",
      "block": "cfm:birch_hedge[waterlogged=false]"
    },
    {
      "char": "V",
      "block": "create:birch_window_pane[waterlogged=false]"
    },
    {
      "char": "W",
      "block": "another_furniture:birch_shelf[waterlogged=false,facing=east,type=left]"
    },
    {
      "char": "X",
      "block": "another_furniture:birch_shelf[waterlogged=false,facing=east,type=right]"
    },
    {
      "char": "Y",
      "block": "quark:stripped_birch_post[waterlogged=false,chain_up=false,axis=y]"
    },
    {
      "char": "Z",
      "block": "minecraft:birch_door[hinge=right,half=upper,facing=west,open=false]"
    },
    {
      "char": "0",
      "block": "immersiveengineering:conveyor_basic[waterlogged=false,facing=north]",
      "tag": {
        "conveyorBeltSubtypeNBT": {
          "cover": "create:vertical_framed_glass",
          "direction": 0
        }
      }
    },
    {
      "char": "1",
      "block": "immersiveengineering:conveyor_basic[waterlogged=false,facing=east]",
      "tag": {
        "conveyorBeltSubtypeNBT": {
          "cover": "create:vertical_framed_glass",
          "direction": 0
        }
      }
    },
    {
      "char": "2",
      "block": "immersiveengineering:conveyor_basic[waterlogged=false,facing=west]",
      "tag": {
        "conveyorBeltSubtypeNBT": {
          "cover": "create:vertical_framed_glass",
          "direction": 0
        }
      }
    },
    {
      "char": "3",
      "block": "minecraft:birch_door[hinge=left,half=upper,facing=north,open=false]"
    },
    {
      "char": "4",
      "block": "farmersdelight:cooking_pot[waterlogged=false,facing=south,support=none]"
    },
    {
      "char": "5",
      "block": "minecraft:birch_door[hinge=right,half=upper,facing=north,open=false]"
    },
    {
      "char": "6",
      "block": "farmersdelight:skillet[facing=north,support=false]"
    },
    {
      "char": "7",
      "block": "immersiveengineering:conveyor_basic[waterlogged=false,facing=south]",
      "tag": {
        "conveyorBeltSubtypeNBT": {
          "cover": "create:vertical_framed_glass",
          "direction": 0
        }
      }
    },
    {
      "char": "8",
      "block": "cfm:fridge_light[facing=north,open=false]",
      "loot": "chestloot"
    },
    {
      "char": "9",
      "block": "minecraft:birch_trapdoor[waterlogged=false,half=bottom,facing=west,open=true]"
    },
    {
      "char": "@",
      "block": "minecraft:stonecutter[facing=east]"
    },
    {
      "char": "$",
      "block": "another_furniture:birch_shelf[waterlogged=false,facing=east,type=middle]"
    },
    {
      "char": "%",
      "block": "minecraft:birch_trapdoor[waterlogged=false,half=bottom,facing=south,open=false]"
    },
    {
      "char": "&",
      "block": "minecraft:birch_trapdoor[waterlogged=false,half=bottom,facing=north,open=false]"
    },
    {
      "char": "*",
      "block": "embellishcraft:dark_concrete_paving_wall[waterlogged=false,up=false]"
    },
    {
      "char": "(",
      "block": "another_furniture:birch_shelf[waterlogged=false,facing=west,type=right]"
    },
    {
      "char": ")",
      "block": "another_furniture:birch_shelf[waterlogged=false,facing=west,type=middle]"
    },
    {
      "char": "+",
      "block": "another_furniture:birch_shelf[waterlogged=false,facing=west,type=left]"
    },
    {
      "char": "-",
      "block": "cfm:stripped_birch_upgraded_fence[waterlogged=false]"
    },
    {
      "char": "[",
      "block": "quark:paper_lantern_sakura"
    },
    {
      "char": "]",
      "block": "farmersdelight:birch_cabinet[facing=east,open=false]",
      "loot": "chestloot"
    },
    {
      "char": "{",
      "block": "farmersdelight:birch_cabinet[facing=west,open=false]",
      "loot": "chestloot"
    },
    {
      "char": "}",
      "block": "embellishcraft:dark_concrete_paving_slab[waterlogged=false,type=bottom]"
    },
    {
      "char": "\\",
      "block": "minecraft:stripped_birch_log[axis=z]"
    },
    {
      "char": "|",
      "block": "minecraft:birch_slab[waterlogged=false,type=top]"
    },
    {
      "char": "`",
      "block": "minecraft:stripped_birch_log[axis=x]"
    }
  ]
}