{
  "name": "building_bank1_floor1_palette",
  "palette": [
    {
      "char": "a",
      "block": "embellishcraft:smooth_marble_stairs[waterlogged=false,half=top,shape=straight,facing=east]"
    },
    {
      "char": "b",
      "block": "embellishcraft:smooth_marble"
    },
    {
      "char": "c",
      "block": "embellishcraft:smooth_marble_stairs[waterlogged=false,half=bottom,shape=straight,facing=west]"
    },
    {
      "char": "d",
      "block": "minecraft:stone"
    },
    {
      "char": "e",
      "block": "minecraft:smooth_stone"
    },
    {
      "char": "f",
      "block": "embellishcraft:smooth_marble_stairs[waterlogged=false,half=bottom,shape=straight,facing=south]"
    },
    {
      "char": "g",
      "block": "embellishcraft:smooth_marble_stairs[waterlogged=false,half=top,shape=straight,facing=south]"
    },
    {
      "char": "h",
      "block": "embellishcraft:smooth_marble_stairs[waterlogged=false,half=top,shape=straight,facing=north]"
    },
    {
      "char": "i",
      "block": "embellishcraft:smooth_marble_stairs[waterlogged=false,half=bottom,shape=straight,facing=north]"
    },
    {
      "char": "j",
      "block": "embellishcraft:smooth_marble_stairs[waterlogged=false,half=bottom,shape=straight,facing=east]"
    },
    {
      "char": "k",
      "block": "embellishcraft:smooth_marble_stairs[waterlogged=false,half=top,shape=straight,facing=west]"
    },
    {
      "char": "l",
      "block": "minecraft:light_gray_stained_glass"
    },
    {
      "char": "m",
      "block": "minecraft:gray_stained_glass"
    },
    {
      "char": "n",
      "block": "minecraft:dark_oak_door[hinge=right,half=lower,facing=west,open=false]"
    },
    {
      "char": "o",
      "block": "minecraft:oak_leaves"
    },
    {
      "char": "p",
      "block": "minecraft:dark_oak_door[hinge=left,half=lower,facing=west,open=false]"
    },
    {
      "char": "q",
      "block": "embellishcraft:smooth_basalt"
    },
    {
      "char": "r",
      "block": "embellishcraft:smooth_basalt_slab[waterlogged=false,type=top]"
    },
    {
      "char": "s",
      "block": "minecraft:iron_bars[waterlogged=false]"
    },
    {
      "char": "t",
      "block": "minecraft:bookshelf"
    },
    {
      "char": "u",
      "block": "embellishcraft:light_gray_couch[waterlogged=false,shape=inner_left,facing=north]"
    },
    {
      "char": "w",
      "block": "embellishcraft:light_gray_couch[waterlogged=false,shape=straight,facing=north]"
    },
    {
      "char": "x",
      "block": "embellishcraft:light_gray_couch[waterlogged=false,shape=straight,facing=east]"
    },
    {
      "char": "y",
      "block": "embellishcraft:light_gray_couch[waterlogged=false,shape=straight,facing=west]"
    },
    {
      "char": "A",
      "block": "minecraft:oak_fence[waterlogged=false]"
    },
    {
      "char": "B",
      "block": "cfm:stripped_oak_coffee_table[waterlogged=false]"
    },
    {
      "char": "C",
      "block": "minecraft:quartz_stairs[waterlogged=false,half=bottom,shape=straight,facing=east]"
    },
    {
      "char": "D",
      "block": "cfm:cyan_kitchen_drawer[facing=west,open=false]",
      "loot": "chestloot"
    },
    {
      "char": "E",
      "block": "embellishcraft:smooth_marble_wall[waterlogged=false,up=true]"
    },
    {
      "char": "F",
      "block": "minecraft:dark_oak_door[hinge=right,half=upper,facing=west,open=false]"
    },
    {
      "char": "I",
      "block": "minecraft:dark_oak_door[hinge=left,half=upper,facing=west,open=false]"
    },
    {
      "char": "J",
      "block": "simplylight:rodlamp[waterlogged=false,axis=y]"
    },
    {
      "char": "K",
      "block": "cfm:oak_hedge[waterlogged=false]"
    },
    {
      "char": "L",
      "block": "minecraft:quartz_slab[waterlogged=false,type=top]"
    },
    {
      "char": "M",
      "block": "minecraft:oak_slab[waterlogged=false,type=top]"
    }
  ]
}