{
  "name": "building_bank1_floor2_palette_180",
  "palette": [
    {
      "char": "a",
      "block": "embellishcraft:smooth_marble_stairs[waterlogged=false,half=top,shape=straight,facing=west]"
    },
    {
      "char": "b",
      "block": "embellishcraft:smooth_marble"
    },
    {
      "char": "c",
      "block": "embellishcraft:smooth_marble_stairs[waterlogged=false,half=bottom,shape=straight,facing=east]"
    },
    {
      "char": "d",
      "block": "minecraft:smooth_stone"
    },
    {
      "char": "e",
      "block": "embellishcraft:smooth_marble_stairs[waterlogged=false,half=bottom,shape=straight,facing=north]"
    },
    {
      "char": "f",
      "block": "embellishcraft:smooth_marble_stairs[waterlogged=false,half=top,shape=straight,facing=north]"
    },
    {
      "char": "g",
      "block": "embellishcraft:smooth_marble_stairs[waterlogged=false,half=top,shape=straight,facing=south]"
    },
    {
      "char": "h",
      "block": "embellishcraft:smooth_marble_stairs[waterlogged=false,half=bottom,shape=straight,facing=south]"
    },
    {
      "char": "i",
      "block": "embellishcraft:smooth_marble_stairs[waterlogged=false,half=bottom,shape=straight,facing=west]"
    },
    {
      "char": "j",
      "block": "embellishcraft:smooth_marble_stairs[waterlogged=false,half=top,shape=straight,facing=east]"
    },
    {
      "char": "k",
      "block": "minecraft:light_gray_stained_glass"
    },
    {
      "char": "l",
      "block": "minecraft:gray_stained_glass"
    },
    {
      "char": "m",
      "block": "minecraft:bookshelf"
    },
    {
      "char": "n",
      "block": "embellishcraft:light_gray_couch[waterlogged=false,shape=straight,facing=west]"
    },
    {
      "char": "o",
      "block": "minecraft:quartz_stairs[waterlogged=false,half=bottom,shape=inner_left,facing=south]"
    },
    {
      "char": "p",
      "block": "minecraft:quartz_stairs[waterlogged=false,half=bottom,shape=inner_left,facing=west]"
    },
    {
      "char": "q",
      "block": "embellishcraft:smooth_basalt"
    },
    {
      "char": "r",
      "block": "embellishcraft:smooth_basalt_slab[waterlogged=false,type=top]"
    },
    {
      "char": "s",
      "block": "minecraft:iron_bars[waterlogged=false]"
    },
    {
      "char": "t",
      "block": "minecraft:quartz_stairs[waterlogged=false,half=bottom,shape=straight,facing=east]"
    },
    {
      "char": "u",
      "block": "minecraft:quartz_stairs[waterlogged=false,half=bottom,shape=inner_right,facing=north]"
    },
    {
      "char": "w",
      "block": "minecraft:oak_slab[waterlogged=false,type=bottom]"
    },
    {
      "char": "x",
      "block": "minecraft:oak_fence[waterlogged=false]"
    },
    {
      "char": "y",
      "block": "minecraft:quartz_stairs[waterlogged=false,half=bottom,shape=inner_right,facing=east]"
    },
    {
      "char": "z",
      "block": "minecraft:quartz_stairs[waterlogged=false,half=bottom,shape=straight,facing=south]"
    },
    {
      "char": "A",
      "block": "minecraft:quartz_stairs[waterlogged=false,half=bottom,shape=inner_left,facing=north]"
    },
    {
      "char": "B",
      "block": "embellishcraft:smooth_marble_wall[waterlogged=false,up=true]"
    },
    {
      "char": "C",
      "block": "cfm:oak_hedge[waterlogged=false]"
    },
    {
      "char": "D",
      "block": "minecraft:quartz_slab[waterlogged=false,type=top]"
    }
  ]
}