{
  "name": "building_hotel1_top_palette_180",
  "palette": [
    {
      "char": "a",
      "block": "embellishcraft:smooth_marble"
    },
    {
      "char": "b",
      "block": "minecraft:water"
    },
    {
      "char": "c",
      "block": "minecraft:spruce_planks"
    },
    {
      "char": "d",
      "block": "minecraft:farmland"
    },
    {
      "char": "e",
      "block": "embellishcraft:smooth_slate_slab[waterlogged=false,type=bottom]"
    },
    {
      "char": "f",
      "block": "minecraft:gray_stained_glass_pane[waterlogged=false]"
    },
    {
      "char": "g",
      "block": "embellishcraft:smooth_slate_slab[waterlogged=false,type=top]"
    },
    {
      "char": "h",
      "block": "minecraft:potatoes"
    },
    {
      "char": "i",
      "block": "farmersdelight:onions"
    },
    {
      "char": "j",
      "block": "minecraft:iron_bars[waterlogged=false]"
    },
    {
      "char": "k",
      "block": "farmersdelight:tomatoes"
    },
    {
      "char": "l",
      "block": "minecraft:wheat"
    },
    {
      "char": "m",
      "block": "minecraft:smooth_stone_slab[waterlogged=false,type=bottom]"
    },
    {
      "char": "n",
      "block": "minecraft:gray_stained_glass"
    }
  ]
}