{
  "name": "building_hotel3_ground_palette",
  "palette": [
    {
      "char": "a",
      "block": "minecraft:gray_terracotta"
    },
    {
      "char": "b",
      "block": "embellishcraft:polished_marble"
    },
    {
      "char": "c",
      "block": "embellishcraft:smooth_marble"
    },
    {
      "char": "d",
      "block": "quark:iron_ladder[waterlogged=false,facing=south]"
    },
    {
      "char": "e",
      "block": "minecraft:gray_stained_glass"
    },
    {
      "char": "f",
      "block": "cfm:oak_hedge[waterlogged=false]"
    },
    {
      "char": "g",
      "block": "embellishcraft:steel_wall_ladder[waterlogged=false,facing=north]"
    },
    {
      "char": "h",
      "block": "minecraft:spruce_planks"
    },
    {
      "char": "i",
      "block": "minecraft:quartz_slab[waterlogged=false,type=bottom]"
    },
    {
      "char": "j",
      "block": "minecraft:iron_door[hinge=left,half=lower,facing=east,open=false]"
    },
    {
      "char": "k",
      "block": "minecraft:iron_door[hinge=right,half=lower,facing=east,open=false]"
    },
    {
      "char": "l",
      "block": "embellishcraft:smooth_basalt_wall[waterlogged=false,up=true]"
    },
    {
      "char": "m",
      "block": "cfm:gray_kitchen_counter[facing=south,type=default]"
    },
    {
      "char": "n",
      "block": "minecraft:quartz_stairs[waterlogged=false,half=bottom,shape=straight,facing=south]"
    },
    {
      "char": "o",
      "block": "minecraft:spruce_fence[waterlogged=false]"
    },
    {
      "char": "p",
      "block": "minecraft:gray_stained_glass_pane[waterlogged=false]"
    },
    {
      "char": "q",
      "block": "minecraft:iron_door[hinge=left,half=upper,facing=east,open=false]"
    },
    {
      "char": "r",
      "block": "minecraft:iron_door[hinge=right,half=upper,facing=east,open=false]"
    },
    {
      "char": "s",
      "block": "another_furniture:service_bell[waterlogged=false]"
    },
    {
      "char": "t",
      "block": "embellishcraft:smooth_marble_slab[waterlogged=false,type=top]"
    },
    {
      "char": "u",
      "block": "minecraft:quartz_block"
    }
  ]
}