{
  "name": "building_residential1_ground_palette_180",
  "palette": [
    {
      "char": "a",
      "block": "minecraft:polished_deepslate"
    },
    {
      "char": "b",
      "block": "minecraft:stripped_birch_log[axis=x]"
    },
    {
      "char": "c",
      "block": "minecraft:bricks"
    },
    {
      "char": "d",
      "block": "minecraft:polished_andesite"
    },
    {
      "char": "e",
      "block": "embellishcraft:gneiss_tiles"
    },
    {
      "char": "f",
      "block": "create:polished_cut_calcite_wall[waterlogged=false,up=true]"
    },
    {
      "char": "g",
      "block": "minecraft:iron_bars[waterlogged=false]"
    },
    {
      "char": "h",
      "block": "create:polished_cut_calcite_wall[waterlogged=false,up=false]"
    },
    {
      "char": "i",
      "block": "create:cut_calcite"
    },
    {
      "char": "j",
      "block": "create:dark_oak_window_pane[waterlogged=false]"
    },
    {
      "char": "k",
      "block": "minecraft:dark_oak_door[hinge=right,half=lower,facing=east,open=false]"
    },
    {
      "char": "l",
      "block": "cfm:stone_coffee_table[waterlogged=false]"
    },
    {
      "char": "m",
      "block": "minecraft:dark_oak_door[hinge=left,half=lower,facing=east,open=false]"
    },
    {
      "char": "n",
      "block": "quark:paper_wall[waterlogged=false]"
    },
    {
      "char": "o",
      "block": "another_furniture:light_gray_sofa[waterlogged=false,facing=south,type=right]"
    },
    {
      "char": "p",
      "block": "another_furniture:light_gray_sofa[waterlogged=false,facing=south,type=left]"
    },
    {
      "char": "q",
      "block": "minecraft:grindstone[face=floor,facing=east]"
    },
    {
      "char": "r",
      "block": "quark:stripped_dark_oak_post[waterlogged=false,chain_up=false,axis=y]"
    },
    {
      "char": "s",
      "block": "minecraft:stonecutter[facing=west]"
    },
    {
      "char": "t",
      "block": "embellishcraft:dark_oak_large_suspended_stairs[waterlogged=false,facing=east]"
    },
    {
      "char": "u",
      "block": "another_furniture:light_gray_stool[waterlogged=false]"
    },
    {
      "char": "w",
      "block": "quark:polished_calcite"
    },
    {
      "char": "x",
      "block": "quark:dark_oak_hedge[waterlogged=false]"
    },
    {
      "char": "y",
      "block": "minecraft:stone_slab[waterlogged=false,type=top]"
    },
    {
      "char": "A",
      "block": "minecraft:stone_stairs[waterlogged=false,half=top,shape=straight,facing=west]"
    },
    {
      "char": "B",
      "block": "minecraft:birch_door[hinge=left,half=lower,facing=west,open=false]"
    },
    {
      "char": "C",
      "block": "quark:polished_calcite_vertical_slab[waterlogged=false,type=west]"
    },
    {
      "char": "D",
      "block": "cfm:freezer_light[facing=north,open=false]"
    },
    {
      "char": "E",
      "block": "cfm:dark_oak_kitchen_counter[facing=north,type=default]"
    },
    {
      "char": "F",
      "block": "cfm:dark_oak_kitchen_sink_light[facing=north]"
    },
    {
      "char": "I",
      "block": "farmersdelight:stove[lit=false,facing=south]"
    },
    {
      "char": "J",
      "block": "cold_sweat:hearth_bottom[facing=south]"
    },
    {
      "char": "K",
      "block": "quark:polished_calcite_stairs[waterlogged=false,half=top,shape=straight,facing=north]"
    },
    {
      "char": "L",
      "block": "minecraft:dark_oak_door[hinge=right,half=upper,facing=east,open=false]"
    },
    {
      "char": "M",
      "block": "create:display_board[waterlogged=false,facing=north,up=false]"
    },
    {
      "char": "N",
      "block": "minecraft:dark_oak_door[hinge=left,half=upper,facing=east,open=false]"
    },
    {
      "char": "O",
      "block": "farmersdelight:roast_chicken_block[servings=4,facing=south]"
    },
    {
      "char": "P",
      "block": "minecraft:birch_door[hinge=left,half=upper,facing=west,open=false]"
    },
    {
      "char": "Q",
      "block": "create:framed_glass_pane[waterlogged=false]"
    },
    {
      "char": "R",
      "block": "quark:paper_wall_big[waterlogged=false]"
    },
    {
      "char": "S",
      "block": "cfm:fridge_light[facing=north,open=false]",
      "loot": "chestloot"
    },
    {
      "char": "T",
      "block": "farmersdelight:cooking_pot[waterlogged=false,facing=south,support=none]"
    },
    {
      "char": "U",
      "block": "cold_sweat:hearth_top[facing=south]"
    },
    {
      "char": "V",
      "block": "minecraft:birch_trapdoor[waterlogged=false,half=bottom,facing=south,open=true]"
    },
    {
      "char": "W",
      "block": "minecraft:dark_oak_stairs[waterlogged=false,half=top,shape=straight,facing=north]"
    },
    {
      "char": "X",
      "block": "minecraft:dark_oak_stairs[waterlogged=false,half=top,shape=straight,facing=west]"
    },
    {
      "char": "Y",
      "block": "minecraft:dark_oak_stairs[waterlogged=false,half=top,shape=straight,facing=east]"
    },
    {
      "char": "Z",
      "block": "simplylight:lightbulb[waterlogged=false,facing=up]"
    },
    {
      "char": "0",
      "block": "minecraft:smooth_stone_slab[waterlogged=false,type=top]"
    },
    {
      "char": "1",
      "block": "quark:polished_calcite_stairs[waterlogged=false,half=top,shape=straight,facing=east]"
    },
    {
      "char": "2",
      "block": "quark:polished_calcite_slab[waterlogged=false,type=top]"
    },
    {
      "char": "3",
      "block": "minecraft:smooth_stone_slab[waterlogged=false,type=double]"
    },
    {
      "char": "4",
      "block": "minecraft:smooth_stone_slab[waterlogged=false,type=bottom]"
    },
    {
      "char": "5",
      "block": "minecraft:dark_oak_slab[waterlogged=false,type=top]"
    },
    {
      "char": "6",
      "block": "minecraft:crafting_table"
    },
    {
      "char": "7",
      "block": "minecraft:light_gray_carpet"
    },
    {
      "char": "8",
      "block": "minecraft:chest",
      "loot": "chestloot"
    },
    {
      "char": "9",
      "block": "cfm:stripped_dark_oak_desk[waterlogged=false,facing=west,type=single]"
    },
    {
      "char": "@",
      "block": "cfm:stripped_dark_oak_desk_cabinet[waterlogged=false,facing=east,type=right,open=false]",
      "loot": "chestloot"
    },
    {
      "char": "#",
      "block": "minecraft:brown_bed[part=head,facing=east,occupied=false]",
      "tag": {
        "id": "minecraft:bed"
      }
    },
    {
      "char": "$",
      "block": "minecraft:brown_bed[part=foot,facing=east,occupied=false]",
      "tag": {
        "id": "minecraft:bed"
      }
    },
    {
      "char": "%",
      "block": "cfm:stripped_dark_oak_bedside_cabinet[waterlogged=false,facing=west,open=false]",
      "loot": "chestloot"
    },
    {
      "char": "^",
      "block": "cfm:stripped_dark_oak_desk[waterlogged=false,facing=east,type=middle]"
    },
    {
      "char": "&",
      "block": "cfm:stone_chair[waterlogged=false,facing=west]"
    },
    {
      "char": "*",
      "block": "cfm:stripped_dark_oak_desk[waterlogged=false,facing=east,type=left]"
    },
    {
      "char": "(",
      "block": "minecraft:dark_oak_trapdoor[waterlogged=false,half=bottom,facing=north,open=true]"
    },
    {
      "char": ")",
      "block": "minecraft:cauldron"
    }
  ]
}