{
  "name": "building_office1_floor2_palette_90",
  "palette": [
    {
      "char": "a",
      "block": "embellishcraft:smooth_basalt"
    },
    {
      "char": "b",
      "block": "minecraft:smooth_stone"
    },
    {
      "char": "c",
      "block": "embellishcraft:smooth_slate"
    },
    {
      "char": "d",
      "block": "minecraft:black_stained_glass_pane[waterlogged=false]"
    },
    {
      "char": "e",
      "block": "embellishcraft:smooth_marble_slab[waterlogged=false,type=bottom]"
    },
    {
      "char": "f",
      "block": "minecraft:stone"
    },
    {
      "char": "g",
      "block": "quark:spruce_ladder[waterlogged=false,facing=north]"
    },
    {
      "char": "h",
      "block": "minecraft:gray_stained_glass_pane[waterlogged=false]"
    },
    {
      "char": "i",
      "block": "embellishcraft:smooth_slate_stairs[waterlogged=false,half=bottom,shape=straight,facing=west]"
    },
    {
      "char": "j",
      "block": "minecraft:cyan_terracotta"
    },
    {
      "char": "k",
      "block": "embellishcraft:smooth_slate_stairs[waterlogged=false,half=bottom,shape=straight,facing=east]"
    },
    {
      "char": "l",
      "block": "embellishcraft:smooth_marble"
    },
    {
      "char": "m",
      "block": "minecraft:gray_terracotta"
    },
    {
      "char": "n",
      "block": "cfm:cyan_kitchen_drawer[facing=north,open=false]",
      "loot": "chestloot"
    },
    {
      "char": "o",
      "block": "minecraft:heavy_weighted_pressure_plate"
    },
    {
      "char": "p",
      "block": "minecraft:potted_cactus"
    },
    {
      "char": "q",
      "block": "minecraft:flower_pot"
    },
    {
      "char": "r",
      "block": "minecraft:quartz_block"
    },
    {
      "char": "s",
      "block": "minecraft:smooth_stone_slab[waterlogged=false,type=bottom]"
    }
  ]
}