{
  "name": "building_restaurant1_base1_palette_270",
  "palette": [
    {
      "char": "a",
      "block": "embellishcraft:smooth_marble"
    },
    {
      "char": "b",
      "block": "minecraft:spruce_planks"
    },
    {
      "char": "c",
      "block": "minecraft:coarse_dirt"
    },
    {
      "char": "d",
      "block": "minecraft:cobblestone"
    },
    {
      "char": "e",
      "block": "embellishcraft:steel_rungs[waterlogged=false,facing=south]"
    },
    {
      "char": "f",
      "block": "minecraft:barrel[facing=up,open=false]"
    },
    {
      "char": "g",
      "block": "farmersdelight:potato_crate"
    },
    {
      "char": "h",
      "block": "farmersdelight:onion_crate"
    },
    {
      "char": "i",
      "block": "farmersdelight:tomato_crate"
    },
    {
      "char": "j",
      "block": "minecraft:white_wool"
    },
    {
      "char": "k",
      "block": "farmersdelight:beetroot_crate"
    },
    {
      "char": "l",
      "block": "embellishcraft:spruce_wooden_crate"
    },
    {
      "char": "m",
      "block": "farmersdelight:cabbage_crate"
    },
    {
      "char": "n",
      "block": "embellishcraft:oak_wooden_crate"
    },
    {
      "char": "o",
      "block": "quark:apple_crate"
    },
    {
      "char": "p",
      "block": "minecraft:iron_bars[waterlogged=false]"
    },
    {
      "char": "q",
      "block": "minecraft:barrel[facing=east,open=false]"
    },
    {
      "char": "r",
      "block": "minecraft:grass"
    },
    {
      "char": "s",
      "block": "minecraft:hay_block[axis=y]"
    },
    {
      "char": "t",
      "block": "minecraft:hay_block[axis=x]"
    },
    {
      "char": "u",
      "block": "minecraft:pumpkin"
    },
    {
      "char": "w",
      "block": "farmersdelight:carrot_crate"
    },
    {
      "char": "x",
      "block": "embellishcraft:grid_air_duct[facing=down]"
    },
    {
      "char": "y",
      "block": "embellishcraft:vent_air_duct[facing=east]"
    },
    {
      "char": "z",
      "block": "minecraft:smooth_stone"
    },
    {
      "char": "A",
      "block": "embellishcraft:air_duct"
    }
  ]
}