{
  "name": "building_restaurant1_top_palette_270",
  "palette": [
    {
      "char": "a",
      "block": "embellishcraft:smooth_marble"
    },
    {
      "char": "b",
      "block": "embellishcraft:polished_marble"
    },
    {
      "char": "c",
      "block": "minecraft:spruce_slab[waterlogged=false,type=top]"
    },
    {
      "char": "d",
      "block": "quark:spruce_ladder[waterlogged=false,facing=east]"
    },
    {
      "char": "e",
      "block": "minecraft:gray_stained_glass_pane[waterlogged=false]"
    },
    {
      "char": "f",
      "block": "minecraft:spruce_planks"
    },
    {
      "char": "g",
      "block": "minecraft:oak_planks"
    },
    {
      "char": "h",
      "block": "embellishcraft:smooth_marble_slab[waterlogged=false,type=top]"
    },
    {
      "char": "i",
      "block": "minecraft:spruce_stairs[waterlogged=false,half=bottom,shape=straight,facing=east]"
    },
    {
      "char": "j",
      "block": "minecraft:light_gray_stained_glass"
    },
    {
      "char": "k",
      "block": "embellishcraft:spruce_fancy_door[hinge=left,half=lower,facing=east,open=false]"
    },
    {
      "char": "l",
      "block": "embellishcraft:spruce_fancy_door[hinge=right,half=lower,facing=east,open=false]"
    },
    {
      "char": "m",
      "block": "cfm:stripped_spruce_table[waterlogged=false]"
    },
    {
      "char": "n",
      "block": "cfm:brown_kitchen_counter[facing=south,type=default]"
    },
    {
      "char": "o",
      "block": "cfm:freezer_light[facing=east,open=false]"
    },
    {
      "char": "p",
      "block": "farmersdelight:spruce_cabinet[facing=north,open=false]",
      "loot": "chestloot"
    },
    {
      "char": "q",
      "block": "minecraft:oak_trapdoor[waterlogged=false,half=top,facing=west,open=false]"
    },
    {
      "char": "r",
      "block": "farmersdelight:stove[lit=false,facing=north]"
    },
    {
      "char": "s",
      "block": "cfm:brown_kitchen_counter[facing=west,type=default]"
    },
    {
      "char": "t",
      "block": "cfm:gray_kitchen_sink[facing=west]"
    },
    {
      "char": "u",
      "block": "minecraft:bookshelf"
    },
    {
      "char": "w",
      "block": "embellishcraft:gray_couch[waterlogged=false,shape=straight,facing=north]"
    },
    {
      "char": "x",
      "block": "embellishcraft:gray_couch[waterlogged=false,shape=straight,facing=south]"
    },
    {
      "char": "y",
      "block": "cfm:oak_hedge[waterlogged=false]"
    },
    {
      "char": "A",
      "block": "create:dark_oak_window_pane[waterlogged=false]"
    },
    {
      "char": "B",
      "block": "cfm:stripped_spruce_coffee_table[waterlogged=false]"
    },
    {
      "char": "C",
      "block": "embellishcraft:smooth_marble_stairs[waterlogged=false,half=bottom,shape=straight,facing=west]"
    },
    {
      "char": "D",
      "block": "embellishcraft:spruce_fancy_door[hinge=left,half=upper,facing=east,open=false]"
    },
    {
      "char": "E",
      "block": "embellishcraft:spruce_fancy_door[hinge=right,half=upper,facing=east,open=false]"
    },
    {
      "char": "F",
      "block": "minecraft:potted_red_tulip"
    },
    {
      "char": "I",
      "block": "cfm:fridge_light[facing=east,open=false]",
      "loot": "chestloot"
    },
    {
      "char": "J",
      "block": "farmersdelight:cooking_pot[waterlogged=false,facing=north,support=none]"
    },
    {
      "char": "K",
      "block": "another_furniture:service_bell[waterlogged=false]"
    },
    {
      "char": "L",
      "block": "farmersdelight:cutting_board[waterlogged=false,facing=north]"
    },
    {
      "char": "M",
      "block": "minecraft:potted_white_tulip"
    },
    {
      "char": "N",
      "block": "cfm:spruce_blinds[waterlogged=false,facing=west,open=true]"
    },
    {
      "char": "O",
      "block": "minecraft:stone_slab[waterlogged=false,type=top]"
    },
    {
      "char": "P",
      "block": "minecraft:lantern[waterlogged=false,hanging=true]"
    },
    {
      "char": "Q",
      "block": "minecraft:spruce_slab[waterlogged=false,type=bottom]"
    },
    {
      "char": "R",
      "block": "minecraft:chain[waterlogged=false,axis=y]",
      "tag": {
        "conditionMet": 1,
        "auto": 1,
        "Command": "fill ~-1 ~ ~ ~ ~ ~ immersivepetroleum:asphalt"
      }
    }
  ]
}