{
  "name": "building_hotel3_top_palette_90",
  "palette": [
    {
      "char": "a",
      "block": "minecraft:gray_stained_glass_pane[waterlogged=false]"
    },
    {
      "char": "b",
      "block": "minecraft:gray_stained_glass"
    },
    {
      "char": "c",
      "block": "minecraft:smooth_stone_slab[waterlogged=false,type=bottom]"
    },
    {
      "char": "d",
      "block": "embellishcraft:steel_wall_ladder[waterlogged=false,facing=west]"
    },
    {
      "char": "e",
      "block": "embellishcraft:smooth_marble"
    },
    {
      "char": "f",
      "block": "embellishcraft:polished_marble"
    },
    {
      "char": "g",
      "block": "minecraft:water"
    },
    {
      "char": "h",
      "block": "embellishcraft:smooth_marble_slab[waterlogged=false,type=bottom]"
    },
    {
      "char": "i",
      "block": "quark:framed_glass_pane[waterlogged=false]"
    },
    {
      "char": "j",
      "block": "embellishcraft:smooth_basalt_wall[waterlogged=false,up=true]"
    },
    {
      "char": "k",
      "block": "minecraft:black_stained_glass_pane[waterlogged=false]"
    },
    {
      "char": "l",
      "block": "embellishcraft:smooth_marble_slab[waterlogged=false,type=top]"
    }
  ]
}