{
  "name": "building_office5_floor1_palette",
  "palette": [
    {
      "char": "a",
      "block": "embellishcraft:smooth_marble"
    },
    {
      "char": "b",
      "block": "create:dark_oak_window_pane[east=true,waterlogged=false,south=false,north=false,west=true]"
    },
    {
      "char": "c",
      "block": "create:dark_oak_window_pane[east=false,waterlogged=false,south=true,north=true,west=false]"
    },
    {
      "char": "d",
      "block": "minecraft:smooth_stone_slab[waterlogged=false,type=top]"
    },
    {
      "char": "e",
      "block": "minecraft:smooth_quartz"
    },
    {
      "char": "f",
      "block": "minecraft:smooth_stone"
    },
    {
      "char": "g",
      "block": "create:dark_oak_window_pane[east=true,waterlogged=false,south=true,north=true,west=false]"
    },
    {
      "char": "h",
      "block": "immersiveengineering:metal_ladder_none[waterlogged=false,facing=south]"
    },
    {
      "char": "i",
      "block": "create:dark_oak_window_pane[east=false,waterlogged=false,south=true,north=true,west=true]"
    },
    {
      "char": "j",
      "block": "create:dark_oak_window_pane[east=true,waterlogged=false,south=false,north=true,west=true]"
    },
    {
      "char": "k",
      "block": "quark:dark_oak_leaf_carpet"
    },
    {
      "char": "l",
      "block": "minecraft:furnace[lit=false,facing=north]"
    },
    {
      "char": "m",
      "block": "quark:dark_oak_hedge[east=false,waterlogged=false,south=false,north=false,west=false]"
    },
    {
      "char": "n",
      "block": "minecraft:oak_stairs[waterlogged=false,half=top,shape=straight,facing=north]"
    },
    {
      "char": "o",
      "block": "embellishcraft:polished_marble_stairs[waterlogged=false,half=bottom,shape=straight,facing=north]"
    },
    {
      "char": "p",
      "block": "embellishcraft:polished_marble_stairs[waterlogged=false,half=bottom,shape=straight,facing=west]"
    },
    {
      "char": "q",
      "block": "minecraft:gray_terracotta"
    },
    {
      "char": "r",
      "block": "embellishcraft:polished_marble_stairs[waterlogged=false,half=bottom,shape=straight,facing=east]"
    },
    {
      "char": "s",
      "block": "embellishcraft:polished_marble_stairs[waterlogged=false,half=bottom,shape=straight,facing=south]"
    },
    {
      "char": "t",
      "block": "immersiveengineering:concrete_quarter"
    },
    {
      "char": "u",
      "block": "minecraft:brewing_stand"
    },
    {
      "char": "w",
      "block": "minecraft:potted_dead_bush"
    },
    {
      "char": "x",
      "block": "minecraft:redstone_torch[lit=true]"
    },
    {
      "char": "y",
      "block": "minecraft:heavy_weighted_pressure_plate"
    },
    {
      "char": "z",
      "block": "minecraft:smooth_quartz_slab[waterlogged=false,type=top]"
    },
    {
      "char": "A",
      "block": "minecraft:quartz_slab[waterlogged=false,type=top]"
    }
  ]
}