{
  "name": "building_apartment1_floor1_palette",
  "palette": [
    {
      "char": "a",
      "block": "minecraft:smooth_quartz_slab[waterlogged=false,type=bottom]"
    },
    {
      "char": "b",
      "block": "minecraft:smooth_stone"
    },
    {
      "char": "c",
      "block": "embellishcraft:smooth_marble_stairs[waterlogged=false,half=bottom,shape=straight,facing=north]"
    },
    {
      "char": "d",
      "block": "minecraft:birch_planks"
    },
    {
      "char": "e",
      "block": "minecraft:birch_stairs[waterlogged=false,half=bottom,shape=straight,facing=west]"
    },
    {
      "char": "f",
      "block": "minecraft:chain[waterlogged=false,axis=y]"
    },
    {
      "char": "g",
      "block": "minecraft:birch_stairs[waterlogged=false,half=bottom,shape=inner_right,facing=west]"
    },
    {
      "char": "h",
      "block": "minecraft:birch_stairs[waterlogged=false,half=bottom,shape=straight,facing=north]"
    },
    {
      "char": "i",
      "block": "minecraft:birch_stairs[waterlogged=false,half=bottom,shape=outer_left,facing=north]"
    },
    {
      "char": "j",
      "block": "minecraft:smooth_quartz_stairs[waterlogged=false,half=top,shape=outer_left,facing=south]"
    },
    {
      "char": "k",
      "block": "minecraft:smooth_quartz_stairs[waterlogged=false,half=top,shape=straight,facing=south]"
    },
    {
      "char": "l",
      "block": "minecraft:smooth_quartz_stairs[waterlogged=false,half=top,shape=outer_right,facing=south]"
    },
    {
      "char": "m",
      "block": "minecraft:smooth_quartz_stairs[waterlogged=false,half=top,shape=straight,facing=east]"
    },
    {
      "char": "n",
      "block": "cfm:stripped_oak_coffee_table[waterlogged=false]"
    },
    {
      "char": "o",
      "block": "minecraft:light_gray_bed[part=head,facing=north,occupied=false]"
    },
    {
      "char": "p",
      "block": "minecraft:smooth_quartz"
    },
    {
      "char": "q",
      "block": "minecraft:cauldron"
    },
    {
      "char": "r",
      "block": "minecraft:quartz_stairs[waterlogged=false,half=top,shape=straight,facing=north]"
    },
    {
      "char": "s",
      "block": "minecraft:smooth_quartz_stairs[waterlogged=false,half=top,shape=straight,facing=west]"
    },
    {
      "char": "t",
      "block": "minecraft:light_gray_bed[part=foot,facing=north,occupied=false]"
    },
    {
      "char": "u",
      "block": "embellishcraft:oak_plain_door[hinge=left,half=lower,facing=west,open=false]"
    },
    {
      "char": "w",
      "block": "quark:smooth_quartz_vertical_slab[waterlogged=false,type=south]"
    },
    {
      "char": "x",
      "block": "embellishcraft:oak_plain_door[hinge=right,half=lower,facing=south,open=false]"
    },
    {
      "char": "y",
      "block": "another_furniture:oak_shelf[waterlogged=false,facing=north,type=right]"
    },
    {
      "char": "z",
      "block": "another_furniture:oak_shelf[waterlogged=false,facing=north,type=left]"
    },
    {
      "char": "A",
      "block": "embellishcraft:oak_plain_door[hinge=left,half=lower,facing=south,open=false]"
    },
    {
      "char": "B",
      "block": "quark:smooth_quartz_vertical_slab[waterlogged=false,type=east]"
    },
    {
      "char": "C",
      "block": "another_furniture:oak_drawer[facing=south,open=false]",
      "loot": "chestloot"
    },
    {
      "char": "D",
      "block": "embellishcraft:oak_plain_door[hinge=right,half=lower,facing=east,open=false]"
    },
    {
      "char": "E",
      "block": "minecraft:oak_planks"
    },
    {
      "char": "F",
      "block": "minecraft:oak_slab[waterlogged=false,type=top]"
    },
    {
      "char": "I",
      "block": "minecraft:iron_door[hinge=right,half=lower,facing=north,open=false]"
    },
    {
      "char": "J",
      "block": "cfm:freezer_light[facing=north,open=false]"
    },
    {
      "char": "K",
      "block": "cfm:light_gray_kitchen_sink[facing=west]"
    },
    {
      "char": "L",
      "block": "embellishcraft:light_gray_couch[waterlogged=false,shape=straight,facing=west]"
    },
    {
      "char": "M",
      "block": "another_furniture:oak_shelf[waterlogged=false,facing=west,type=left]"
    },
    {
      "char": "N",
      "block": "embellishcraft:smooth_marble_stairs[waterlogged=false,half=bottom,shape=straight,facing=south]"
    },
    {
      "char": "O",
      "block": "farmersdelight:spruce_cabinet[facing=east,open=false]",
      "loot": "chestloot"
    },
    {
      "char": "P",
      "block": "another_furniture:oak_shelf[waterlogged=false,facing=west,type=right]"
    },
    {
      "char": "Q",
      "block": "embellishcraft:smooth_marble"
    },
    {
      "char": "R",
      "block": "farmersdelight:stove[lit=false,facing=east]"
    },
    {
      "char": "T",
      "block": "minecraft:birch_slab[waterlogged=false,type=bottom]"
    },
    {
      "char": "U",
      "block": "minecraft:smooth_quartz_stairs[waterlogged=false,half=top,shape=outer_right,facing=north]"
    },
    {
      "char": "V",
      "block": "minecraft:smooth_quartz_stairs[waterlogged=false,half=top,shape=straight,facing=north]"
    },
    {
      "char": "W",
      "block": "create:vertical_framed_glass_pane[waterlogged=false]"
    },
    {
      "char": "X",
      "block": "another_furniture:white_lamp[waterlogged=false,lit=false,facing=south]"
    },
    {
      "char": "Y",
      "block": "minecraft:iron_trapdoor[waterlogged=false,half=bottom,facing=north,open=false]"
    },
    {
      "char": "Z",
      "block": "embellishcraft:oak_plain_door[hinge=left,half=upper,facing=west,open=false]"
    },
    {
      "char": "0",
      "block": "embellishcraft:oak_plain_door[hinge=right,half=upper,facing=south,open=false]"
    },
    {
      "char": "1",
      "block": "embellishcraft:smooth_marble_wall[waterlogged=false,up=true]"
    },
    {
      "char": "2",
      "block": "embellishcraft:oak_plain_door[hinge=left,half=upper,facing=south,open=false]"
    },
    {
      "char": "3",
      "block": "embellishcraft:smooth_marble_wall[waterlogged=false,up=false]"
    },
    {
      "char": "4",
      "block": "minecraft:iron_trapdoor[waterlogged=false,half=bottom,facing=south,open=false]"
    },
    {
      "char": "5",
      "block": "embellishcraft:oak_plain_door[hinge=right,half=upper,facing=east,open=false]"
    },
    {
      "char": "6",
      "block": "minecraft:iron_door[hinge=right,half=upper,facing=north,open=false]"
    },
    {
      "char": "7",
      "block": "cfm:fridge_light[facing=north,open=false]",
      "loot": "chestloot"
    },
    {
      "char": "8",
      "block": "create:display_board[waterlogged=false,facing=west,up=true]"
    },
    {
      "char": "9",
      "block": "farmersdelight:cutting_board[waterlogged=false,facing=south]"
    },
    {
      "char": "@",
      "block": "embellishcraft:smooth_marble_stairs[waterlogged=false,half=top,shape=straight,facing=east]"
    },
    {
      "char": "$",
      "block": "farmersdelight:cooking_pot[waterlogged=false,facing=east,support=none]"
    },
    {
      "char": "%",
      "block": "another_furniture:light_gray_curtain[waterlogged=false,top=true,facing=east,type=right,open=false]"
    },
    {
      "char": "&",
      "block": "another_furniture:light_gray_curtain[waterlogged=false,top=true,facing=west,type=left,open=true]"
    },
    {
      "char": "*",
      "block": "another_furniture:light_gray_curtain[waterlogged=false,top=true,facing=east,type=middle,open=false]"
    },
    {
      "char": "(",
      "block": "another_furniture:light_gray_curtain[waterlogged=false,top=true,facing=west,type=middle,open=true]"
    },
    {
      "char": ")",
      "block": "another_furniture:light_gray_curtain[waterlogged=false,top=true,facing=east,type=left,open=false]"
    },
    {
      "char": "+",
      "block": "another_furniture:light_gray_curtain[waterlogged=false,top=true,facing=west,type=right,open=true]"
    },
    {
      "char": "-",
      "block": "minecraft:lantern[waterlogged=false,hanging=true]"
    },
    {
      "char": "[",
      "block": "create:display_board[waterlogged=false,facing=west,up=false]"
    },
    {
      "char": "]",
      "block": "embellishcraft:smooth_marble_stairs[waterlogged=false,half=bottom,shape=straight,facing=west]"
    },
    {
      "char": "{",
      "block": "another_furniture:light_gray_curtain[waterlogged=false,top=true,facing=north,type=right,open=false]"
    },
    {
      "char": "}",
      "block": "another_furniture:light_gray_curtain[waterlogged=false,top=true,facing=north,type=middle,open=false]"
    },
    {
      "char": "\\",
      "block": "another_furniture:light_gray_curtain[waterlogged=false,top=true,facing=north,type=left,open=false]"
    },
    {
      "char": "|",
      "block": "minecraft:birch_slab[waterlogged=false,type=top]"
    },
    {
      "char": "`",
      "block": "minecraft:birch_stairs[waterlogged=false,half=top,shape=straight,facing=east]"
    },
    {
      "char": ":",
      "block": "embellishcraft:smooth_marble_stairs[waterlogged=false,half=top,shape=straight,facing=south]"
    },
    {
      "char": ";",
      "block": "minecraft:quartz_block"
    }
  ]
}