{
  "name": "building_hotel3_base1_palette",
  "palette": [
    {
      "char": "a",
      "block": "minecraft:gray_terracotta"
    },
    {
      "char": "b",
      "block": "minecraft:smooth_stone"
    },
    {
      "char": "c",
      "block": "embellishcraft:smooth_marble"
    },
    {
      "char": "d",
      "block": "quark:iron_ladder[waterlogged=false,facing=south]"
    },
    {
      "char": "e",
      "block": "cfm:freezer_light[facing=north,open=false]"
    },
    {
      "char": "f",
      "block": "farmersdelight:oak_cabinet[facing=south,open=false]",
      "loot": "chestloot"
    },
    {
      "char": "g",
      "block": "farmersdelight:stove[lit=false,facing=south]"
    },
    {
      "char": "h",
      "block": "minecraft:water_cauldron"
    },
    {
      "char": "i",
      "block": "minecraft:spruce_planks"
    },
    {
      "char": "j",
      "block": "cfm:gray_kitchen_counter[facing=west,type=default]"
    },
    {
      "char": "k",
      "block": "farmersdelight:potato_crate"
    },
    {
      "char": "l",
      "block": "cfm:gray_kitchen_counter[facing=east,type=left_corner_inverted]"
    },
    {
      "char": "m",
      "block": "cfm:gray_kitchen_counter[facing=south,type=default]"
    },
    {
      "char": "n",
      "block": "cfm:gray_kitchen_counter[facing=west,type=right_corner_inverted]"
    },
    {
      "char": "o",
      "block": "cfm:gray_kitchen_counter[facing=east,type=default]"
    },
    {
      "char": "p",
      "block": "cfm:gray_kitchen_counter[facing=east,type=right_corner_inverted]"
    },
    {
      "char": "q",
      "block": "cfm:gray_kitchen_counter[facing=north,type=default]"
    },
    {
      "char": "r",
      "block": "cfm:gray_kitchen_counter[facing=west,type=left_corner_inverted]"
    },
    {
      "char": "s",
      "block": "minecraft:gray_stained_glass_pane[waterlogged=false]"
    },
    {
      "char": "t",
      "block": "minecraft:spruce_stairs[waterlogged=false,half=bottom,shape=straight,facing=west]"
    },
    {
      "char": "u",
      "block": "quark:iron_rod[facing=up]"
    },
    {
      "char": "w",
      "block": "minecraft:spruce_stairs[waterlogged=false,half=bottom,shape=straight,facing=east]"
    },
    {
      "char": "x",
      "block": "cfm:fridge_light[facing=north,open=false]",
      "loot": "chestloot"
    },
    {
      "char": "y",
      "block": "farmersdelight:cutting_board[waterlogged=false,facing=south]"
    },
    {
      "char": "A",
      "block": "farmersdelight:honey_glazed_ham_block[servings=4,facing=south]"
    },
    {
      "char": "B",
      "block": "farmersdelight:cooking_pot[waterlogged=false,facing=south,support=none]"
    },
    {
      "char": "C",
      "block": "immersiveengineering:concrete_quarter"
    },
    {
      "char": "D",
      "block": "minecraft:lantern[waterlogged=false,hanging=true]"
    },
    {
      "char": "E",
      "block": "minecraft:chain[waterlogged=false,axis=y]",
      "tag": {
        "conditionMet": 1,
        "auto": 1,
        "Command": "fill ~-1 ~ ~ ~ ~ ~ immersivepetroleum:asphalt"
      }
    },
    {
      "char": "F",
      "block": "minecraft:quartz_block"
    }
  ]
}