{
  "name": "cabin_3_1_palette",
  "palette": [
    {
      "char": "a",
      "block": "minecraft:dirt"
    },
    {
      "char": "b",
      "block": "minecraft:dirt_path"
    },
    {
      "char": "c",
      "block": "minecraft:stripped_oak_log[axis=y]"
    },
    {
      "char": "d",
      "block": "minecraft:smooth_stone"
    },
    {
      "char": "e",
      "block": "minecraft:oak_planks"
    },
    {
      "char": "f",
      "block": "minecraft:grass"
    },
    {
      "char": "g",
      "block": "cfm:oak_hedge[waterlogged=false]"
    },
    {
      "char": "h",
      "block": "embellishcraft:oak_plain_door[hinge=right,half=lower,facing=north,open=false]"
    },
    {
      "char": "i",
      "block": "minecraft:smooth_quartz"
    },
    {
      "char": "j",
      "block": "minecraft:furnace[lit=false,facing=south]"
    },
    {
      "char": "k",
      "block": "minecraft:jukebox"
    },
    {
      "char": "l",
      "block": "minecraft:red_bed[part=foot,facing=east,occupied=false]"
    },
    {
      "char": "m",
      "block": "minecraft:red_bed[part=head,facing=east,occupied=false]"
    },
    {
      "char": "n",
      "block": "minecraft:white_wool"
    },
    {
      "char": "o",
      "block": "embellishcraft:oak_plain_door[hinge=left,half=lower,facing=south,open=false]"
    },
    {
      "char": "p",
      "block": "minecraft:crafting_table"
    },
    {
      "char": "q",
      "block": "embellishcraft:oak_wooden_crate"
    },
    {
      "char": "r",
      "block": "minecraft:barrel[facing=south,open=false]"
    },
    {
      "char": "s",
      "block": "minecraft:composter"
    },
    {
      "char": "t",
      "block": "another_furniture:oak_planter_box[attached=false,facing=south,type=left]"
    },
    {
      "char": "u",
      "block": "another_furniture:oak_planter_box[attached=false,facing=south,type=middle]"
    },
    {
      "char": "w",
      "block": "another_furniture:oak_planter_box[attached=false,facing=south,type=right]"
    },
    {
      "char": "x",
      "block": "minecraft:oak_fence[waterlogged=false]"
    },
    {
      "char": "y",
      "block": "minecraft:oak_fence_gate[facing=east,open=false]"
    },
    {
      "char": "z",
      "block": "cfm:oak_park_bench[waterlogged=false,facing=east,type=left]"
    },
    {
      "char": "A",
      "block": "cfm:oak_park_bench[waterlogged=false,facing=east,type=right]"
    },
    {
      "char": "B",
      "block": "minecraft:polished_andesite_slab[waterlogged=false,type=top]"
    },
    {
      "char": "C",
      "block": "minecraft:polished_andesite_stairs[waterlogged=false,half=bottom,shape=straight,facing=west]"
    },
    {
      "char": "D",
      "block": "minecraft:polished_andesite_slab[waterlogged=false,type=bottom]"
    },
    {
      "char": "E",
      "block": "embellishcraft:oak_plain_door[hinge=right,half=upper,facing=north,open=false]"
    },
    {
      "char": "F",
      "block": "quark:acacia_post[waterlogged=false,chain_up=false,axis=y]"
    },
    {
      "char": "I",
      "block": "create:framed_glass_pane[waterlogged=false]"
    },
    {
      "char": "J",
      "block": "minecraft:stone_stairs[waterlogged=false,half=bottom,shape=straight,facing=west]"
    },
    {
      "char": "K",
      "block": "minecraft:stone_slab[waterlogged=false,type=top]"
    },
    {
      "char": "L",
      "block": "embellishcraft:oak_plain_door[hinge=left,half=upper,facing=south,open=false]"
    },
    {
      "char": "M",
      "block": "minecraft:lantern[waterlogged=false,hanging=true]"
    },
    {
      "char": "N",
      "block": "minecraft:oak_slab[waterlogged=false,type=bottom]"
    },
    {
      "char": "O",
      "block": "minecraft:stone_stairs[waterlogged=false,half=top,shape=straight,facing=north]"
    },
    {
      "char": "P",
      "block": "minecraft:stone_slab[waterlogged=false,type=bottom]"
    },
    {
      "char": "Q",
      "block": "minecraft:stone_stairs[waterlogged=false,half=top,shape=straight,facing=south]"
    }
  ]
}