{
  "name": "cabin_4_1_palette",
  "palette": [
    {
      "char": "a",
      "block": "minecraft:dirt"
    },
    {
      "char": "b",
      "block": "minecraft:dirt_path"
    },
    {
      "char": "c",
      "block": "minecraft:spruce_planks"
    },
    {
      "char": "d",
      "block": "minecraft:stripped_spruce_log[axis=y]"
    },
    {
      "char": "e",
      "block": "minecraft:smooth_stone"
    },
    {
      "char": "f",
      "block": "minecraft:spruce_fence[waterlogged=false]"
    },
    {
      "char": "g",
      "block": "cfm:oak_hedge[waterlogged=false]"
    },
    {
      "char": "h",
      "block": "embellishcraft:smooth_marble_wall[waterlogged=false,up=false]"
    },
    {
      "char": "i",
      "block": "cfm:freezer_light[facing=east,open=false]"
    },
    {
      "char": "j",
      "block": "embellishcraft:smooth_marble"
    },
    {
      "char": "k",
      "block": "minecraft:fern"
    },
    {
      "char": "l",
      "block": "minecraft:grass"
    },
    {
      "char": "m",
      "block": "create:dark_oak_window_pane[waterlogged=false]"
    },
    {
      "char": "n",
      "block": "cfm:brown_kitchen_counter[facing=east,type=default]"
    },
    {
      "char": "o",
      "block": "cfm:oak_park_bench[waterlogged=false,facing=east,type=left]"
    },
    {
      "char": "p",
      "block": "cfm:brown_kitchen_sink[facing=east]"
    },
    {
      "char": "q",
      "block": "cfm:oak_park_bench[waterlogged=false,facing=east,type=right]"
    },
    {
      "char": "r",
      "block": "cfm:brown_kitchen_drawer[facing=east,open=false]",
      "loot": "chestloot"
    },
    {
      "char": "s",
      "block": "minecraft:spruce_sapling"
    },
    {
      "char": "t",
      "block": "cfm:brown_kitchen_counter[facing=south,type=default]"
    },
    {
      "char": "u",
      "block": "cfm:brown_kitchen_counter[facing=south,type=left_corner]"
    },
    {
      "char": "w",
      "block": "embellishcraft:white_couch[waterlogged=false,shape=straight,facing=north]"
    },
    {
      "char": "x",
      "block": "cfm:stripped_oak_table[waterlogged=false]"
    },
    {
      "char": "y",
      "block": "embellishcraft:white_couch[waterlogged=false,shape=straight,facing=east]"
    },
    {
      "char": "z",
      "block": "embellishcraft:smooth_marble_wall[waterlogged=false,up=true]"
    },
    {
      "char": "A",
      "block": "cfm:fridge_light[facing=east,open=false]",
      "loot": "chestloot"
    },
    {
      "char": "B",
      "block": "minecraft:lantern[waterlogged=false,hanging=false]"
    },
    {
      "char": "C",
      "block": "minecraft:spruce_stairs[waterlogged=false,half=bottom,shape=straight,facing=east]"
    },
    {
      "char": "D",
      "block": "minecraft:quartz_slab[waterlogged=false,type=top]"
    },
    {
      "char": "E",
      "block": "minecraft:spruce_stairs[waterlogged=false,half=bottom,shape=straight,facing=west]"
    },
    {
      "char": "F",
      "block": "minecraft:spruce_stairs[waterlogged=false,half=bottom,shape=outer_left,facing=east]"
    },
    {
      "char": "I",
      "block": "minecraft:spruce_stairs[waterlogged=false,half=bottom,shape=straight,facing=north]"
    },
    {
      "char": "J",
      "block": "minecraft:spruce_stairs[waterlogged=false,half=bottom,shape=outer_right,facing=west]"
    },
    {
      "char": "K",
      "block": "minecraft:spruce_slab[waterlogged=false,type=bottom]"
    },
    {
      "char": "L",
      "block": "minecraft:farmland"
    },
    {
      "char": "M",
      "block": "minecraft:stone_brick_stairs[waterlogged=true,half=bottom,shape=straight,facing=south]"
    }
  ]
}