{
  "name": "cabin_3_0_palette",
  "palette": [
    {
      "char": "a",
      "block": "minecraft:dirt"
    },
    {
      "char": "b",
      "block": "minecraft:dirt_path"
    },
    {
      "char": "c",
      "block": "minecraft:stripped_oak_log[axis=y]"
    },
    {
      "char": "d",
      "block": "minecraft:smooth_stone"
    },
    {
      "char": "e",
      "block": "minecraft:oak_planks"
    },
    {
      "char": "f",
      "block": "minecraft:grass"
    },
    {
      "char": "g",
      "block": "minecraft:oak_fence[waterlogged=false]"
    },
    {
      "char": "h",
      "block": "cfm:oak_hedge[waterlogged=false]"
    },
    {
      "char": "i",
      "block": "minecraft:tall_grass[half=lower]"
    },
    {
      "char": "j",
      "block": "minecraft:hay_block[axis=y]"
    },
    {
      "char": "k",
      "block": "quark:stripped_oak_post[waterlogged=false,chain_up=false,axis=y]"
    },
    {
      "char": "l",
      "block": "minecraft:smooth_quartz"
    },
    {
      "char": "m",
      "block": "embellishcraft:oak_plain_door[hinge=left,half=lower,facing=north,open=false]"
    },
    {
      "char": "n",
      "block": "create:framed_glass_pane[waterlogged=false]"
    },
    {
      "char": "o",
      "block": "embellishcraft:oak_plain_door[hinge=right,half=lower,facing=south,open=false]"
    },
    {
      "char": "p",
      "block": "minecraft:oak_fence_gate[facing=east,open=false]"
    },
    {
      "char": "q",
      "block": "cfm:oak_park_bench[waterlogged=false,facing=west,type=right]"
    },
    {
      "char": "r",
      "block": "cfm:oak_park_bench[waterlogged=false,facing=west,type=left]"
    },
    {
      "char": "s",
      "block": "minecraft:cornflower"
    },
    {
      "char": "t",
      "block": "minecraft:tall_grass[half=upper]"
    },
    {
      "char": "u",
      "block": "embellishcraft:oak_plain_door[hinge=left,half=upper,facing=north,open=false]"
    },
    {
      "char": "w",
      "block": "embellishcraft:oak_plain_door[hinge=right,half=upper,facing=south,open=false]"
    },
    {
      "char": "x",
      "block": "minecraft:oak_slab[waterlogged=false,type=bottom]"
    },
    {
      "char": "y",
      "block": "minecraft:polished_andesite_slab[waterlogged=false,type=top]"
    },
    {
      "char": "z",
      "block": "minecraft:polished_deepslate_slab[waterlogged=false,type=bottom]"
    },
    {
      "char": "A",
      "block": "minecraft:stone_slab[waterlogged=false,type=top]"
    },
    {
      "char": "B",
      "block": "minecraft:polished_andesite_stairs[waterlogged=false,half=bottom,shape=straight,facing=west]"
    },
    {
      "char": "C",
      "block": "minecraft:polished_andesite_slab[waterlogged=false,type=bottom]"
    },
    {
      "char": "D",
      "block": "minecraft:stone_stairs[waterlogged=false,half=bottom,shape=straight,facing=west]"
    },
    {
      "char": "E",
      "block": "minecraft:stone_slab[waterlogged=false,type=bottom]"
    }
  ]
}