{
  "name": "cabin_2_palette",
  "palette": [
    {
      "char": "a",
      "block": "minecraft:cracked_stone_bricks"
    },
    {
      "char": "b",
      "block": "minecraft:mossy_stone_bricks"
    },
    {
      "char": "c",
      "block": "minecraft:smooth_stone"
    },
    {
      "char": "d",
      "block": "minecraft:hay_block[axis=y]"
    },
    {
      "char": "e",
      "block": "minecraft:stone_brick_wall[waterlogged=false,up=true]"
    },
    {
      "char": "f",
      "block": "minecraft:grass"
    },
    {
      "char": "g",
      "block": "minecraft:fern"
    },
    {
      "char": "h",
      "block": "minecraft:oak_sapling"
    },
    {
      "char": "i",
      "block": "minecraft:campfire[waterlogged=false,lit=true,facing=east]"
    },
    {
      "char": "j",
      "block": "minecraft:spruce_fence[waterlogged=false]"
    },
    {
      "char": "k",
      "block": "cold_sweat:boiler[lit=false,facing=north]"
    },
    {
      "char": "l",
      "block": "minecraft:stripped_oak_log[axis=y]"
    },
    {
      "char": "m",
      "block": "minecraft:oak_planks"
    },
    {
      "char": "n",
      "block": "minecraft:dark_oak_door[hinge=right,half=lower,facing=west,open=false]"
    },
    {
      "char": "o",
      "block": "cold_sweat:icebox[facing=west]"
    },
    {
      "char": "p",
      "block": "minecraft:dark_oak_door[hinge=left,half=lower,facing=west,open=false]"
    },
    {
      "char": "q",
      "block": "minecraft:crafting_table"
    },
    {
      "char": "r",
      "block": "minecraft:pink_tulip"
    },
    {
      "char": "s",
      "block": "another_furniture:oak_shelf[waterlogged=false,facing=west,type=left]"
    },
    {
      "char": "t",
      "block": "minecraft:white_tulip"
    },
    {
      "char": "u",
      "block": "minecraft:red_bed[part=foot,facing=south,occupied=false]"
    },
    {
      "char": "w",
      "block": "another_furniture:oak_shelf[waterlogged=false,facing=west,type=right]"
    },
    {
      "char": "x",
      "block": "minecraft:red_bed[part=head,facing=south,occupied=false]"
    },
    {
      "char": "y",
      "block": "minecraft:mossy_stone_brick_wall[waterlogged=false,up=true]"
    },
    {
      "char": "z",
      "block": "minecraft:cobblestone_wall[waterlogged=false,up=true]"
    },
    {
      "char": "A",
      "block": "minecraft:dark_oak_door[hinge=right,half=upper,facing=west,open=false]"
    },
    {
      "char": "B",
      "block": "minecraft:dark_oak_door[hinge=left,half=upper,facing=west,open=false]"
    },
    {
      "char": "C",
      "block": "minecraft:glass_pane[waterlogged=false]"
    },
    {
      "char": "D",
      "block": "marbleds_arsenal:medicine_cabinet[facing=north]",
      "loot": "chestloot"
    },
    {
      "char": "E",
      "block": "minecraft:lantern[waterlogged=false,hanging=true]"
    },
    {
      "char": "F",
      "block": "minecraft:granite"
    },
    {
      "char": "I",
      "block": "minecraft:polished_granite"
    },
    {
      "char": "J",
      "block": "minecraft:glass"
    }
  ]
}