{
  "name": "campsite_1_1_palette",
  "palette": [
    {
      "char": "a",
      "block": "minecraft:dirt"
    },
    {
      "char": "b",
      "block": "minecraft:sandstone"
    },
    {
      "char": "c",
      "block": "minecraft:grass"
    },
    {
      "char": "d",
      "block": "minecraft:tall_grass[half=lower]"
    },
    {
      "char": "e",
      "block": "minecraft:campfire[waterlogged=false,lit=true,facing=east]"
    },
    {
      "char": "f",
      "block": "minecraft:azure_bluet"
    },
    {
      "char": "g",
      "block": "biomesoplenty:redwood_planks"
    },
    {
      "char": "h",
      "block": "minecraft:dandelion"
    },
    {
      "char": "i",
      "block": "biomesoplenty:redwood_door[hinge=right,half=lower,facing=west,open=false]"
    },
    {
      "char": "j",
      "block": "minecraft:white_carpet"
    },
    {
      "char": "k",
      "block": "biomesoplenty:redwood_trapdoor[waterlogged=false,half=bottom,facing=west,open=true]"
    },
    {
      "char": "l",
      "block": "biomesoplenty:redwood_door[hinge=left,half=lower,facing=west,open=false]"
    },
    {
      "char": "m",
      "block": "minecraft:birch_sapling"
    },
    {
      "char": "n",
      "block": "biomesoplenty:willow_door[hinge=left,half=lower,facing=north,open=false]"
    },
    {
      "char": "o",
      "block": "biomesoplenty:willow_door[hinge=right,half=lower,facing=north,open=false]"
    },
    {
      "char": "p",
      "block": "biomesoplenty:willow_planks"
    },
    {
      "char": "q",
      "block": "minecraft:light_gray_carpet"
    },
    {
      "char": "r",
      "block": "biomesoplenty:willow_trapdoor[waterlogged=false,half=bottom,facing=north,open=true]"
    },
    {
      "char": "s",
      "block": "minecraft:poppy"
    },
    {
      "char": "t",
      "block": "minecraft:tall_grass[half=upper]"
    },
    {
      "char": "u",
      "block": "biomesoplenty:redwood_stairs[waterlogged=false,half=bottom,shape=straight,facing=south]"
    },
    {
      "char": "w",
      "block": "biomesoplenty:redwood_door[hinge=right,half=upper,facing=west,open=false]"
    },
    {
      "char": "x",
      "block": "biomesoplenty:redwood_door[hinge=left,half=upper,facing=west,open=false]"
    },
    {
      "char": "y",
      "block": "biomesoplenty:redwood_stairs[waterlogged=false,half=bottom,shape=straight,facing=north]"
    },
    {
      "char": "z",
      "block": "biomesoplenty:willow_door[hinge=left,half=upper,facing=north,open=false]"
    },
    {
      "char": "A",
      "block": "biomesoplenty:willow_door[hinge=right,half=upper,facing=north,open=false]"
    },
    {
      "char": "B",
      "block": "biomesoplenty:willow_stairs[waterlogged=false,half=bottom,shape=straight,facing=east]"
    },
    {
      "char": "C",
      "block": "biomesoplenty:willow_stairs[waterlogged=false,half=bottom,shape=straight,facing=west]"
    }
  ]
}