{
  "name": "campsite_1_0_palette",
  "palette": [
    {
      "char": "a",
      "block": "minecraft:dirt"
    },
    {
      "char": "b",
      "block": "minecraft:sandstone"
    },
    {
      "char": "c",
      "block": "minecraft:tall_grass[half=lower]"
    },
    {
      "char": "d",
      "block": "minecraft:grass"
    },
    {
      "char": "e",
      "block": "minecraft:dandelion"
    },
    {
      "char": "f",
      "block": "minecraft:birch_sapling"
    },
    {
      "char": "g",
      "block": "biomesoplenty:magic_planks"
    },
    {
      "char": "h",
      "block": "biomesoplenty:magic_trapdoor[waterlogged=false,half=bottom,facing=south,open=true]"
    },
    {
      "char": "i",
      "block": "minecraft:white_carpet"
    },
    {
      "char": "j",
      "block": "biomesoplenty:magic_door[hinge=right,half=lower,facing=south,open=false]"
    },
    {
      "char": "k",
      "block": "biomesoplenty:magic_door[hinge=left,half=lower,facing=south,open=false]"
    },
    {
      "char": "l",
      "block": "biomesoplenty:palm_planks"
    },
    {
      "char": "m",
      "block": "minecraft:oxeye_daisy"
    },
    {
      "char": "n",
      "block": "biomesoplenty:palm_door[hinge=right,half=lower,facing=west,open=false]"
    },
    {
      "char": "o",
      "block": "minecraft:brown_carpet"
    },
    {
      "char": "p",
      "block": "biomesoplenty:palm_trapdoor[waterlogged=false,half=bottom,facing=west,open=true]"
    },
    {
      "char": "q",
      "block": "biomesoplenty:palm_door[hinge=left,half=lower,facing=west,open=false]"
    },
    {
      "char": "r",
      "block": "another_furniture:birch_bench[type_2=single,waterlogged=false,type_1=single,facing=south]"
    },
    {
      "char": "s",
      "block": "cfm:stripped_birch_coffee_table[waterlogged=false]"
    },
    {
      "char": "t",
      "block": "another_furniture:birch_bench[type_2=single,waterlogged=false,type_1=single,facing=west]"
    },
    {
      "char": "u",
      "block": "another_furniture:birch_bench[type_2=single,waterlogged=false,type_1=single,facing=north]"
    },
    {
      "char": "w",
      "block": "minecraft:tall_grass[half=upper]"
    },
    {
      "char": "x",
      "block": "biomesoplenty:magic_stairs[waterlogged=false,half=bottom,shape=straight,facing=east]"
    },
    {
      "char": "y",
      "block": "biomesoplenty:magic_stairs[waterlogged=false,half=bottom,shape=straight,facing=west]"
    },
    {
      "char": "z",
      "block": "biomesoplenty:magic_door[hinge=right,half=upper,facing=south,open=false]"
    },
    {
      "char": "A",
      "block": "biomesoplenty:magic_door[hinge=left,half=upper,facing=south,open=false]"
    },
    {
      "char": "B",
      "block": "biomesoplenty:palm_stairs[waterlogged=false,half=bottom,shape=straight,facing=south]"
    },
    {
      "char": "C",
      "block": "biomesoplenty:palm_door[hinge=right,half=upper,facing=west,open=false]"
    },
    {
      "char": "D",
      "block": "biomesoplenty:palm_door[hinge=left,half=upper,facing=west,open=false]"
    },
    {
      "char": "E",
      "block": "biomesoplenty:palm_stairs[waterlogged=false,half=bottom,shape=straight,facing=north]"
    }
  ]
}