{
  "name": "fountain_8_palette",
  "palette": [
    {
      "char": "a",
      "block": "minecraft:quartz_block"
    },
    {
      "char": "b",
      "block": "minecraft:quartz_stairs[waterlogged=false,half=bottom,shape=straight,facing=west]"
    },
    {
      "char": "c",
      "block": "minecraft:quartz_slab[waterlogged=false,type=bottom]"
    },
    {
      "char": "d",
      "block": "minecraft:quartz_stairs[waterlogged=false,half=bottom,shape=straight,facing=east]"
    },
    {
      "char": "e",
      "block": "embellishcraft:polished_paving_slab[waterlogged=false,type=bottom]"
    },
    {
      "char": "f",
      "block": "minecraft:quartz_stairs[waterlogged=true,half=bottom,shape=straight,facing=north]"
    },
    {
      "char": "g",
      "block": "minecraft:quartz_stairs[waterlogged=false,half=bottom,shape=straight,facing=north]"
    },
    {
      "char": "h",
      "block": "minecraft:quartz_stairs[waterlogged=true,half=bottom,shape=straight,facing=west]"
    },
    {
      "char": "i",
      "block": "minecraft:oak_log[axis=y]"
    },
    {
      "char": "j",
      "block": "minecraft:quartz_stairs[waterlogged=true,half=bottom,shape=straight,facing=east]"
    },
    {
      "char": "k",
      "block": "minecraft:quartz_stairs[waterlogged=false,half=bottom,shape=straight,facing=south]"
    },
    {
      "char": "l",
      "block": "minecraft:quartz_stairs[waterlogged=true,half=bottom,shape=straight,facing=south]"
    },
    {
      "char": "m",
      "block": "minecraft:stone_brick_wall[waterlogged=false,up=true]"
    },
    {
      "char": "n",
      "block": "minecraft:oak_leaves"
    },
    {
      "char": "o",
      "block": "minecraft:dandelion"
    },
    {
      "char": "p",
      "block": "minecraft:azure_bluet"
    },
    {
      "char": "q",
      "block": "minecraft:oxeye_daisy"
    },
    {
      "char": "r",
      "block": "minecraft:poppy"
    },
    {
      "char": "s",
      "block": "cfm:light_gray_picket_fence[waterlogged=false]"
    },
    {
      "char": "t",
      "block": "minecraft:chain[waterlogged=false,axis=y]"
    },
    {
      "char": "u",
      "block": "minecraft:lantern[waterlogged=false,hanging=true]"
    },
    {
      "char": "w",
      "block": "minecraft:iron_trapdoor[waterlogged=false,half=top,facing=south,open=false]"
    },
    {
      "char": "x",
      "block": "minecraft:iron_trapdoor[waterlogged=false,half=top,facing=east,open=false]"
    },
    {
      "char": "y",
      "block": "minecraft:iron_trapdoor[waterlogged=false,half=top,facing=west,open=false]"
    },
    {
      "char": "z",
      "block": "minecraft:iron_trapdoor[waterlogged=false,half=top,facing=north,open=false]"
    },
    {
      "char": "A",
      "block": "minecraft:iron_trapdoor[waterlogged=false,half=bottom,facing=north,open=false]"
    },
    {
      "char": "B",
      "block": "minecraft:stone_slab[waterlogged=false,type=bottom]"
    },
    {
      "char": "C",
      "block": "minecraft:iron_trapdoor[waterlogged=false,half=bottom,facing=west,open=false]"
    },
    {
      "char": "D",
      "block": "minecraft:iron_trapdoor[waterlogged=false,half=bottom,facing=east,open=false]"
    },
    {
      "char": "E",
      "block": "minecraft:iron_trapdoor[waterlogged=false,half=bottom,facing=south,open=false]"
    }
  ]
}