{
  "name": "fountain_7_palette",
  "palette": [
    {
      "char": "a",
      "block": "minecraft:stone_brick_stairs[waterlogged=false,half=bottom,shape=straight,facing=south]"
    },
    {
      "char": "b",
      "block": "minecraft:stone_brick_stairs[waterlogged=false,half=bottom,shape=straight,facing=east]"
    },
    {
      "char": "c",
      "block": "minecraft:dirt"
    },
    {
      "char": "d",
      "block": "minecraft:stone_brick_stairs[waterlogged=false,half=bottom,shape=straight,facing=west]"
    },
    {
      "char": "e",
      "block": "embellishcraft:diorite_large_bricks"
    },
    {
      "char": "f",
      "block": "create:cut_limestone_bricks"
    },
    {
      "char": "g",
      "block": "embellishcraft:diorite_large_bricks_stairs[waterlogged=false,half=bottom,shape=straight,facing=west]"
    },
    {
      "char": "h",
      "block": "embellishcraft:diorite_large_bricks_slab[waterlogged=false,type=bottom]"
    },
    {
      "char": "i",
      "block": "create:cut_limestone_brick_stairs[waterlogged=false,half=bottom,shape=straight,facing=west]"
    },
    {
      "char": "j",
      "block": "create:cut_limestone_brick_slab[waterlogged=false,type=bottom]"
    },
    {
      "char": "k",
      "block": "minecraft:stone_brick_stairs[waterlogged=false,half=bottom,shape=straight,facing=north]"
    },
    {
      "char": "l",
      "block": "quark:smooth_stone_vertical_slab[waterlogged=false,type=north]"
    },
    {
      "char": "m",
      "block": "minecraft:stone_brick_wall[waterlogged=false,up=true]"
    },
    {
      "char": "n",
      "block": "quark:smooth_stone_vertical_slab[waterlogged=false,type=west]"
    },
    {
      "char": "o",
      "block": "quark:smooth_stone_vertical_slab[waterlogged=false,type=east]"
    },
    {
      "char": "p",
      "block": "quark:smooth_stone_vertical_slab[waterlogged=false,type=south]"
    },
    {
      "char": "q",
      "block": "minecraft:oak_log[axis=y]"
    },
    {
      "char": "r",
      "block": "quark:oak_hedge[waterlogged=false]"
    },
    {
      "char": "s",
      "block": "cfm:stripped_oak_park_bench[waterlogged=false,facing=north,type=left]"
    },
    {
      "char": "t",
      "block": "cfm:stripped_oak_park_bench[waterlogged=false,facing=north,type=right]"
    },
    {
      "char": "u",
      "block": "cfm:stripped_oak_park_bench[waterlogged=false,facing=west,type=right]"
    },
    {
      "char": "w",
      "block": "cfm:stripped_oak_park_bench[waterlogged=false,facing=west,type=left]"
    },
    {
      "char": "x",
      "block": "cfm:stripped_oak_park_bench[waterlogged=false,facing=south,type=right]"
    },
    {
      "char": "y",
      "block": "cfm:stripped_oak_park_bench[waterlogged=false,facing=south,type=left]"
    },
    {
      "char": "z",
      "block": "minecraft:oak_leaves"
    },
    {
      "char": "A",
      "block": "quark:oak_leaf_carpet"
    },
    {
      "char": "B",
      "block": "minecraft:pink_tulip"
    },
    {
      "char": "C",
      "block": "minecraft:lily_of_the_valley"
    },
    {
      "char": "D",
      "block": "minecraft:oak_sapling"
    },
    {
      "char": "E",
      "block": "minecraft:lantern[waterlogged=false,hanging=false]"
    },
    {
      "char": "F",
      "block": "minecraft:white_tulip"
    },
    {
      "char": "I",
      "block": "quark:spruce_leaf_carpet"
    },
    {
      "char": "J",
      "block": "minecraft:spruce_sapling"
    }
  ]
}