{
  "name": "fountain_3_palette",
  "palette": [
    {
      "char": "a",
      "block": "minecraft:smooth_stone_slab[waterlogged=false,type=bottom]"
    },
    {
      "char": "b",
      "block": "minecraft:dirt"
    },
    {
      "char": "c",
      "block": "minecraft:white_wool"
    },
    {
      "char": "d",
      "block": "minecraft:gray_wool"
    },
    {
      "char": "e",
      "block": "simplylight:rodlamp[waterlogged=false,axis=y]"
    },
    {
      "char": "f",
      "block": "minecraft:white_stained_glass"
    }
  ]
}