{
  "name": "highway_bridge_palette",
  "palette": [
    {
      "char": "!",
      "block": "minecraft:diamond_block",
      "mob": "easymobs"
    },
    {
      "char": "~",
      "block": "minecraft:command_block"
    },
    {
      "char": "G",
      "block": "minecraft:grass_block"
    },
    {
      "char": "H",
      "block": "immersivepetroleum:asphalt"
    },
    {
      "char": "S",
      "block": "minecraft:stone"
    },
    {
      "char": "=",
      "block": "immersiveengineering:concrete"
    },
    {
      "char": "_",
      "block": "embellishcraft:gneiss_large_bricks_wall"
    },
    {
      "char": "^",
      "block": "minecraft:water"
    },
    {
      "char": "v",
      "block": "minecraft:stone_bricks"
    },
    {
      "char": "#",
      "block": "minecraft:chest",
      "loot": "chestloot"
    },
    {
      "char": " ",
      "block": "minecraft:air"
    },
    {
      "char": "a",
      "block": "minecraft:polished_andesite"
    },
    {
      "char": "b",
      "block": "minecraft:polished_andesite_stairs[waterlogged=false,half=top,shape=straight,facing=south]"
    },
    {
      "char": "c",
      "block": "minecraft:polished_andesite_stairs[waterlogged=false,half=top,shape=straight,facing=north]"
    },
    {
      "char": "d",
      "block": "embellishcraft:smooth_marble"
    },
    {
      "char": "e",
      "block": "minecraft:smooth_stone_slab[waterlogged=false,type=bottom]"
    },
    {
      "char": "f",
      "block": "minecraft:smooth_stone"
    },
    {
      "char": "g",
      "block": "immersiveengineering:concrete_quarter"
    },
    {
      "char": "h",
      "block": "quark:framed_glass_pane[east=true,waterlogged=false,south=false,north=false,west=true]"
    },
    {
      "char": "i",
      "block": "minecraft:stone_brick_wall[east=low,waterlogged=false,south=none,north=none,west=low,up=true]"
    },
    {
      "char": "j",
      "block": "minecraft:stone_brick_wall[east=none,waterlogged=false,south=none,north=none,west=none,up=true]"
    },
    {
      "char": "k",
      "block": "quark:iron_rod[facing=up]"
    },
    {
      "char": "l",
      "block": "quark:iron_rod[facing=down]"
    },
    {
      "char": "m",
      "block": "minecraft:iron_bars[east=false,waterlogged=false,south=true,north=false,west=false]"
    },
    {
      "char": "n",
      "block": "minecraft:iron_bars[east=false,waterlogged=false,south=false,north=true,west=false]"
    },
    {
      "char": "o",
      "block": "simplylight:illuminant_block_on"
    },
    {
      "char": "p",
      "block": "immersiveengineering:connector_lv[waterlogged=false,facing=down]"
    },
    {
      "char": "q",
      "block": "embellishcraft:smooth_basalt_slab[waterlogged=false,type=bottom]"
    }
  ]
}