{
  "name": "multi_convenientstore_0_ground_palette",
  "palette": [
    {
      "char": "a",
      "block": "minecraft:smooth_stone"
    },
    {
      "char": "b",
      "block": "minecraft:fern"
    },
    {
      "char": "c",
      "block": "minecraft:smooth_stone_slab[waterlogged=false,type=bottom]"
    },
    {
      "char": "d",
      "block": "minecraft:oak_sapling"
    },
    {
      "char": "e",
      "block": "car:line_side_long_left[facing=west]"
    },
    {
      "char": "f",
      "block": "car:line_side_long_left[facing=north]"
    },
    {
      "char": "g",
      "block": "car:line_side_long_left[facing=south]"
    },
    {
      "char": "h",
      "block": "car:line_side_long_left[facing=east]"
    },
    {
      "char": "i",
      "block": "create:vertical_framed_glass_pane[waterlogged=false]"
    },
    {
      "char": "j",
      "block": "quark:smooth_quartz_vertical_slab[waterlogged=false,type=east]"
    },
    {
      "char": "k",
      "block": "minecraft:smooth_quartz_stairs[waterlogged=false,half=top,shape=straight,facing=west]"
    },
    {
      "char": "l",
      "block": "minecraft:smooth_quartz_slab[waterlogged=false,type=top]"
    }
  ]
}