{
  "name": "multi_cafe_0_floor1_palette",
  "palette": [
    {
      "char": "a",
      "block": "quark:stripped_dark_oak_post[waterlogged=false,chain_up=false,chain_west=false,chain_east=false,chain_north=false,chain_south=false,axis=y]"
    },
    {
      "char": "b",
      "block": "minecraft:spruce_slab[waterlogged=false,type=top]"
    },
    {
      "char": "c",
      "block": "minecraft:stripped_dark_oak_log[axis=y]"
    },
    {
      "char": "d",
      "block": "embellishcraft:basalt_large_bricks_slab[waterlogged=false,type=top]"
    },
    {
      "char": "e",
      "block": "embellishcraft:basalt_large_bricks_slab[waterlogged=false,type=bottom]"
    },
    {
      "char": "f",
      "block": "embellishcraft:basalt_large_bricks"
    }
  ]
}