{
  "name": "multi_gallery_2_ground_palette",
  "palette": [
    {
      "char": "a",
      "block": "minecraft:dirt_path"
    },
    {
      "char": "b",
      "block": "minecraft:cyan_terracotta"
    },
    {
      "char": "c",
      "block": "minecraft:dirt"
    },
    {
      "char": "d",
      "block": "minecraft:fern"
    },
    {
      "char": "e",
      "block": "minecraft:smooth_stone_slab[waterlogged=false,type=bottom]"
    },
    {
      "char": "f",
      "block": "minecraft:stone_brick_wall[waterlogged=false,up=true]"
    },
    {
      "char": "g",
      "block": "quark:oak_hedge[waterlogged=false]"
    },
    {
      "char": "h",
      "block": "minecraft:lily_pad"
    },
    {
      "char": "i",
      "block": "minecraft:orange_tulip"
    },
    {
      "char": "j",
      "block": "minecraft:red_tulip"
    },
    {
      "char": "k",
      "block": "immersiveengineering:concrete_sheet"
    },
    {
      "char": "l",
      "block": "minecraft:white_tulip"
    },
    {
      "char": "m",
      "block": "minecraft:pink_tulip"
    },
    {
      "char": "n",
      "block": "minecraft:acacia_log[axis=y]"
    },
    {
      "char": "o",
      "block": "minecraft:grass"
    },
    {
      "char": "p",
      "block": "quark:smooth_quartz_vertical_slab[waterlogged=false,type=south]"
    },
    {
      "char": "q",
      "block": "minecraft:smooth_quartz_stairs[waterlogged=false,half=bottom,shape=straight,facing=south]"
    },
    {
      "char": "r",
      "block": "minecraft:smooth_quartz_stairs[waterlogged=false,half=bottom,shape=straight,facing=north]"
    },
    {
      "char": "s",
      "block": "minecraft:smooth_quartz_slab[waterlogged=false,type=bottom]"
    },
    {
      "char": "t",
      "block": "minecraft:smooth_quartz_stairs[waterlogged=false,half=top,shape=straight,facing=north]"
    },
    {
      "char": "u",
      "block": "minecraft:smooth_quartz_stairs[waterlogged=false,half=top,shape=straight,facing=south]"
    },
    {
      "char": "w",
      "block": "quark:smooth_quartz_vertical_slab[waterlogged=false,type=north]"
    },
    {
      "char": "x",
      "block": "minecraft:acacia_leaves"
    },
    {
      "char": "y",
      "block": "minecraft:smooth_quartz"
    },
    {
      "char": "z",
      "block": "minecraft:smooth_quartz_slab[waterlogged=false,type=top]"
    }
  ]
}