{
  "name": "multi_hospital_3_base1_palette",
  "palette": [
    {
      "char": "a",
      "block": "minecraft:polished_andesite"
    },
    {
      "char": "b",
      "block": "embellishcraft:polished_marble"
    },
    {
      "char": "c",
      "block": "minecraft:dirt"
    },
    {
      "char": "d",
      "block": "minecraft:quartz_block"
    },
    {
      "char": "e",
      "block": "cfm:stone_table[waterlogged=false]"
    },
    {
      "char": "f",
      "block": "quark:stone_brick_vertical_slab[waterlogged=false,type=west]"
    },
    {
      "char": "g",
      "block": "create:polished_cut_limestone_slab[waterlogged=false,type=top]"
    },
    {
      "char": "h",
      "block": "quark:stone_brick_vertical_slab[waterlogged=false,type=north]"
    },
    {
      "char": "i",
      "block": "embellishcraft:polished_marble_slab[waterlogged=false,type=bottom]"
    },
    {
      "char": "j",
      "block": "embellishcraft:white_pillow[waterlogged=false,part=head,facing=east,occupied=false]"
    },
    {
      "char": "k",
      "block": "embellishcraft:polished_marble_slab[waterlogged=false,type=top]"
    },
    {
      "char": "l",
      "block": "minecraft:smooth_stone_slab[waterlogged=false,type=top]"
    }
  ]
}