{
  "name": "multi_flatapartment_1_ground_palette",
  "palette": [
    {
      "char": "a",
      "block": "minecraft:smooth_stone"
    },
    {
      "char": "b",
      "block": "cfm:spruce_hedge[east=true,waterlogged=false,south=true,north=false,west=false]"
    },
    {
      "char": "c",
      "block": "cfm:spruce_hedge[east=true,waterlogged=false,south=false,north=false,west=true]"
    },
    {
      "char": "d",
      "block": "cfm:spruce_hedge[east=true,waterlogged=false,south=true,north=false,west=true]"
    },
    {
      "char": "e",
      "block": "minecraft:quartz_pillar[axis=y]"
    },
    {
      "char": "f",
      "block": "minecraft:stone_button[face=floor,facing=north]"
    },
    {
      "char": "g",
      "block": "car:line_side_long_left[facing=west]"
    },
    {
      "char": "h",
      "block": "car:line_side_long_left[facing=north]"
    },
    {
      "char": "i",
      "block": "car:line_side_long_left[facing=south]"
    },
    {
      "char": "j",
      "block": "car:line_side_long_left[facing=east]"
    },
    {
      "char": "k",
      "block": "quark:stone_brick_vertical_slab[waterlogged=false,type=north]"
    },
    {
      "char": "l",
      "block": "minecraft:stone_button[face=floor,facing=east]"
    },
    {
      "char": "m",
      "block": "quark:stone_brick_vertical_slab[waterlogged=false,type=west]"
    },
    {
      "char": "n",
      "block": "another_furniture:spruce_drawer[facing=south,open=false]",
      "loot": "chestloot"
    },
    {
      "char": "o",
      "block": "minecraft:spruce_planks"
    },
    {
      "char": "p",
      "block": "quark:stone_brick_vertical_slab[waterlogged=false,type=east]"
    },
    {
      "char": "q",
      "block": "minecraft:stone_button[face=floor,facing=west]"
    },
    {
      "char": "r",
      "block": "another_furniture:spruce_drawer[facing=west,open=false]",
      "loot": "chestloot"
    },
    {
      "char": "s",
      "block": "minecraft:stone_stairs[waterlogged=false,half=bottom,shape=straight,facing=north]"
    },
    {
      "char": "t",
      "block": "minecraft:stone_button[face=floor,facing=south]"
    },
    {
      "char": "u",
      "block": "cfm:spruce_hedge[east=true,waterlogged=false,south=false,north=true,west=false]"
    },
    {
      "char": "w",
      "block": "cfm:spruce_hedge[east=false,waterlogged=false,south=false,north=true,west=true]"
    },
    {
      "char": "x",
      "block": "minecraft:smooth_quartz"
    },
    {
      "char": "y",
      "block": "minecraft:smooth_quartz_slab[waterlogged=false,type=top]"
    },
    {
      "char": "z",
      "block": "minecraft:smooth_quartz_slab[waterlogged=false,type=bottom]"
    },
    {
      "char": "A",
      "block": "minecraft:stone_brick_wall[east=none,waterlogged=false,south=none,north=tall,west=none,up=true]"
    },
    {
      "char": "B",
      "block": "minecraft:stone_slab[waterlogged=false,type=top]"
    },
    {
      "char": "C",
      "block": "minecraft:stone_brick_wall[east=none,waterlogged=false,south=tall,north=none,west=none,up=true]"
    },
    {
      "char": "D",
      "block": "minecraft:stone_stairs[waterlogged=false,half=bottom,shape=straight,facing=east]"
    }
  ]
}