{
  "name": "multi_cafe_2_ground_palette",
  "palette": [
    {
      "char": "a",
      "block": "minecraft:polished_andesite"
    },
    {
      "char": "b",
      "block": "minecraft:stripped_dark_oak_log[axis=y]"
    },
    {
      "char": "c",
      "block": "embellishcraft:polished_paving"
    },
    {
      "char": "d",
      "block": "minecraft:gray_terracotta"
    },
    {
      "char": "e",
      "block": "minecraft:dirt"
    },
    {
      "char": "f",
      "block": "minecraft:azure_bluet"
    },
    {
      "char": "g",
      "block": "minecraft:cornflower"
    },
    {
      "char": "h",
      "block": "minecraft:lily_of_the_valley"
    },
    {
      "char": "i",
      "block": "minecraft:fern"
    },
    {
      "char": "j",
      "block": "minecraft:allium"
    },
    {
      "char": "k",
      "block": "minecraft:oxeye_daisy"
    },
    {
      "char": "l",
      "block": "embellishcraft:basalt_large_bricks_wall[waterlogged=false,up=true]"
    },
    {
      "char": "m",
      "block": "quark:spruce_vertical_slab[waterlogged=false,type=west]"
    },
    {
      "char": "n",
      "block": "minecraft:dark_oak_leaves"
    },
    {
      "char": "o",
      "block": "quark:quartz_vertical_slab[waterlogged=false,type=east]"
    },
    {
      "char": "p",
      "block": "quark:quartz_vertical_slab[waterlogged=false,type=west]"
    },
    {
      "char": "q",
      "block": "create:dark_oak_window_pane[waterlogged=false]"
    },
    {
      "char": "r",
      "block": "minecraft:quartz_block"
    },
    {
      "char": "s",
      "block": "minecraft:dark_oak_door[hinge=left,half=lower,facing=north,open=false]"
    },
    {
      "char": "t",
      "block": "minecraft:dark_oak_door[hinge=right,half=lower,facing=north,open=false]"
    },
    {
      "char": "u",
      "block": "cfm:light_gray_sofa[waterlogged=false,facing=east,type=single]"
    },
    {
      "char": "w",
      "block": "cfm:stripped_dark_oak_table[waterlogged=false]"
    },
    {
      "char": "x",
      "block": "cfm:spruce_kitchen_sink_light[facing=east]"
    },
    {
      "char": "y",
      "block": "minecraft:smooth_quartz"
    },
    {
      "char": "z",
      "block": "embellishcraft:smooth_basalt"
    },
    {
      "char": "A",
      "block": "embellishcraft:spruce_table[waterlogged=false]"
    },
    {
      "char": "B",
      "block": "quark:light_gray_stool[waterlogged=false]"
    },
    {
      "char": "C",
      "block": "embellishcraft:smooth_basalt_wall[waterlogged=false,up=true]"
    },
    {
      "char": "D",
      "block": "minecraft:smooth_stone"
    },
    {
      "char": "E",
      "block": "embellishcraft:spruce_plain_door[hinge=right,half=lower,facing=north,open=false]"
    },
    {
      "char": "F",
      "block": "quark:polished_diorite_vertical_slab[waterlogged=false,type=north]"
    },
    {
      "char": "I",
      "block": "embellishcraft:spruce_plain_door[hinge=left,half=lower,facing=north,open=false]"
    },
    {
      "char": "J",
      "block": "minecraft:bricks"
    },
    {
      "char": "K",
      "block": "quark:polished_diorite_vertical_slab[waterlogged=false,type=west]"
    },
    {
      "char": "L",
      "block": "minecraft:quartz_stairs[waterlogged=true,half=bottom,shape=straight,facing=west]"
    },
    {
      "char": "M",
      "block": "minecraft:quartz_stairs[waterlogged=true,half=bottom,shape=inner_right,facing=south]"
    },
    {
      "char": "N",
      "block": "minecraft:quartz_stairs[waterlogged=false,half=top,shape=straight,facing=south]"
    },
    {
      "char": "O",
      "block": "quark:polished_diorite_vertical_slab[waterlogged=false,type=south]"
    },
    {
      "char": "P",
      "block": "cfm:freezer_light[facing=north,open=false]"
    },
    {
      "char": "Q",
      "block": "quark:quartz_vertical_slab[waterlogged=false,type=south]"
    },
    {
      "char": "R",
      "block": "cfm:brown_kitchen_counter[facing=west,type=default]"
    },
    {
      "char": "T",
      "block": "cfm:freezer_light[facing=east,open=false]"
    },
    {
      "char": "U",
      "block": "cfm:brown_kitchen_sink[facing=east]"
    },
    {
      "char": "V",
      "block": "minecraft:dark_oak_door[hinge=left,half=upper,facing=north,open=false]"
    },
    {
      "char": "W",
      "block": "minecraft:dark_oak_door[hinge=right,half=upper,facing=north,open=false]"
    },
    {
      "char": "X",
      "block": "minecraft:white_stained_glass"
    },
    {
      "char": "Y",
      "block": "cfm:gray_picket_fence[waterlogged=false]"
    },
    {
      "char": "Z",
      "block": "embellishcraft:spruce_plain_door[hinge=right,half=upper,facing=north,open=false]"
    },
    {
      "char": "0",
      "block": "embellishcraft:spruce_plain_door[hinge=left,half=upper,facing=north,open=false]"
    },
    {
      "char": "1",
      "block": "minecraft:iron_trapdoor[waterlogged=false,half=bottom,facing=north,open=false]"
    },
    {
      "char": "2",
      "block": "minecraft:potted_dead_bush"
    },
    {
      "char": "3",
      "block": "cfm:fridge_light[facing=north,open=false]",
      "loot": "chestloot"
    },
    {
      "char": "4",
      "block": "minecraft:flower_pot"
    },
    {
      "char": "5",
      "block": "cfm:fridge_light[facing=east,open=false]",
      "loot": "chestloot"
    },
    {
      "char": "6",
      "block": "minecraft:quartz_stairs[waterlogged=false,half=top,shape=straight,facing=west]"
    },
    {
      "char": "7",
      "block": "minecraft:quartz_slab[waterlogged=false,type=top]"
    },
    {
      "char": "8",
      "block": "minecraft:quartz_stairs[waterlogged=false,half=top,shape=straight,facing=east]"
    },
    {
      "char": "9",
      "block": "minecraft:quartz_stairs[waterlogged=false,half=top,shape=straight,facing=north]"
    },
    {
      "char": "@",
      "block": "minecraft:spruce_trapdoor[waterlogged=false,half=top,facing=west,open=false]"
    },
    {
      "char": "$",
      "block": "minecraft:spruce_slab[waterlogged=false,type=bottom]"
    },
    {
      "char": "%",
      "block": "quark:smooth_quartz_vertical_slab[waterlogged=false,type=north]"
    },
    {
      "char": "&",
      "block": "quark:smooth_quartz_vertical_slab[waterlogged=false,type=west]"
    },
    {
      "char": "*",
      "block": "quark:smooth_quartz_vertical_slab[waterlogged=false,type=south]"
    },
    {
      "char": "(",
      "block": "minecraft:brewing_stand"
    }
  ]
}