{
  "name": "multi_gallery_0_floor1_palette",
  "palette": [
    {
      "char": "a",
      "block": "embellishcraft:smooth_marble"
    },
    {
      "char": "b",
      "block": "minecraft:oak_planks"
    },
    {
      "char": "c",
      "block": "embellishcraft:smooth_basalt_wall[waterlogged=false,up=false]"
    },
    {
      "char": "d",
      "block": "create:dark_oak_window_pane[waterlogged=false]"
    },
    {
      "char": "e",
      "block": "minecraft:oak_slab[waterlogged=false,type=top]"
    },
    {
      "char": "f",
      "block": "minecraft:soul_sand"
    },
    {
      "char": "g",
      "block": "minecraft:redstone_lamp[lit=false]"
    },
    {
      "char": "h",
      "block": "quark:nether_wart_sack"
    },
    {
      "char": "i",
      "block": "minecraft:crimson_stem[axis=y]"
    },
    {
      "char": "j",
      "block": "minecraft:redstone_torch[lit=true]"
    },
    {
      "char": "k",
      "block": "minecraft:warped_stem[axis=y]"
    },
    {
      "char": "l",
      "block": "minecraft:creeper_head"
    },
    {
      "char": "m",
      "block": "minecraft:polished_blackstone"
    },
    {
      "char": "n",
      "block": "minecraft:wither_skeleton_skull"
    },
    {
      "char": "o",
      "block": "minecraft:ancient_debris"
    },
    {
      "char": "p",
      "block": "minecraft:soul_torch"
    },
    {
      "char": "q",
      "block": "minecraft:oak_slab[waterlogged=false,type=bottom]"
    },
    {
      "char": "r",
      "block": "embellishcraft:smooth_marble_slab[waterlogged=false,type=top]"
    },
    {
      "char": "s",
      "block": "embellishcraft:smooth_basalt"
    },
    {
      "char": "t",
      "block": "minecraft:spruce_slab[waterlogged=false,type=top]"
    }
  ]
}