{
  "name": "multi_convenientstore_3_floor1_palette",
  "palette": [
    {
      "char": "a",
      "block": "embellishcraft:smooth_basalt"
    },
    {
      "char": "b",
      "block": "create:vertical_framed_glass_pane[east=true,waterlogged=false,south=false,north=false,west=true]"
    },
    {
      "char": "c",
      "block": "embellishcraft:smooth_marble"
    },
    {
      "char": "d",
      "block": "create:polished_cut_limestone_stairs[waterlogged=false,half=top,shape=straight,facing=east]"
    },
    {
      "char": "e",
      "block": "create:polished_cut_limestone"
    },
    {
      "char": "f",
      "block": "create:polished_cut_limestone_stairs[waterlogged=false,half=top,shape=straight,facing=south]"
    },
    {
      "char": "g",
      "block": "create:polished_cut_limestone_stairs[waterlogged=false,half=top,shape=inner_right,facing=east]"
    },
    {
      "char": "h",
      "block": "immersiveengineering:slab_sheetmetal_steel[waterlogged=false,type=top]"
    },
    {
      "char": "i",
      "block": "embellishcraft:air_duct"
    },
    {
      "char": "j",
      "block": "quark:framed_glass_pane[east=false,waterlogged=false,south=true,north=true,west=false]"
    },
    {
      "char": "k",
      "block": "quark:framed_glass_pane[east=true,waterlogged=false,south=true,north=true,west=false]"
    },
    {
      "char": "l",
      "block": "quark:framed_glass_pane[east=true,waterlogged=false,south=false,north=false,west=true]"
    },
    {
      "char": "m",
      "block": "minecraft:quartz_stairs[waterlogged=false,half=bottom,shape=straight,facing=east]"
    },
    {
      "char": "n",
      "block": "quark:framed_glass_pane[east=false,waterlogged=false,south=false,north=true,west=true]"
    },
    {
      "char": "o",
      "block": "embellishcraft:oak_terrace_table[waterlogged=false]"
    },
    {
      "char": "p",
      "block": "minecraft:quartz_stairs[waterlogged=false,half=bottom,shape=straight,facing=west]"
    },
    {
      "char": "q",
      "block": "minecraft:quartz_stairs[waterlogged=false,half=bottom,shape=straight,facing=south]"
    },
    {
      "char": "r",
      "block": "quark:framed_glass_pane[east=false,waterlogged=false,south=true,north=false,west=false]"
    },
    {
      "char": "s",
      "block": "minecraft:quartz_stairs[waterlogged=false,half=bottom,shape=straight,facing=north]"
    },
    {
      "char": "t",
      "block": "quark:framed_glass_pane[east=true,waterlogged=false,south=false,north=true,west=false]"
    },
    {
      "char": "u",
      "block": "quark:framed_glass_pane[east=false,waterlogged=false,south=false,north=false,west=true]"
    },
    {
      "char": "w",
      "block": "embellishcraft:oak_table[waterlogged=false,table_east=true,table_west=false,table_south=true,table_north=false]"
    },
    {
      "char": "x",
      "block": "quark:oak_hedge[east=false,waterlogged=false,south=false,north=false,west=false]"
    },
    {
      "char": "y",
      "block": "embellishcraft:oak_table[waterlogged=false,table_east=false,table_west=true,table_south=false,table_north=true]"
    },
    {
      "char": "z",
      "block": "embellishcraft:oak_table[waterlogged=false,table_east=false,table_west=false,table_south=false,table_north=false]"
    },
    {
      "char": "A",
      "block": "embellishcraft:vent_air_duct[facing=south]"
    },
    {
      "char": "B",
      "block": "create:vertical_framed_glass_pane[east=false,waterlogged=false,south=true,north=true,west=false]"
    },
    {
      "char": "C",
      "block": "minecraft:heavy_weighted_pressure_plate"
    },
    {
      "char": "D",
      "block": "minecraft:flower_pot"
    },
    {
      "char": "E",
      "block": "minecraft:smooth_stone_slab[waterlogged=false,type=bottom]"
    }
  ]
}