{
  "name": "multi_convenientstore_2_ground_palette",
  "palette": [
    {
      "char": "a",
      "block": "minecraft:fern"
    },
    {
      "char": "b",
      "block": "car:line_side_long_left[facing=north]"
    },
    {
      "char": "c",
      "block": "car:line_side_long_left[facing=west]"
    },
    {
      "char": "d",
      "block": "car:line_side_long_left[facing=east]"
    },
    {
      "char": "e",
      "block": "car:line_side_long_left[facing=south]"
    },
    {
      "char": "f",
      "block": "minecraft:smooth_stone_slab[waterlogged=false,type=bottom]"
    },
    {
      "char": "g",
      "block": "minecraft:oak_fence[waterlogged=false]"
    },
    {
      "char": "h",
      "block": "minecraft:smooth_stone"
    },
    {
      "char": "i",
      "block": "immersivepetroleum:asphalt_slab[waterlogged=false,type=bottom]"
    },
    {
      "char": "j",
      "block": "quark:limestone_vertical_slab[waterlogged=false,type=west]"
    },
    {
      "char": "k",
      "block": "quark:smooth_quartz_vertical_slab[waterlogged=false,type=west]"
    },
    {
      "char": "l",
      "block": "cfm:gray_picket_fence[waterlogged=false]"
    },
    {
      "char": "m",
      "block": "embellishcraft:smooth_marble"
    },
    {
      "char": "n",
      "block": "minecraft:smooth_quartz"
    },
    {
      "char": "o",
      "block": "minecraft:smooth_quartz_slab[waterlogged=false,type=bottom]"
    },
    {
      "char": "p",
      "block": "minecraft:smooth_quartz_slab[waterlogged=false,type=top]"
    },
    {
      "char": "q",
      "block": "minecraft:smooth_quartz_stairs[waterlogged=false,half=top,shape=straight,facing=east]"
    }
  ]
}