{
  "name": "multi_convenientstore_1_floor1_palette",
  "palette": [
    {
      "char": "a",
      "block": "immersiveengineering:slab_sheetmetal_colored_light_blue[waterlogged=false,type=bottom]"
    },
    {
      "char": "b",
      "block": "embellishcraft:smooth_basalt"
    },
    {
      "char": "c",
      "block": "create:polished_cut_limestone_stairs[waterlogged=false,half=top,shape=straight,facing=south]"
    },
    {
      "char": "d",
      "block": "create:polished_cut_limestone"
    },
    {
      "char": "e",
      "block": "embellishcraft:smooth_marble"
    },
    {
      "char": "f",
      "block": "immersiveengineering:slab_sheetmetal_colored_lime[waterlogged=false,type=bottom]"
    },
    {
      "char": "g",
      "block": "quark:framed_glass_pane[waterlogged=false]"
    },
    {
      "char": "h",
      "block": "embellishcraft:oak_terrace_table[waterlogged=false]"
    },
    {
      "char": "i",
      "block": "minecraft:quartz_stairs[waterlogged=false,half=bottom,shape=straight,facing=east]"
    },
    {
      "char": "j",
      "block": "minecraft:quartz_stairs[waterlogged=false,half=bottom,shape=straight,facing=north]"
    },
    {
      "char": "k",
      "block": "minecraft:quartz_stairs[waterlogged=false,half=bottom,shape=straight,facing=west]"
    },
    {
      "char": "l",
      "block": "quark:oak_hedge[waterlogged=false]"
    },
    {
      "char": "m",
      "block": "embellishcraft:oak_table[waterlogged=false]"
    },
    {
      "char": "n",
      "block": "quark:limestone_slab[waterlogged=false,type=top]"
    },
    {
      "char": "o",
      "block": "minecraft:flower_pot"
    },
    {
      "char": "p",
      "block": "create:vertical_framed_glass_pane[waterlogged=false]"
    },
    {
      "char": "q",
      "block": "minecraft:smooth_stone_slab[waterlogged=false,type=bottom]"
    }
  ]
}