{
  "name": "multi_flatapartment_2_floor2_palette",
  "palette": [
    {
      "char": "a",
      "block": "embellishcraft:polished_marble"
    },
    {
      "char": "b",
      "block": "embellishcraft:smooth_marble"
    },
    {
      "char": "c",
      "block": "minecraft:smooth_stone"
    },
    {
      "char": "d",
      "block": "embellishcraft:polished_marble_wall[waterlogged=false,up=false]"
    },
    {
      "char": "e",
      "block": "embellishcraft:spruce_plain_door[hinge=right,half=lower,facing=west,open=false]"
    },
    {
      "char": "f",
      "block": "cfm:stripped_spruce_chair[waterlogged=false,facing=north]"
    },
    {
      "char": "g",
      "block": "minecraft:smooth_quartz"
    },
    {
      "char": "h",
      "block": "embellishcraft:white_couch[waterlogged=false,shape=straight,facing=north]"
    },
    {
      "char": "i",
      "block": "cfm:stripped_spruce_table[waterlogged=false]"
    },
    {
      "char": "j",
      "block": "cfm:spruce_kitchen_sink_light[facing=south]"
    },
    {
      "char": "k",
      "block": "minecraft:quartz_stairs[waterlogged=false,half=top,shape=straight,facing=south]"
    },
    {
      "char": "l",
      "block": "another_furniture:spruce_drawer[facing=east,open=false]",
      "loot": "chestloot"
    },
    {
      "char": "m",
      "block": "embellishcraft:white_couch[waterlogged=false,shape=straight,facing=east]"
    },
    {
      "char": "n",
      "block": "another_furniture:spruce_drawer[facing=north,open=false]",
      "loot": "chestloot"
    },
    {
      "char": "o",
      "block": "embellishcraft:spruce_plain_door[hinge=right,half=lower,facing=east,open=false]"
    },
    {
      "char": "p",
      "block": "embellishcraft:spruce_plain_door[hinge=left,half=lower,facing=east,open=false]"
    },
    {
      "char": "q",
      "block": "cfm:stripped_spruce_bedside_cabinet[waterlogged=false,facing=east,open=false]",
      "loot": "chestloot"
    },
    {
      "char": "r",
      "block": "minecraft:white_bed[part=foot,facing=south,occupied=false]"
    },
    {
      "char": "s",
      "block": "minecraft:white_bed[part=foot,facing=east,occupied=false]"
    },
    {
      "char": "t",
      "block": "minecraft:white_bed[part=head,facing=east,occupied=false]"
    },
    {
      "char": "u",
      "block": "cfm:stripped_spruce_bedside_cabinet[waterlogged=false,facing=south,open=false]",
      "loot": "chestloot"
    },
    {
      "char": "w",
      "block": "minecraft:white_bed[part=head,facing=south,occupied=false]"
    },
    {
      "char": "x",
      "block": "cfm:white_kitchen_counter[facing=north,type=default]"
    },
    {
      "char": "y",
      "block": "cfm:white_kitchen_sink[facing=north]"
    },
    {
      "char": "z",
      "block": "cfm:white_kitchen_drawer[facing=north,open=false]",
      "loot": "chestloot"
    },
    {
      "char": "A",
      "block": "cfm:spruce_kitchen_sink_light[facing=north]"
    },
    {
      "char": "B",
      "block": "minecraft:quartz_stairs[waterlogged=false,half=top,shape=straight,facing=north]"
    },
    {
      "char": "C",
      "block": "embellishcraft:spruce_plain_door[hinge=left,half=lower,facing=west,open=false]"
    },
    {
      "char": "D",
      "block": "create:spruce_window_pane[waterlogged=false]"
    },
    {
      "char": "E",
      "block": "embellishcraft:spruce_plain_door[hinge=right,half=upper,facing=west,open=false]"
    },
    {
      "char": "F",
      "block": "minecraft:iron_trapdoor[waterlogged=false,half=bottom,facing=north,open=false]"
    },
    {
      "char": "I",
      "block": "quark:spruce_bookshelf"
    },
    {
      "char": "J",
      "block": "embellishcraft:spruce_plain_door[hinge=right,half=upper,facing=east,open=false]"
    },
    {
      "char": "K",
      "block": "embellishcraft:spruce_plain_door[hinge=left,half=upper,facing=east,open=false]"
    },
    {
      "char": "L",
      "block": "minecraft:iron_trapdoor[waterlogged=false,half=bottom,facing=south,open=false]"
    },
    {
      "char": "M",
      "block": "embellishcraft:spruce_plain_door[hinge=left,half=upper,facing=west,open=false]"
    },
    {
      "char": "N",
      "block": "minecraft:quartz_slab[waterlogged=false,type=top]"
    },
    {
      "char": "O",
      "block": "minecraft:chain[waterlogged=false,axis=y]"
    },
    {
      "char": "P",
      "block": "simplylight:illuminant_panel[waterlogged=false,facing=down]"
    },
    {
      "char": "Q",
      "block": "embellishcraft:polished_marble_slab[waterlogged=false,type=bottom]"
    },
    {
      "char": "R",
      "block": "embellishcraft:smooth_marble_slab[waterlogged=false,type=bottom]"
    }
  ]
}