{
  "name": "multi_flatapartment_2_top_palette",
  "palette": [
    {
      "char": "a",
      "block": "minecraft:smooth_stone_slab[waterlogged=false,type=double]"
    },
    {
      "char": "b",
      "block": "minecraft:smooth_stone_slab[waterlogged=false,type=top]"
    },
    {
      "char": "c",
      "block": "embellishcraft:polished_marble_wall[waterlogged=false,up=true]"
    },
    {
      "char": "d",
      "block": "embellishcraft:smooth_marble_wall[waterlogged=false,up=false]"
    },
    {
      "char": "e",
      "block": "embellishcraft:smooth_marble_wall[waterlogged=false,up=true]"
    },
    {
      "char": "f",
      "block": "minecraft:cobweb"
    },
    {
      "char": "g",
      "block": "immersiveengineering:treated_fence[waterlogged=false]"
    },
    {
      "char": "h",
      "block": "immersiveengineering:sheetmetal_iron"
    }
  ]
}