{
  "name": "multi_flatapartment_1_top_palette",
  "palette": [
    {
      "char": "a",
      "block": "minecraft:smooth_stone_slab[waterlogged=false,type=top]"
    },
    {
      "char": "b",
      "block": "minecraft:smooth_stone_slab[waterlogged=false,type=double]"
    },
    {
      "char": "c",
      "block": "minecraft:smooth_stone"
    },
    {
      "char": "d",
      "block": "minecraft:stone_stairs[waterlogged=false,half=bottom,shape=straight,facing=east]"
    },
    {
      "char": "e",
      "block": "embellishcraft:smooth_marble_wall[waterlogged=false,up=false]"
    },
    {
      "char": "f",
      "block": "embellishcraft:polished_marble_wall[waterlogged=false,up=true]"
    },
    {
      "char": "g",
      "block": "embellishcraft:polished_marble"
    },
    {
      "char": "h",
      "block": "embellishcraft:smooth_marble"
    },
    {
      "char": "i",
      "block": "minecraft:iron_door[hinge=right,half=lower,facing=east,open=false]"
    },
    {
      "char": "j",
      "block": "create:framed_glass_trapdoor[waterlogged=false,half=bottom,facing=east,open=true]"
    },
    {
      "char": "k",
      "block": "create:framed_glass_trapdoor[waterlogged=false,half=bottom,facing=north,open=true]"
    },
    {
      "char": "l",
      "block": "minecraft:iron_door[hinge=right,half=lower,facing=west,open=false]"
    },
    {
      "char": "m",
      "block": "create:spruce_window_pane[waterlogged=false]"
    },
    {
      "char": "n",
      "block": "minecraft:iron_door[hinge=right,half=upper,facing=east,open=false]"
    },
    {
      "char": "o",
      "block": "minecraft:iron_door[hinge=right,half=upper,facing=west,open=false]"
    },
    {
      "char": "p",
      "block": "embellishcraft:polished_marble_slab[waterlogged=false,type=bottom]"
    }
  ]
}