{
  "name": "multi_hospital_0_base1_palette",
  "palette": [
    {
      "char": "a",
      "block": "minecraft:dirt"
    },
    {
      "char": "b",
      "block": "minecraft:polished_andesite"
    },
    {
      "char": "c",
      "block": "minecraft:smooth_stone"
    },
    {
      "char": "d",
      "block": "embellishcraft:smooth_marble"
    },
    {
      "char": "e",
      "block": "minecraft:cyan_terracotta"
    },
    {
      "char": "f",
      "block": "embellishcraft:polished_marble"
    },
    {
      "char": "g",
      "block": "embellishcraft:basalt_large_bricks"
    },
    {
      "char": "h",
      "block": "minecraft:chain[waterlogged=false,axis=y]",
      "tag": {
        "conditionMet": 1,
        "auto": 1,
        "Command": "fill ~-1 ~ ~ ~ ~ ~ immersivepetroleum:asphalt"
      }
    },
    {
      "char": "i",
      "block": "minecraft:iron_bars[waterlogged=false]"
    },
    {
      "char": "j",
      "block": "minecraft:quartz_slab[waterlogged=false,type=top]"
    },
    {
      "char": "k",
      "block": "minecraft:quartz_stairs[waterlogged=false,half=bottom,shape=straight,facing=north]"
    },
    {
      "char": "l",
      "block": "embellishcraft:white_steel_door[hinge=right,half=lower,facing=west,open=false]"
    },
    {
      "char": "m",
      "block": "embellishcraft:white_steel_door[hinge=left,half=lower,facing=east,open=false]"
    },
    {
      "char": "n",
      "block": "create:polished_cut_limestone_slab[waterlogged=false,type=top]"
    },
    {
      "char": "o",
      "block": "embellishcraft:white_steel_door[hinge=left,half=lower,facing=west,open=false]"
    },
    {
      "char": "p",
      "block": "embellishcraft:white_steel_door[hinge=right,half=lower,facing=east,open=false]"
    },
    {
      "char": "q",
      "block": "cfm:stone_chair[waterlogged=false,facing=west]"
    },
    {
      "char": "r",
      "block": "minecraft:smooth_stone_slab[waterlogged=false,type=top]"
    },
    {
      "char": "s",
      "block": "minecraft:observer[facing=west]"
    },
    {
      "char": "t",
      "block": "quark:stone_brick_vertical_slab[waterlogged=false,type=south]"
    },
    {
      "char": "u",
      "block": "minecraft:iron_door[hinge=right,half=lower,facing=south,open=false]"
    },
    {
      "char": "w",
      "block": "minecraft:iron_door[hinge=left,half=lower,facing=south,open=false]"
    },
    {
      "char": "x",
      "block": "quark:stone_brick_vertical_slab[waterlogged=false,type=east]"
    },
    {
      "char": "y",
      "block": "minecraft:quartz_stairs[waterlogged=false,half=top,shape=straight,facing=south]"
    },
    {
      "char": "z",
      "block": "minecraft:quartz_stairs[waterlogged=false,half=top,shape=straight,facing=east]"
    },
    {
      "char": "A",
      "block": "minecraft:quartz_block"
    },
    {
      "char": "B",
      "block": "minecraft:quartz_stairs[waterlogged=false,half=top,shape=straight,facing=west]"
    },
    {
      "char": "C",
      "block": "embellishcraft:white_steel_door[hinge=right,half=upper,facing=west,open=false]"
    },
    {
      "char": "D",
      "block": "embellishcraft:white_steel_door[hinge=left,half=upper,facing=east,open=false]"
    },
    {
      "char": "E",
      "block": "embellishcraft:white_pillow[waterlogged=false,part=head,facing=west,occupied=false]"
    },
    {
      "char": "F",
      "block": "embellishcraft:white_steel_door[hinge=left,half=upper,facing=west,open=false]"
    },
    {
      "char": "I",
      "block": "embellishcraft:white_steel_door[hinge=right,half=upper,facing=east,open=false]"
    },
    {
      "char": "J",
      "block": "quark:iron_button[face=wall,facing=west]"
    },
    {
      "char": "K",
      "block": "quark:iron_button[face=wall,facing=east]"
    },
    {
      "char": "L",
      "block": "minecraft:heavy_weighted_pressure_plate"
    },
    {
      "char": "M",
      "block": "minecraft:iron_door[hinge=right,half=upper,facing=south,open=false]"
    },
    {
      "char": "N",
      "block": "minecraft:iron_door[hinge=left,half=upper,facing=south,open=false]"
    },
    {
      "char": "O",
      "block": "minecraft:rail[waterlogged=false,shape=north_south]"
    },
    {
      "char": "P",
      "block": "minecraft:quartz_stairs[waterlogged=false,half=bottom,shape=straight,facing=west]"
    },
    {
      "char": "Q",
      "block": "minecraft:quartz_stairs[waterlogged=false,half=bottom,shape=straight,facing=east]"
    },
    {
      "char": "R",
      "block": "minecraft:quartz_slab[waterlogged=false,type=bottom]"
    },
    {
      "char": "T",
      "block": "quark:smooth_stone_vertical_slab[waterlogged=false,type=west]"
    },
    {
      "char": "U",
      "block": "quark:smooth_stone_vertical_slab[waterlogged=false,type=east]"
    },
    {
      "char": "V",
      "block": "quark:smooth_stone_vertical_slab[waterlogged=false,type=south]"
    },
    {
      "char": "W",
      "block": "minecraft:quartz_stairs[waterlogged=false,half=bottom,shape=straight,facing=south]"
    },
    {
      "char": "X",
      "block": "minecraft:oak_slab[waterlogged=false,type=top]"
    },
    {
      "char": "Y",
      "block": "minecraft:stone_brick_stairs[waterlogged=false,half=top,shape=straight,facing=north]"
    }
  ]
}