{
  "name": "multi_gallery_3_ground_palette",
  "palette": [
    {
      "char": "a",
      "block": "minecraft:cyan_terracotta"
    },
    {
      "char": "b",
      "block": "minecraft:dirt_path"
    },
    {
      "char": "c",
      "block": "embellishcraft:smooth_marble"
    },
    {
      "char": "d",
      "block": "quark:andesite_bricks"
    },
    {
      "char": "e",
      "block": "minecraft:smooth_stone_slab[waterlogged=false,type=bottom]"
    },
    {
      "char": "f",
      "block": "minecraft:stone_brick_wall[waterlogged=false,up=true]"
    },
    {
      "char": "g",
      "block": "minecraft:grass"
    },
    {
      "char": "h",
      "block": "minecraft:fern"
    },
    {
      "char": "i",
      "block": "create:vertical_framed_glass_pane[waterlogged=false]"
    },
    {
      "char": "j",
      "block": "create:vertical_framed_glass"
    },
    {
      "char": "k",
      "block": "minecraft:iron_door[hinge=left,half=lower,facing=north,open=false]"
    },
    {
      "char": "l",
      "block": "minecraft:iron_door[hinge=right,half=lower,facing=north,open=false]"
    },
    {
      "char": "m",
      "block": "embellishcraft:smooth_marble_stairs[waterlogged=false,half=bottom,shape=straight,facing=west]"
    },
    {
      "char": "n",
      "block": "quark:oak_hedge[waterlogged=false]"
    },
    {
      "char": "o",
      "block": "minecraft:lily_of_the_valley"
    },
    {
      "char": "p",
      "block": "cfm:cyan_kitchen_counter[facing=east,type=left_corner_inverted]"
    },
    {
      "char": "q",
      "block": "cfm:cyan_kitchen_counter[facing=south,type=default]"
    },
    {
      "char": "r",
      "block": "cfm:cyan_kitchen_counter[facing=east,type=default]"
    },
    {
      "char": "s",
      "block": "minecraft:quartz_stairs[waterlogged=false,half=bottom,shape=straight,facing=east]"
    },
    {
      "char": "t",
      "block": "minecraft:iron_door[hinge=right,half=lower,facing=south,open=false]"
    },
    {
      "char": "u",
      "block": "minecraft:iron_door[hinge=left,half=lower,facing=south,open=false]"
    },
    {
      "char": "w",
      "block": "simplylight:lightbulb[waterlogged=false,facing=up]"
    },
    {
      "char": "x",
      "block": "quark:stone_brick_vertical_slab[waterlogged=false,type=west]"
    },
    {
      "char": "y",
      "block": "quark:stone_brick_vertical_slab[waterlogged=false,type=east]"
    },
    {
      "char": "z",
      "block": "minecraft:iron_door[hinge=left,half=upper,facing=north,open=false]"
    },
    {
      "char": "A",
      "block": "minecraft:iron_door[hinge=right,half=upper,facing=north,open=false]"
    },
    {
      "char": "B",
      "block": "minecraft:potted_lily_of_the_valley"
    },
    {
      "char": "C",
      "block": "minecraft:iron_door[hinge=right,half=upper,facing=south,open=false]"
    },
    {
      "char": "D",
      "block": "minecraft:iron_door[hinge=left,half=upper,facing=south,open=false]"
    },
    {
      "char": "E",
      "block": "create:framed_glass"
    },
    {
      "char": "F",
      "block": "embellishcraft:smooth_marble_slab[waterlogged=false,type=top]"
    },
    {
      "char": "I",
      "block": "embellishcraft:smooth_marble_slab[waterlogged=false,type=bottom]"
    }
  ]
}