{
  "name": "multi_hospital_2_top_palette",
  "palette": [
    {
      "char": "a",
      "block": "cfm:gray_picket_fence[east=false,waterlogged=false,south=false,north=false,west=false]"
    },
    {
      "char": "b",
      "block": "create:framed_glass_pane[east=true,waterlogged=false,south=true,north=false,west=true]"
    },
    {
      "char": "c",
      "block": "create:horizontal_framed_glass_pane[east=false,waterlogged=false,south=true,north=false,west=true]"
    },
    {
      "char": "d",
      "block": "minecraft:polished_andesite"
    },
    {
      "char": "e",
      "block": "create:framed_glass_pane[east=false,waterlogged=false,south=true,north=true,west=true]"
    },
    {
      "char": "f",
      "block": "create:horizontal_framed_glass_pane[east=false,waterlogged=false,south=true,north=true,west=true]"
    },
    {
      "char": "g",
      "block": "minecraft:quartz_block"
    },
    {
      "char": "h",
      "block": "minecraft:smooth_stone_slab[waterlogged=false,type=bottom]"
    },
    {
      "char": "i",
      "block": "minecraft:smooth_sandstone_stairs[waterlogged=false,half=bottom,shape=outer_right,facing=east]"
    },
    {
      "char": "j",
      "block": "minecraft:smooth_sandstone_stairs[waterlogged=false,half=bottom,shape=straight,facing=south]"
    },
    {
      "char": "k",
      "block": "minecraft:smooth_sandstone_stairs[waterlogged=false,half=bottom,shape=outer_left,facing=west]"
    },
    {
      "char": "l",
      "block": "minecraft:smooth_stone"
    },
    {
      "char": "m",
      "block": "minecraft:smooth_sandstone_stairs[waterlogged=false,half=bottom,shape=outer_left,facing=south]"
    },
    {
      "char": "n",
      "block": "minecraft:smooth_sandstone_stairs[waterlogged=false,half=bottom,shape=inner_left,facing=south]"
    },
    {
      "char": "o",
      "block": "embellishcraft:smooth_basalt"
    },
    {
      "char": "p",
      "block": "minecraft:smooth_sandstone_stairs[waterlogged=false,half=bottom,shape=inner_left,facing=west]"
    },
    {
      "char": "q",
      "block": "minecraft:smooth_sandstone_stairs[waterlogged=false,half=bottom,shape=outer_right,facing=south]"
    },
    {
      "char": "r",
      "block": "minecraft:smooth_sandstone_stairs[waterlogged=false,half=bottom,shape=straight,facing=east]"
    },
    {
      "char": "s",
      "block": "minecraft:red_terracotta"
    },
    {
      "char": "t",
      "block": "minecraft:smooth_sandstone_stairs[waterlogged=false,half=bottom,shape=straight,facing=west]"
    },
    {
      "char": "u",
      "block": "minecraft:smooth_sandstone_stairs[waterlogged=false,half=bottom,shape=outer_right,facing=north]"
    },
    {
      "char": "w",
      "block": "minecraft:smooth_sandstone_stairs[waterlogged=false,half=bottom,shape=inner_left,facing=east]"
    },
    {
      "char": "x",
      "block": "minecraft:smooth_sandstone_stairs[waterlogged=false,half=bottom,shape=inner_left,facing=north]"
    },
    {
      "char": "y",
      "block": "minecraft:smooth_sandstone_stairs[waterlogged=false,half=bottom,shape=outer_left,facing=north]"
    },
    {
      "char": "z",
      "block": "create:vertical_framed_glass_pane[east=true,waterlogged=false,south=false,north=false,west=true]"
    },
    {
      "char": "A",
      "block": "create:vertical_framed_glass_pane[east=false,waterlogged=false,south=true,north=false,west=true]"
    },
    {
      "char": "B",
      "block": "cfm:stone_table[east=false,waterlogged=false,south=false,north=false,west=false]"
    },
    {
      "char": "C",
      "block": "create:vertical_framed_glass_pane[east=false,waterlogged=false,south=true,north=true,west=false]"
    },
    {
      "char": "D",
      "block": "create:framed_glass"
    },
    {
      "char": "E",
      "block": "minecraft:iron_door[hinge=left,half=lower,facing=east,open=false]"
    },
    {
      "char": "F",
      "block": "minecraft:iron_door[hinge=right,half=lower,facing=east,open=false]"
    },
    {
      "char": "I",
      "block": "minecraft:potted_oak_sapling"
    },
    {
      "char": "J",
      "block": "minecraft:iron_door[hinge=left,half=upper,facing=east,open=false]"
    },
    {
      "char": "K",
      "block": "minecraft:iron_door[hinge=right,half=upper,facing=east,open=false]"
    },
    {
      "char": "L",
      "block": "embellishcraft:smooth_basalt_slab[waterlogged=false,type=bottom]"
    },
    {
      "char": "M",
      "block": "embellishcraft:smooth_basalt_slab[waterlogged=false,type=top]"
    },
    {
      "char": "N",
      "block": "minecraft:stone_slab[waterlogged=false,type=bottom]"
    }
  ]
}