{
  "name": "multi_flatapartment_0_ground_palette",
  "palette": [
    {
      "char": "a",
      "block": "minecraft:smooth_stone"
    },
    {
      "char": "b",
      "block": "cfm:spruce_hedge[east=true,waterlogged=false,south=true,north=false,west=false]"
    },
    {
      "char": "c",
      "block": "cfm:spruce_hedge[east=true,waterlogged=false,south=false,north=false,west=true]"
    },
    {
      "char": "d",
      "block": "cfm:spruce_hedge[east=true,waterlogged=false,south=true,north=false,west=true]"
    },
    {
      "char": "e",
      "block": "cfm:spruce_hedge[east=false,waterlogged=false,south=true,north=false,west=true]"
    },
    {
      "char": "f",
      "block": "car:line_side_long_left[facing=west]"
    },
    {
      "char": "g",
      "block": "car:line_side_long_left[facing=north]"
    },
    {
      "char": "h",
      "block": "minecraft:quartz_pillar[axis=y]"
    },
    {
      "char": "i",
      "block": "minecraft:stone_button[face=floor,facing=north]"
    },
    {
      "char": "j",
      "block": "car:line_side_long_left[facing=south]"
    },
    {
      "char": "k",
      "block": "car:line_side_long_left[facing=east]"
    },
    {
      "char": "l",
      "block": "minecraft:stone_button[face=floor,facing=east]"
    },
    {
      "char": "m",
      "block": "minecraft:stone_button[face=floor,facing=south]"
    },
    {
      "char": "n",
      "block": "simplylight:lamp_post[waterlogged=false,position=bottom]"
    },
    {
      "char": "o",
      "block": "cfm:spruce_hedge[east=true,waterlogged=false,south=false,north=true,west=false]"
    },
    {
      "char": "p",
      "block": "cfm:spruce_hedge[east=true,waterlogged=false,south=false,north=true,west=true]"
    },
    {
      "char": "q",
      "block": "cfm:spruce_hedge[east=false,waterlogged=false,south=false,north=true,west=true]"
    },
    {
      "char": "r",
      "block": "minecraft:smooth_quartz"
    },
    {
      "char": "s",
      "block": "simplylight:lamp_post[waterlogged=false,position=middle]"
    },
    {
      "char": "t",
      "block": "minecraft:smooth_quartz_slab[waterlogged=false,type=top]"
    },
    {
      "char": "u",
      "block": "simplylight:lamp_post[waterlogged=false,position=top]"
    },
    {
      "char": "w",
      "block": "minecraft:smooth_quartz_slab[waterlogged=false,type=bottom]"
    },
    {
      "char": "x",
      "block": "minecraft:stone_brick_wall[east=none,waterlogged=false,south=none,north=tall,west=none,up=true]"
    },
    {
      "char": "y",
      "block": "minecraft:stone_brick_wall[east=none,waterlogged=false,south=none,north=none,west=tall,up=true]"
    },
    {
      "char": "z",
      "block": "minecraft:stone_brick_wall[east=none,waterlogged=false,south=tall,north=none,west=none,up=true]"
    }
  ]
}