{
  "name": "multi_convenientstore_0_floor1_palette",
  "palette": [
    {
      "char": "a",
      "block": "immersiveengineering:slab_sheetmetal_colored_light_blue[waterlogged=false,type=bottom]"
    },
    {
      "char": "b",
      "block": "immersiveengineering:slab_sheetmetal_colored_lime[waterlogged=false,type=bottom]"
    },
    {
      "char": "c",
      "block": "quark:limestone_slab[waterlogged=false,type=top]"
    },
    {
      "char": "d",
      "block": "embellishcraft:smooth_marble"
    }
  ]
}