{
  "name": "multi_flatapartment_1_floor2_palette",
  "palette": [
    {
      "char": "a",
      "block": "embellishcraft:smooth_marble"
    },
    {
      "char": "b",
      "block": "embellishcraft:polished_marble"
    },
    {
      "char": "c",
      "block": "minecraft:smooth_stone"
    },
    {
      "char": "d",
      "block": "minecraft:stone_stairs[waterlogged=false,half=bottom,shape=straight,facing=east]"
    },
    {
      "char": "e",
      "block": "embellishcraft:polished_marble_wall[east=tall,waterlogged=false,south=none,north=none,west=tall,up=false]"
    },
    {
      "char": "f",
      "block": "embellishcraft:polished_marble_stairs[waterlogged=false,half=top,shape=straight,facing=south]"
    },
    {
      "char": "g",
      "block": "cfm:freezer_light[facing=east,open=false]"
    },
    {
      "char": "h",
      "block": "minecraft:smooth_quartz"
    },
    {
      "char": "i",
      "block": "minecraft:cobweb"
    },
    {
      "char": "j",
      "block": "cfm:freezer_light[facing=west,open=false]"
    },
    {
      "char": "k",
      "block": "cfm:stripped_spruce_chair[waterlogged=false,facing=north]"
    },
    {
      "char": "l",
      "block": "cfm:white_kitchen_counter[facing=east,type=default]"
    },
    {
      "char": "m",
      "block": "minecraft:observer[facing=east]"
    },
    {
      "char": "n",
      "block": "cfm:white_kitchen_counter[facing=west,type=default]"
    },
    {
      "char": "o",
      "block": "cfm:stripped_spruce_table[east=true,waterlogged=false,south=false,north=false,west=false]"
    },
    {
      "char": "p",
      "block": "cfm:stripped_spruce_table[east=true,waterlogged=false,south=false,north=false,west=true]"
    },
    {
      "char": "q",
      "block": "cfm:stripped_spruce_table[east=false,waterlogged=false,south=false,north=false,west=true]"
    },
    {
      "char": "r",
      "block": "cfm:white_kitchen_sink[facing=east]"
    },
    {
      "char": "s",
      "block": "cfm:white_kitchen_sink[facing=west]"
    },
    {
      "char": "t",
      "block": "cfm:white_kitchen_drawer[facing=east,open=false]",
      "loot": "chestloot"
    },
    {
      "char": "u",
      "block": "quark:smooth_quartz_vertical_slab[waterlogged=false,type=south]"
    },
    {
      "char": "w",
      "block": "minecraft:iron_door[hinge=left,half=lower,facing=south,open=false]"
    },
    {
      "char": "x",
      "block": "cfm:white_kitchen_drawer[facing=west,open=false]",
      "loot": "chestloot"
    },
    {
      "char": "y",
      "block": "another_furniture:spruce_drawer[facing=west,open=false]",
      "loot": "chestloot"
    },
    {
      "char": "z",
      "block": "quark:smooth_quartz_vertical_slab[waterlogged=false,type=east]"
    },
    {
      "char": "A",
      "block": "quark:smooth_quartz_vertical_slab[waterlogged=false,type=west]"
    },
    {
      "char": "B",
      "block": "create:framed_glass_trapdoor[waterlogged=false,half=bottom,facing=east,open=true]"
    },
    {
      "char": "C",
      "block": "create:framed_glass_trapdoor[waterlogged=false,half=bottom,facing=north,open=true]"
    },
    {
      "char": "D",
      "block": "minecraft:stone_stairs[waterlogged=false,half=bottom,shape=straight,facing=west]"
    },
    {
      "char": "E",
      "block": "embellishcraft:spruce_plain_door[hinge=right,half=lower,facing=east,open=false]"
    },
    {
      "char": "F",
      "block": "embellishcraft:spruce_plain_door[hinge=left,half=lower,facing=west,open=false]"
    },
    {
      "char": "I",
      "block": "cfm:white_kitchen_drawer[facing=north,open=false]",
      "loot": "chestloot"
    },
    {
      "char": "J",
      "block": "cfm:white_kitchen_sink[facing=north]"
    },
    {
      "char": "K",
      "block": "cfm:white_kitchen_counter[facing=north,type=default]"
    },
    {
      "char": "L",
      "block": "cfm:freezer_light[facing=north,open=false]"
    },
    {
      "char": "M",
      "block": "embellishcraft:spruce_plain_door[hinge=left,half=lower,facing=east,open=false]"
    },
    {
      "char": "N",
      "block": "embellishcraft:spruce_plain_door[hinge=right,half=lower,facing=west,open=false]"
    },
    {
      "char": "O",
      "block": "embellishcraft:polished_marble_stairs[waterlogged=false,half=top,shape=straight,facing=north]"
    },
    {
      "char": "P",
      "block": "create:spruce_window_pane[east=true,waterlogged=false,south=false,north=false,west=true]"
    },
    {
      "char": "Q",
      "block": "cfm:fridge_light[facing=east,open=false]",
      "loot": "chestloot"
    },
    {
      "char": "R",
      "block": "cfm:fridge_light[facing=west,open=false]",
      "loot": "chestloot"
    },
    {
      "char": "T",
      "block": "minecraft:iron_door[hinge=left,half=upper,facing=south,open=false]"
    },
    {
      "char": "U",
      "block": "quark:spruce_bookshelf"
    },
    {
      "char": "V",
      "block": "embellishcraft:spruce_plain_door[hinge=right,half=upper,facing=east,open=false]"
    },
    {
      "char": "W",
      "block": "embellishcraft:spruce_plain_door[hinge=left,half=upper,facing=west,open=false]"
    },
    {
      "char": "X",
      "block": "cfm:fridge_light[facing=north,open=false]",
      "loot": "chestloot"
    },
    {
      "char": "Y",
      "block": "embellishcraft:spruce_plain_door[hinge=left,half=upper,facing=east,open=false]"
    },
    {
      "char": "Z",
      "block": "embellishcraft:spruce_plain_door[hinge=right,half=upper,facing=west,open=false]"
    },
    {
      "char": "0",
      "block": "minecraft:quartz_slab[waterlogged=false,type=top]"
    },
    {
      "char": "1",
      "block": "minecraft:stone_slab[waterlogged=false,type=top]"
    },
    {
      "char": "2",
      "block": "minecraft:chain[waterlogged=false,axis=y]"
    },
    {
      "char": "3",
      "block": "minecraft:stone_stairs[waterlogged=false,half=bottom,shape=straight,facing=north]"
    },
    {
      "char": "4",
      "block": "quark:smooth_quartz_vertical_slab[waterlogged=false,type=north]"
    },
    {
      "char": "5",
      "block": "embellishcraft:smooth_marble_slab[waterlogged=false,type=bottom]"
    },
    {
      "char": "6",
      "block": "embellishcraft:polished_marble_slab[waterlogged=false,type=bottom]"
    }
  ]
}