{
  "name": "multi_gallery_3_floor1_palette",
  "palette": [
    {
      "char": "a",
      "block": "quark:stone_brick_vertical_slab[waterlogged=false,type=west]"
    },
    {
      "char": "b",
      "block": "quark:stone_brick_vertical_slab[waterlogged=false,type=east]"
    },
    {
      "char": "c",
      "block": "quark:oak_hedge[east=true,waterlogged=false,south=false,north=false,west=true]"
    },
    {
      "char": "d",
      "block": "quark:oak_hedge[east=false,waterlogged=false,south=true,north=false,west=true]"
    },
    {
      "char": "e",
      "block": "quark:oak_hedge[east=false,waterlogged=false,south=true,north=true,west=false]"
    },
    {
      "char": "f",
      "block": "cfm:stripped_oak_park_bench[waterlogged=false,facing=south,type=right]"
    },
    {
      "char": "g",
      "block": "cfm:stripped_oak_park_bench[waterlogged=false,facing=south,type=left]"
    },
    {
      "char": "h",
      "block": "cfm:stripped_oak_park_bench[waterlogged=false,facing=north,type=left]"
    },
    {
      "char": "i",
      "block": "cfm:stripped_oak_park_bench[waterlogged=false,facing=north,type=right]"
    },
    {
      "char": "j",
      "block": "quark:oak_hedge[east=false,waterlogged=false,south=false,north=true,west=true]"
    }
  ]
}