{
  "name": "rails_down1_palette",
  "palette": [
    {
      "char": "!",
      "block": "minecraft:diamond_block",
      "mob": "easymobs"
    },
    {
      "char": "~",
      "block": "minecraft:command_block"
    },
    {
      "char": "G",
      "block": "minecraft:grass_block"
    },
    {
      "char": "H",
      "block": "immersivepetroleum:asphalt"
    },
    {
      "char": "S",
      "block": "minecraft:stone"
    },
    {
      "char": "=",
      "block": "immersiveengineering:concrete"
    },
    {
      "char": "_",
      "block": "embellishcraft:gneiss_large_bricks_wall"
    },
    {
      "char": "^",
      "block": "minecraft:water"
    },
    {
      "char": "v",
      "block": "minecraft:stone_bricks"
    },
    {
      "char": "#",
      "block": "minecraft:chest",
      "loot": "chestloot"
    },
    {
      "char": " ",
      "block": "minecraft:air"
    },
    {
      "char": "a",
      "block": "minecraft:cyan_terracotta"
    },
    {
      "char": "b",
      "block": "minecraft:glowstone"
    },
    {
      "char": "c",
      "block": "minecraft:smooth_stone"
    },
    {
      "char": "d",
      "block": "quark:black_framed_glass"
    },
    {
      "char": "e",
      "block": "minecraft:quartz_block"
    },
    {
      "char": "f",
      "block": "minecraft:iron_bars[east=true,waterlogged=false,south=false,north=false,west=true]"
    },
    {
      "char": "g",
      "block": "minecraft:iron_bars[east=false,waterlogged=false,south=true,north=true,west=false]"
    },
    {
      "char": "h",
      "block": "minecraft:smooth_stone_slab[waterlogged=false,type=bottom]"
    },
    {
      "char": "i",
      "block": "create:track[waterlogged=false,shape=xo]"
    },
    {
      "char": "j",
      "block": "minecraft:quartz_slab[waterlogged=false,type=bottom]"
    },
    {
      "char": "k",
      "block": "minecraft:quartz_slab[waterlogged=false,type=top]"
    },
    {
      "char": "l",
      "block": "minecraft:gray_stained_glass"
    },
    {
      "char": "m",
      "block": "minecraft:light_gray_stained_glass"
    }
  ]
}