{
  "name": "stair_1_palette",
  "palette": [
    {
      "char": "a",
      "block": "minecraft:smooth_stone"
    },
    {
      "char": "b",
      "block": "minecraft:smooth_stone_slab[waterlogged=false,type=bottom]"
    },
    {
      "char": "c",
      "block": "minecraft:stone_brick_slab[waterlogged=false,type=bottom]"
    },
    {
      "char": "d",
      "block": "minecraft:dirt"
    },
    {
      "char": "e",
      "block": "quark:framed_glass_pane[east=true,waterlogged=false,south=false,north=false,west=true]"
    },
    {
      "char": "f",
      "block": "quark:framed_glass_pane[east=false,waterlogged=false,south=false,north=false,west=true]"
    },
    {
      "char": "g",
      "block": "quark:oak_hedge[east=false,waterlogged=false,south=true,north=false,west=false]"
    },
    {
      "char": "h",
      "block": "quark:oak_hedge[east=false,waterlogged=false,south=true,north=true,west=false]"
    },
    {
      "char": "i",
      "block": "quark:oak_hedge[east=false,waterlogged=false,south=false,north=true,west=false]"
    },
    {
      "char": "j",
      "block": "minecraft:smooth_stone_slab[waterlogged=false,type=top]"
    },
    {
      "char": "k",
      "block": "quark:framed_glass_pane[east=false,waterlogged=false,south=true,north=false,west=true]"
    },
    {
      "char": "l",
      "block": "quark:framed_glass_pane[east=false,waterlogged=false,south=true,north=true,west=false]"
    },
    {
      "char": "m",
      "block": "quark:framed_glass_pane[east=false,waterlogged=false,south=false,north=true,west=true]"
    }
  ]
}