{
  "general": {
    "rate": 80,
    "gripType": "cgm:bazooka",
    "maxAmmo": 1,
    "recoilAngle": 10,
    "recoilDurationOffset": 0.25
  },
  "projectile": {
    "item": "cgm:missile",
    "visible": true,
    "damage": 40,
    "size": 0.2,
    "speed": 2,
    "life": 150
  },
  "sounds": {
    "fire": "cgm:item.bazooka.fire",
    "reload": "cgm:item.pistol.reload"
  },
  "display": {
    "flash": {
      "yOffset": 4.3,
      "zOffset": -8.01,
      "size": 2
    }
  },
  "modules": {
    "zoom": {
      "xOffset": 3.5,
      "yOffset": 4.3,
      "zOffset": 16,
      "fovModifier": 0.5
    }
  }
}