{"type":"immersiveengineering:mineral_mix","ores":[{"chance":0.75,"output":{"tag":"forge:ores/zinc"}},{"chance":0.15,"output":{"tag":"forge:ores/iron"}},{"chance":0.4,"output":{"tag":"forge:dusts/sulfur"}}],"spoils":[{"chance":0.2,"output":{"item":"minecraft:gravel"}},{"chance":0.5,"output":{"item":"minecraft:cobblestone"}},{"chance":0.3,"output":{"item":"minecraft:cobbled_deepslate"}}],"dimensions":["minecraft:overworld"],"conditions":[{"value":{"tag":"forge:ores/zinc","type":"forge:tag_empty"},"type":"forge:not"}],"weight":20,"fail_chance":0.05}