{
  "type": "minecraft:chest",
  "pools": [
    {
      "rolls": {
        "min": 0,
        "max": 3
      },
      "bonus_rolls": {
        "min": 1,
        "max": 2
      },
      "entries": [
        {
          "type": "minecraft:item",
          "name": "farmersdelight:egg_sandwich",
          "functions": [
            {
              "function": "minecraft:set_count",
              "count": {
                "min": 1,
                "max": 3
              },
              "add": true
            }
          ]
        },
        {
          "type": "minecraft:item",
          "weight": 1,
          "name": "farmersdelight:chicken_sandwich",
          "functions": [
            {
              "function": "minecraft:set_count",
              "count": {
                "min": 1,
                "max": 3
              },
              "add": true
            }
          ]
        },
        {
          "type": "minecraft:item",
          "weight": 1,
          "name": "farmersdelight:hamburger",
          "functions": [
            {
              "function": "minecraft:set_count",
              "count": {
                "min": 1,
                "max": 2
              },
              "add": true
            }
          ]
        }
      ]
    },
    {
      "rolls": {
        "min": 1,
        "max": 5
      },
      "bonus_rolls": {
        "min": 1,
        "max": 2
      },
      "entries": [
        {
          "type": "minecraft:item",
          "weight": 5,
          "name": "create:bar_of_chocolate",
          "functions": [
            {
              "function": "minecraft:set_count",
              "count": {
                "min": 2,
                "max": 5
              },
              "add": true
            }
          ]
        },
        {
          "type": "minecraft:item",
          "weight": 5,
          "name": "create:sweet_roll",
          "functions": [
            {
              "function": "minecraft:set_count",
              "count": {
                "min": 1,
                "max": 5
              },
              "add": true
            }
          ]
        }
      ]
    },
    {
      "rolls": {
        "min": 1,
        "max": 3
      },
      "entries": [
        {
          "type": "minecraft:item",
          "name": "minecraft:potion",
          "functions": [
            {
              "function": "minecraft:set_count",
              "count": {
                "min": 1,
                "max": 4
              },
              "add": true
            },
            {
              "function": "minecraft:set_nbt",
              "tag": "{Purity:3,Potion:\"minecraft:water\"}"
            }
          ]
        }
      ]
    }
  ]
}
