{
  "style": "c70cities:dummycity_style",
  "inherit": "citystyle_config",
  "streetblocks": {
    "border": "v",
    "wall": "_",
    "street": "H",
    "streetbase": "G",
    "streetvariant": "="
  },
  "parkblocks": {
    "elevation": "G"
  },
  "corridorblocks": {
    "roof": " ",
    "glass": " "
  },
  "railblocks": {
    "railmain": " "
  },
  "sphereblocks": {
    "glass": " ",
    "border": " ",
    "inner": " "
  },
  "selectors": {
    "buildings": [
      {
        "factor": 0.05,
        "value": "c70cities:building_residential1"
      },
      {
        "factor": 0.05,
        "value": "c70cities:building_residential1_90"
      },
      {
        "factor": 0.05,
        "value": "c70cities:building_residential1_180"
      },
      {
        "factor": 0.05,
        "value": "c70cities:building_residential1_270"
      }
    ],
    "multibuildings": [
      {
        "factor": 0.2,
        "value": "c70cities:multi_flatapartment"
      }
    ],
    "bridges": [
      {
        "factor": 1.0,
        "value": "c70cities:bridge_1"
      }
    ],
    "fronts": [
      {
        "factor": 1.0,
        "value": "c70cities:front_1"
      }
    ],
    "stairs": [
      {
        "factor": 1.0,
        "value": "c70cities:stair_1"
      }
    ],
    "fountains": [
      {
        "factor": 1.0,
        "value": "c70cities:fountain_1"
      }
    ],
    "parks": [
      {
        "factor": 1.0,
        "value": "c70cities:park_1"
      }
    ],
    "raildungeons": [
      {
        "factor": 1.0,
        "value": "rail_dungeon1"
      }
    ]
  }
}