{
  "general": {
    "rate": 12,
    "gripType": "cgm:two_handed",
    "maxAmmo": 10,
    "reloadAmount": 3,
    "recoilAngle": 17,
    "recoilKick": 2.5,
    "recoilAdsReduction": 0.8,
    "alwaysSpread": true,
    "spread": 1
  },
  "projectile": {
    "item": "additionalguns:bullet_heavy",
    "visible": false,
    "gravity": true,
    "damage": 23,
    "size": 0.75,
    "speed": 1000,
    "life": 1000
  },
  "sounds": {
    "fire": "additionalguns:item.ots03.fire",
    "reload": "cgm:item.pistol.reload",
    "cock": "cgm:item.rifle.cock",
    "silencedFire": "additionalguns:item.rifle.suppressed"
  },
  "display": {
    "flash": {
      "yOffset": 3.7,
      "zOffset": -3.75
    }
  },
  "modules": {
    "zoom": {
      "fovModifier": 0.7,
      "yOffset": 4.9,
      "zOffset": -1.5
    },
    "attachments": {
      "scope": {
        "yOffset": 4.25,
        "zOffset": 1.55,
        "scale": 0.65
      },
      "barrel": {
        "yOffset": 3.7,
        "zOffset": -3.75,
        "scale": 0.4
      }
    }
  }
}