{
  "type": "immersivepetroleum:distillation",
  "byproducts": [
    {
      "item": "immersivepetroleum:petcoke_dust",
      "chance": "0.0"
    }
  ],
  "results": [
    {
      "fluid": "immersivepetroleum:naphtha",
      "amount": 2
    },
    {
      "fluid": "immersivepetroleum:gasoline_additives",
      "amount": 3
    },
    {
      "fluid": "immersivepetroleum:diesel_sulfur",
      "amount": 5
    }
  ],
  "input": {
    "tag": "forge:kerosene",
    "amount": 10
  },
  "time": 1,
  "energy": 1024
}