{
  "type": "minecraft:chest",
  "pools": [
    {
      "rolls": {
        "min": 1,
        "max": 4
      },
      "bonus_rolls": 1,
      "entries": [
        {
          "type": "minecraft:item",
          "weight": 15,
          "name": "create:brass_ingot",
          "functions": [
            {
              "function": "minecraft:set_count",
              "count": {
                "min": 3,
                "max": 6
              },
              "add": true
            }
          ]
        },
        {
          "type": "minecraft:item",
          "weight": 10,
          "name": "immersiveengineering:component_electronic",
          "functions": [
            {
              "function": "minecraft:set_count",
              "count": {
                "min": 1,
                "max": 3
              },
              "add": true
            }
          ]
        },
        {
          "type": "minecraft:item",
          "weight": 10,
          "name": "immersiveengineering:ingot_steel",
          "functions": [
            {
              "function": "minecraft:set_count",
              "count": {
                "min": 2,
                "max": 5
              },
              "add": true
            }
          ]
        },
        {
          "type": "minecraft:item",
          "weight": 5,
          "name": "immersiveengineering:electron_tube"
        },
        {
          "type": "minecraft:item",
          "weight": 5,
          "name": "immersiveengineering:blueprint",
          "functions": [
            {
              "function": "minecraft:set_nbt",
              "tag": "{blueprint:molds}"
            }
          ]
        },
        {
          "type": "minecraft:item",
          "weight": 15,
          "name": "create:brass_ingot",
          "functions": [
            {
              "function": "minecraft:set_count",
              "count": {
                "min": 2,
                "max": 4
              },
              "add": true
            }
          ]
        }
      ]
    },
    {
      "rolls": {
        "min": 1,
        "max": 4
      },
      "bonus_rolls": {
        "min": 1,
        "max": 2
      },
      "entries": [
        {
          "type": "minecraft:item",
          "weight": 10,
          "name": "immersiveengineering:plate_aluminum",
          "functions": [
            {
              "function": "minecraft:set_count",
              "count": {
                "min": 1,
                "max": 3
              },
              "add": true
            }
          ]
        },
        {
          "type": "minecraft:item",
          "weight": 10,
          "name": "immersiveengineering:plate_steel",
          "functions": [
            {
              "function": "minecraft:set_count",
              "count": {
                "min": 1,
                "max": 3
              },
              "add": true
            }
          ]
        },
        {
          "type": "minecraft:item",
          "weight": 10,
          "name": "immersiveengineering:component_iron",
          "functions": [
            {
              "function": "minecraft:set_count",
              "count": {
                "min": 1,
                "max": 2
              },
              "add": true
            }
          ]
        },
        {
          "type": "minecraft:item",
          "weight": 10,
          "name": "immersiveengineering:component_steel",
          "functions": [
            {
              "function": "minecraft:set_count",
              "count": {
                "min": 1,
                "max": 2
              },
              "add": true
            }
          ]
        }
      ]
    },
    {
      "rolls": {
        "min": 1,
        "max": 3
      },
      "bonus_rolls": 1,
      "entries": [
        {
          "type": "minecraft:item",
          "weight": 10,
          "name": "immersiveengineering:stick_steel",
          "functions": [
            {
              "function": "minecraft:set_count",
              "count": {
                "min": 1,
                "max": 3
              },
              "add": true
            }
          ]
        },
        {
          "type": "minecraft:item",
          "weight": 1,
          "name": "create:precision_mechanism"
        },
        {
          "type": "minecraft:item",
          "weight": 10,
          "name": "immersiveengineering:stick_aluminum",
          "functions": [
            {
              "function": "minecraft:set_count",
              "count": {
                "min": 1,
                "max": 3
              },
              "add": true
            }
          ]
        },
        {
          "type": "minecraft:item",
          "weight": 10,
          "name": "immersiveengineering:stick_iron",
          "functions": [
            {
              "function": "minecraft:set_count",
              "count": {
                "min": 1,
                "max": 3
              },
              "add": true
            }
          ]
        }
      ]
    },
    {
      "rolls": {
        "min": 0,
        "max": 1
      },
      "bonus_rolls": 1,
      "entries": [
        {
          "type": "minecraft:item",
          "weight": 1,
          "name": "contenttweaker:mold_bullet_casing_small"
        },
        {
          "type": "minecraft:item",
          "weight": 1,
          "name": "contenttweaker:mold_bullet_casing_short"
        },
        {
          "type": "minecraft:item",
          "weight": 1,
          "name": "contenttweaker:mold_bullet_casing_medium"
        },
        {
          "type": "minecraft:item",
          "weight": 1,
          "name": "contenttweaker:mold_bullet_casing_long"
        },
        {
          "type": "minecraft:item",
          "weight": 1,
          "name": "contenttweaker:mold_bullet_casing_heavy"
        },
        {
          "type": "minecraft:item",
          "weight": 1,
          "name": "contenttweaker:mold_bullet_casing_special"
        },
        {
          "type": "minecraft:item",
          "weight": 1,
          "name": "contenttweaker:mold_bullet_casing_shell"
        }
      ]
    },
    {
      "rolls": 1,
      "bonus_rolls": 1,
      "entries": [
        {
          "type": "minecraft:item",
          "name": "contenttweaker:high_carbon_steel_alloy",
          "conditions": [
            {
              "condition": "minecraft:random_chance",
              "chance": 0.2
            }
          ]
        }
      ]
    }
  ]
}
