{
	"attributes": {
	  "attack_range": 2.5,
	  "category": "mace",
	  "attacks": [
		{
		  "hitbox": "HORIZONTAL_PLANE",
		  "damage_multiplier": 0.7,
		  "angle": 150,
		  "upswing": 0.5,
		  "animation": "bettercombat:two_handed_slash_horizontal_left",
		  "swing_sound": {
			"id": "bettercombat:mace_slash"
		  }
		},
		{
		  "hitbox": "HORIZONTAL_PLANE",
		  "damage_multiplier": 0.7,
		  "angle": 150,
		  "upswing": 0.5,
		  "animation": "bettercombat:two_handed_slash_horizontal_right",
		  "swing_sound": {
			"id": "bettercombat:mace_slash"
		  }
		},
		{
		  "hitbox": "VERTICAL_PLANE",
		  "damage_multiplier": 1.6,
		  "angle": 90,
		  "upswing": 0.5,
		  "animation": "bettercombat:two_handed_slam",
		  "swing_sound": {
			"id": "bettercombat:mace_slam"
		  }
		}
	  ]
	}
  }