{
  "name": "building_office1_ground_palette_180",
  "palette": [
    {
      "char": "a",
      "block": "minecraft:oak_log[axis=x]"
    },
    {
      "char": "b",
      "block": "minecraft:smooth_stone"
    },
    {
      "char": "c",
      "block": "embellishcraft:smooth_basalt"
    },
    {
      "char": "d",
      "block": "quark:iron_ladder[waterlogged=false,facing=west]"
    },
    {
      "char": "e",
      "block": "minecraft:oak_leaves"
    },
    {
      "char": "f",
      "block": "embellishcraft:smooth_marble_wall[waterlogged=false]"
    },
    {
      "char": "g",
      "block": "minecraft:black_stained_glass_pane[waterlogged=false]"
    },
    {
      "char": "h",
      "block": "quark:iron_rod[facing=up]"
    },
    {
      "char": "i",
      "block": "embellishcraft:smooth_slate_stairs[waterlogged=false,half=bottom,shape=straight,facing=south]"
    },
    {
      "char": "j",
      "block": "cfm:gray_kitchen_counter[facing=west,type=default]"
    },
    {
      "char": "k",
      "block": "cfm:gray_kitchen_counter[facing=south,type=default]"
    },
    {
      "char": "l",
      "block": "cfm:gray_kitchen_counter[facing=south,type=left_corner_inverted]"
    },
    {
      "char": "m",
      "block": "minecraft:gray_terracotta"
    },
    {
      "char": "n",
      "block": "embellishcraft:polished_marble_slab[waterlogged=false,type=bottom]"
    },
    {
      "char": "o",
      "block": "embellishcraft:smooth_marble"
    },
    {
      "char": "p",
      "block": "quark:spruce_ladder[waterlogged=false,facing=west]"
    },
    {
      "char": "q",
      "block": "minecraft:iron_door[hinge=left,half=lower,facing=west,open=false]"
    },
    {
      "char": "r",
      "block": "minecraft:iron_door[hinge=right,half=lower,facing=west,open=false]"
    },
    {
      "char": "s",
      "block": "cfm:oak_hedge[waterlogged=false]"
    },
    {
      "char": "t",
      "block": "minecraft:iron_door[hinge=left,half=upper,facing=west,open=false]"
    },
    {
      "char": "u",
      "block": "minecraft:iron_door[hinge=right,half=upper,facing=west,open=false]"
    },
    {
      "char": "w",
      "block": "minecraft:quartz_block"
    },
    {
      "char": "x",
      "block": "embellishcraft:smooth_slate"
    }
  ]
}