{
  "name": "building_policeoffice1_base2_palette_270",
  "palette": [
    {
      "char": "a",
      "block": "embellishcraft:smooth_basalt"
    },
    {
      "char": "b",
      "block": "embellishcraft:polished_marble"
    },
    {
      "char": "c",
      "block": "embellishcraft:smooth_marble"
    },
    {
      "char": "d",
      "block": "minecraft:emerald_block"
    },
    {
      "char": "e",
      "block": "quark:gray_framed_glass"
    },
    {
      "char": "f",
      "block": "minecraft:redstone_torch"
    },
    {
      "char": "g",
      "block": "minecraft:gold_block"
    },
    {
      "char": "h",
      "block": "minecraft:iron_door[hinge=left,half=lower,facing=south,open=false]"
    },
    {
      "char": "i",
      "block": "minecraft:smooth_stone"
    },
    {
      "char": "j",
      "block": "minecraft:cyan_terracotta"
    },
    {
      "char": "k",
      "block": "minecraft:iron_block"
    },
    {
      "char": "l",
      "block": "cfm:cyan_kitchen_counter[facing=south,type=default]"
    },
    {
      "char": "m",
      "block": "embellishcraft:steel_wall_ladder[waterlogged=false,facing=south]"
    },
    {
      "char": "n",
      "block": "embellishcraft:smooth_slate_stairs[waterlogged=false,half=bottom,shape=straight,facing=north]"
    },
    {
      "char": "o",
      "block": "minecraft:iron_door[hinge=right,half=lower,facing=south,open=false]"
    },
    {
      "char": "p",
      "block": "minecraft:iron_door[hinge=left,half=upper,facing=south,open=false]"
    },
    {
      "char": "q",
      "block": "minecraft:iron_door[hinge=right,half=upper,facing=south,open=false]"
    },
    {
      "char": "r",
      "block": "minecraft:cobweb"
    },
    {
      "char": "s",
      "block": "minecraft:quartz_block"
    }
  ]
}