{
  "name": "building_policeoffice1_top_palette_90",
  "palette": [
    {
      "char": "a",
      "block": "minecraft:white_concrete"
    },
    {
      "char": "b",
      "block": "embellishcraft:polished_marble"
    },
    {
      "char": "c",
      "block": "minecraft:cyan_terracotta"
    },
    {
      "char": "d",
      "block": "minecraft:cyan_stained_glass_pane[east=true,waterlogged=false,south=false,north=false,west=true]"
    },
    {
      "char": "e",
      "block": "quark:iron_ladder[waterlogged=false,facing=north]"
    },
    {
      "char": "f",
      "block": "minecraft:gold_block"
    },
    {
      "char": "g",
      "block": "embellishcraft:smooth_basalt"
    },
    {
      "char": "h",
      "block": "embellishcraft:air_duct"
    },
    {
      "char": "i",
      "block": "immersiveengineering:concrete_three_quarter"
    },
    {
      "char": "j",
      "block": "embellishcraft:smooth_slate_stairs[waterlogged=false,half=bottom,shape=straight,facing=south]"
    },
    {
      "char": "k",
      "block": "minecraft:gray_stained_glass_pane[east=false,waterlogged=false,south=true,north=true,west=false]"
    },
    {
      "char": "l",
      "block": "immersiveengineering:razor_wire[waterlogged=false,facing=west]"
    },
    {
      "char": "m",
      "block": "immersiveengineering:razor_wire[waterlogged=false,facing=south]"
    },
    {
      "char": "n",
      "block": "immersiveengineering:razor_wire[waterlogged=false,facing=north]"
    },
    {
      "char": "o",
      "block": "embellishcraft:smooth_slate"
    },
    {
      "char": "p",
      "block": "embellishcraft:smooth_basalt_wall[east=none,waterlogged=false,south=none,north=none,west=none,up=true]"
    },
    {
      "char": "q",
      "block": "minecraft:iron_bars[east=false,waterlogged=false,south=false,north=false,west=false]"
    },
    {
      "char": "r",
      "block": "minecraft:iron_bars[east=false,waterlogged=false,south=true,north=false,west=false]"
    },
    {
      "char": "s",
      "block": "minecraft:iron_bars[east=true,waterlogged=false,south=false,north=false,west=false]"
    },
    {
      "char": "t",
      "block": "minecraft:iron_bars[east=false,waterlogged=false,south=false,north=true,west=true]"
    },
    {
      "char": "u",
      "block": "minecraft:iron_bars[east=true,waterlogged=false,south=false,north=true,west=false]"
    },
    {
      "char": "w",
      "block": "minecraft:iron_bars[east=false,waterlogged=false,south=false,north=false,west=true]"
    }
  ]
}