{
  "name": "building_office1_base2_palette_90",
  "palette": [
    {
      "char": "a",
      "block": "embellishcraft:smooth_basalt"
    },
    {
      "char": "b",
      "block": "embellishcraft:smooth_marble"
    },
    {
      "char": "c",
      "block": "simplylight:illuminant_block"
    },
    {
      "char": "d",
      "block": "minecraft:black_stained_glass_pane[east=true,waterlogged=false,south=false,north=false,west=true]"
    },
    {
      "char": "e",
      "block": "minecraft:iron_door[hinge=left,half=lower,facing=west,open=false]"
    },
    {
      "char": "f",
      "block": "minecraft:iron_door[hinge=right,half=lower,facing=west,open=false]"
    },
    {
      "char": "g",
      "block": "quark:iron_ladder[waterlogged=false,facing=north]"
    },
    {
      "char": "h",
      "block": "minecraft:gray_terracotta"
    },
    {
      "char": "i",
      "block": "minecraft:iron_door[hinge=left,half=upper,facing=west,open=false]"
    },
    {
      "char": "j",
      "block": "minecraft:iron_door[hinge=right,half=upper,facing=west,open=false]"
    },
    {
      "char": "k",
      "block": "minecraft:quartz_block"
    },
    {
      "char": "l",
      "block": "minecraft:chain[waterlogged=false,axis=y]"
    },
    {
      "char": "m",
      "block": "simplylight:illuminant_block_on"
    }
  ]
}