{
  "name": "building_office3_floor2_palette_270",
  "palette": [
    {
      "char": "a",
      "block": "embellishcraft:smooth_marble_slab[waterlogged=false,type=bottom]"
    },
    {
      "char": "b",
      "block": "embellishcraft:smooth_marble"
    },
    {
      "char": "c",
      "block": "minecraft:smooth_stone"
    },
    {
      "char": "d",
      "block": "quark:spruce_ladder[waterlogged=false,facing=south]"
    },
    {
      "char": "e",
      "block": "immersiveengineering:concrete_three_quarter"
    },
    {
      "char": "f",
      "block": "minecraft:stone_brick_wall[east=none,waterlogged=false,south=none,north=none,west=none]"
    },
    {
      "char": "g",
      "block": "minecraft:quartz_stairs[waterlogged=false,half=bottom,shape=straight,facing=east]"
    },
    {
      "char": "h",
      "block": "minecraft:gray_terracotta"
    },
    {
      "char": "i",
      "block": "minecraft:quartz_stairs[waterlogged=false,half=bottom,shape=straight,facing=west]"
    },
    {
      "char": "j",
      "block": "minecraft:gray_stained_glass_pane[east=true,waterlogged=false,south=true,north=false,west=false]"
    },
    {
      "char": "k",
      "block": "minecraft:gray_stained_glass_pane[east=true,waterlogged=false,south=false,north=false,west=true]"
    },
    {
      "char": "l",
      "block": "minecraft:gray_stained_glass_pane[east=false,waterlogged=false,south=true,north=false,west=true]"
    },
    {
      "char": "m",
      "block": "minecraft:gray_stained_glass_pane[east=false,waterlogged=false,south=true,north=true,west=false]"
    },
    {
      "char": "n",
      "block": "immersiveengineering:concrete_quarter"
    },
    {
      "char": "o",
      "block": "minecraft:gray_stained_glass_pane[east=true,waterlogged=false,south=false,north=true,west=false]"
    },
    {
      "char": "p",
      "block": "minecraft:gray_stained_glass_pane[east=false,waterlogged=false,south=false,north=true,west=true]"
    },
    {
      "char": "q",
      "block": "embellishcraft:smooth_basalt_slab[waterlogged=false,type=bottom]"
    },
    {
      "char": "r",
      "block": "minecraft:stone_brick_wall[east=tall,waterlogged=false,south=tall,north=none,west=none]"
    },
    {
      "char": "s",
      "block": "minecraft:quartz_block"
    },
    {
      "char": "t",
      "block": "minecraft:stone_brick_wall[east=none,waterlogged=false,south=tall,north=none,west=tall]"
    },
    {
      "char": "u",
      "block": "minecraft:stone_brick_wall[east=tall,waterlogged=false,south=none,north=tall,west=none]"
    },
    {
      "char": "w",
      "block": "minecraft:stone_brick_wall[east=none,waterlogged=false,south=none,north=tall,west=tall]"
    }
  ]
}