{
  "name": "building_hotel1_top_palette",
  "palette": [
    {
      "char": "a",
      "block": "embellishcraft:smooth_marble"
    },
    {
      "char": "b",
      "block": "minecraft:spruce_planks"
    },
    {
      "char": "c",
      "block": "minecraft:farmland"
    },
    {
      "char": "d",
      "block": "embellishcraft:smooth_slate_slab[waterlogged=false,type=bottom]"
    },
    {
      "char": "e",
      "block": "minecraft:gray_stained_glass_pane[east=false,waterlogged=false,south=true,north=true,west=true]"
    },
    {
      "char": "f",
      "block": "minecraft:iron_bars[east=true,waterlogged=false,south=true,north=false,west=false]"
    },
    {
      "char": "g",
      "block": "minecraft:iron_bars[east=true,waterlogged=false,south=false,north=false,west=true]"
    },
    {
      "char": "h",
      "block": "minecraft:iron_bars[east=false,waterlogged=false,south=false,north=false,west=true]"
    },
    {
      "char": "i",
      "block": "minecraft:iron_bars[east=false,waterlogged=false,south=true,north=true,west=false]"
    },
    {
      "char": "j",
      "block": "minecraft:iron_bars[east=false,waterlogged=false,south=true,north=false,west=false]"
    },
    {
      "char": "k",
      "block": "minecraft:gray_stained_glass_pane[east=false,waterlogged=false,south=true,north=true,west=false]"
    },
    {
      "char": "l",
      "block": "minecraft:iron_bars[east=true,waterlogged=false,south=false,north=true,west=false]"
    },
    {
      "char": "m",
      "block": "minecraft:iron_bars[east=false,waterlogged=false,south=false,north=true,west=true]"
    },
    {
      "char": "n",
      "block": "minecraft:gray_stained_glass_pane[east=true,waterlogged=false,south=false,north=false,west=true]"
    },
    {
      "char": "o",
      "block": "minecraft:smooth_stone_slab[waterlogged=false,type=bottom]"
    },
    {
      "char": "p",
      "block": "minecraft:gray_stained_glass"
    }
  ]
}