{
  "name": "building_office3_top_palette",
  "palette": [
    {
      "char": "a",
      "block": "embellishcraft:smooth_marble_slab[waterlogged=false,type=bottom]"
    },
    {
      "char": "b",
      "block": "embellishcraft:smooth_marble"
    },
    {
      "char": "c",
      "block": "minecraft:smooth_stone"
    },
    {
      "char": "d",
      "block": "quark:spruce_ladder[waterlogged=false,facing=east]"
    },
    {
      "char": "e",
      "block": "immersiveengineering:concrete_three_quarter"
    },
    {
      "char": "f",
      "block": "embellishcraft:smooth_basalt"
    },
    {
      "char": "g",
      "block": "embellishcraft:smooth_slate"
    },
    {
      "char": "h",
      "block": "minecraft:stone_slab[waterlogged=false,type=bottom]"
    },
    {
      "char": "i",
      "block": "embellishcraft:air_duct"
    },
    {
      "char": "j",
      "block": "minecraft:quartz_slab[waterlogged=false,type=bottom]"
    },
    {
      "char": "k",
      "block": "embellishcraft:smooth_slate_wall[east=none,waterlogged=false,south=none,north=none,west=none]"
    },
    {
      "char": "l",
      "block": "quark:iron_rod[facing=up]"
    }
  ]
}