{
  "name": "building_hotel2_floor3_palette_270",
  "palette": [
    {
      "char": "a",
      "block": "embellishcraft:smooth_marble"
    },
    {
      "char": "b",
      "block": "quark:spruce_ladder[waterlogged=false,facing=south]"
    },
    {
      "char": "c",
      "block": "minecraft:smooth_stone"
    },
    {
      "char": "d",
      "block": "minecraft:gray_terracotta"
    },
    {
      "char": "e",
      "block": "minecraft:black_stained_glass_pane[waterlogged=false]"
    },
    {
      "char": "f",
      "block": "quark:iron_rod[facing=up]"
    },
    {
      "char": "g",
      "block": "minecraft:flower_pot"
    },
    {
      "char": "h",
      "block": "minecraft:bookshelf"
    },
    {
      "char": "i",
      "block": "immersiveengineering:concrete_quarter"
    },
    {
      "char": "j",
      "block": "minecraft:quartz_slab[waterlogged=false,type=bottom]"
    },
    {
      "char": "k",
      "block": "minecraft:quartz_stairs[waterlogged=false,half=bottom,shape=inner_left,facing=east]"
    },
    {
      "char": "l",
      "block": "minecraft:quartz_stairs[waterlogged=false,half=bottom,shape=straight,facing=north]"
    },
    {
      "char": "m",
      "block": "minecraft:quartz_stairs[waterlogged=false,half=bottom,shape=inner_right,facing=west]"
    },
    {
      "char": "n",
      "block": "cfm:oak_hedge[waterlogged=false]"
    },
    {
      "char": "o",
      "block": "bunker_down:ceiling_lamp"
    },
    {
      "char": "p",
      "block": "bunker_down:broken_ceiling_lamp"
    },
    {
      "char": "q",
      "block": "minecraft:quartz_block"
    }
  ]
}