{
  "name": "building_carservice1_base1_palette_180",
  "palette": [
    {
      "char": "a",
      "block": "embellishcraft:polished_marble"
    },
    {
      "char": "b",
      "block": "minecraft:cyan_terracotta"
    },
    {
      "char": "c",
      "block": "minecraft:smooth_quartz"
    },
    {
      "char": "d",
      "block": "embellishcraft:oak_wooden_crate"
    },
    {
      "char": "e",
      "block": "embellishcraft:marble_button[face=wall,facing=east]"
    },
    {
      "char": "f",
      "block": "minecraft:coal_block"
    },
    {
      "char": "g",
      "block": "quark:framed_glass_pane[east=false,waterlogged=false,south=true,north=true,west=false]"
    },
    {
      "char": "h",
      "block": "embellishcraft:smooth_basalt_stairs[waterlogged=false,half=bottom,shape=straight,facing=south]"
    },
    {
      "char": "i",
      "block": "immersiveengineering:slab_concrete[waterlogged=false,type=bottom]"
    },
    {
      "char": "j",
      "block": "cfm:stone_table[east=true,waterlogged=false,south=false,north=false,west=false]"
    },
    {
      "char": "k",
      "block": "cfm:stone_table[east=false,waterlogged=false,south=false,north=false,west=true]"
    },
    {
      "char": "l",
      "block": "simplylight:wall_lamp[waterlogged=false,facing=north]"
    },
    {
      "char": "m",
      "block": "embellishcraft:steel_rungs[waterlogged=false,facing=north]"
    },
    {
      "char": "n",
      "block": "quark:smooth_stone_vertical_slab[waterlogged=false,type=east]"
    },
    {
      "char": "o",
      "block": "cfm:gray_picket_fence[east=false,waterlogged=false,south=true,north=false,west=false]"
    },
    {
      "char": "p",
      "block": "minecraft:iron_bars[east=false,waterlogged=false,south=true,north=false,west=true]"
    },
    {
      "char": "q",
      "block": "embellishcraft:gray_couch[waterlogged=false,shape=straight,facing=north]"
    },
    {
      "char": "r",
      "block": "cfm:gray_picket_fence[east=false,waterlogged=false,south=true,north=true,west=false]"
    },
    {
      "char": "s",
      "block": "minecraft:stonecutter[facing=south]"
    },
    {
      "char": "t",
      "block": "minecraft:blast_furnace[lit=false,facing=south]"
    },
    {
      "char": "u",
      "block": "minecraft:cauldron"
    },
    {
      "char": "w",
      "block": "embellishcraft:smooth_basalt"
    },
    {
      "char": "x",
      "block": "embellishcraft:smooth_basalt_slab[waterlogged=false,type=top]"
    },
    {
      "char": "y",
      "block": "minecraft:smooth_quartz_stairs[waterlogged=false,half=bottom,shape=straight,facing=north]"
    },
    {
      "char": "z",
      "block": "minecraft:gray_stained_glass"
    },
    {
      "char": "A",
      "block": "minecraft:gray_stained_glass_pane[east=false,waterlogged=false,south=true,north=true,west=false]"
    },
    {
      "char": "B",
      "block": "minecraft:gray_stained_glass_pane[east=true,waterlogged=false,south=true,north=true,west=false]"
    },
    {
      "char": "C",
      "block": "minecraft:gray_stained_glass_pane[east=true,waterlogged=false,south=false,north=true,west=false]"
    },
    {
      "char": "D",
      "block": "minecraft:gray_stained_glass_pane[east=true,waterlogged=false,south=false,north=false,west=true]"
    },
    {
      "char": "E",
      "block": "minecraft:gray_stained_glass_pane[east=true,waterlogged=false,south=false,north=true,west=true]"
    },
    {
      "char": "F",
      "block": "minecraft:white_carpet"
    },
    {
      "char": "I",
      "block": "immersiveengineering:concrete_quarter"
    },
    {
      "char": "J",
      "block": "immersiveengineering:concrete_sheet"
    },
    {
      "char": "K",
      "block": "minecraft:iron_bars[east=true,waterlogged=false,south=true,north=false,west=true]"
    },
    {
      "char": "L",
      "block": "simplylight:illuminant_block"
    },
    {
      "char": "M",
      "block": "minecraft:smooth_stone"
    },
    {
      "char": "N",
      "block": "minecraft:smooth_stone_slab[waterlogged=false,type=top]"
    },
    {
      "char": "O",
      "block": "simplylight:illuminant_block_on"
    }
  ]
}