{
  "name": "building_office2_ground_palette_180",
  "palette": [
    {
      "char": "a",
      "block": "embellishcraft:smooth_marble"
    },
    {
      "char": "b",
      "block": "embellishcraft:smooth_basalt"
    },
    {
      "char": "c",
      "block": "embellishcraft:polished_marble"
    },
    {
      "char": "d",
      "block": "minecraft:gray_terracotta"
    },
    {
      "char": "e",
      "block": "minecraft:gray_stained_glass"
    },
    {
      "char": "f",
      "block": "minecraft:quartz_stairs[waterlogged=false,half=bottom,shape=straight,facing=south]"
    },
    {
      "char": "g",
      "block": "cfm:gray_kitchen_counter[facing=south,type=default]"
    },
    {
      "char": "h",
      "block": "minecraft:iron_door[hinge=left,half=lower,facing=west,open=false]"
    },
    {
      "char": "i",
      "block": "minecraft:iron_door[hinge=right,half=lower,facing=west,open=false]"
    },
    {
      "char": "j",
      "block": "minecraft:smooth_stone_slab[waterlogged=false,type=bottom]"
    },
    {
      "char": "k",
      "block": "minecraft:quartz_stairs[waterlogged=false,half=bottom,shape=inner_left,facing=east]"
    },
    {
      "char": "l",
      "block": "minecraft:quartz_stairs[waterlogged=false,half=bottom,shape=straight,facing=north]"
    },
    {
      "char": "m",
      "block": "minecraft:spruce_fence[east=false,waterlogged=false,south=true,north=false,west=false]"
    },
    {
      "char": "n",
      "block": "embellishcraft:steel_rungs[waterlogged=false,facing=south]"
    },
    {
      "char": "o",
      "block": "minecraft:quartz_stairs[waterlogged=false,half=bottom,shape=inner_right,facing=west]"
    },
    {
      "char": "p",
      "block": "minecraft:oak_leaves"
    },
    {
      "char": "q",
      "block": "minecraft:iron_door[hinge=left,half=upper,facing=west,open=false]"
    },
    {
      "char": "r",
      "block": "minecraft:iron_door[hinge=right,half=upper,facing=west,open=false]"
    },
    {
      "char": "s",
      "block": "cfm:oak_hedge[east=false,waterlogged=false,south=true,north=false,west=false]"
    },
    {
      "char": "t",
      "block": "simplylight:rodlamp[waterlogged=false,axis=y]"
    },
    {
      "char": "u",
      "block": "minecraft:quartz_block"
    },
    {
      "char": "w",
      "block": "embellishcraft:smooth_marble_wall[east=tall,waterlogged=false,south=tall,north=tall,west=tall]"
    }
  ]
}