{
  "name": "building_bank1_floor1_palette_270",
  "palette": [
    {
      "char": "a",
      "block": "embellishcraft:smooth_marble_stairs[waterlogged=false,half=top,shape=straight,facing=south]"
    },
    {
      "char": "b",
      "block": "embellishcraft:smooth_marble"
    },
    {
      "char": "c",
      "block": "embellishcraft:smooth_marble_stairs[waterlogged=false,half=bottom,shape=straight,facing=north]"
    },
    {
      "char": "d",
      "block": "minecraft:smooth_stone"
    },
    {
      "char": "e",
      "block": "embellishcraft:smooth_marble_stairs[waterlogged=false,half=bottom,shape=straight,facing=west]"
    },
    {
      "char": "f",
      "block": "embellishcraft:smooth_marble_stairs[waterlogged=false,half=top,shape=straight,facing=west]"
    },
    {
      "char": "g",
      "block": "embellishcraft:smooth_marble_stairs[waterlogged=false,half=top,shape=straight,facing=east]"
    },
    {
      "char": "h",
      "block": "embellishcraft:smooth_marble_stairs[waterlogged=false,half=bottom,shape=straight,facing=east]"
    },
    {
      "char": "i",
      "block": "embellishcraft:smooth_marble_stairs[waterlogged=false,half=bottom,shape=straight,facing=south]"
    },
    {
      "char": "j",
      "block": "embellishcraft:smooth_marble_stairs[waterlogged=false,half=top,shape=straight,facing=north]"
    },
    {
      "char": "k",
      "block": "minecraft:light_gray_stained_glass"
    },
    {
      "char": "l",
      "block": "minecraft:gray_stained_glass"
    },
    {
      "char": "m",
      "block": "minecraft:dark_oak_door[hinge=right,half=lower,facing=north,open=false]"
    },
    {
      "char": "n",
      "block": "minecraft:oak_leaves"
    },
    {
      "char": "o",
      "block": "minecraft:dark_oak_door[hinge=left,half=lower,facing=north,open=false]"
    },
    {
      "char": "p",
      "block": "embellishcraft:smooth_basalt"
    },
    {
      "char": "q",
      "block": "embellishcraft:smooth_basalt_slab[waterlogged=false,type=top]"
    },
    {
      "char": "r",
      "block": "minecraft:iron_bars[east=false,waterlogged=false,south=true,north=false,west=false]"
    },
    {
      "char": "s",
      "block": "minecraft:iron_bars[east=false,waterlogged=false,south=true,north=true,west=false]"
    },
    {
      "char": "t",
      "block": "minecraft:bookshelf"
    },
    {
      "char": "u",
      "block": "embellishcraft:light_gray_couch[waterlogged=false,shape=inner_left,facing=east]"
    },
    {
      "char": "w",
      "block": "embellishcraft:light_gray_couch[waterlogged=false,shape=straight,facing=east]"
    },
    {
      "char": "x",
      "block": "embellishcraft:light_gray_couch[waterlogged=false,shape=straight,facing=south]"
    },
    {
      "char": "y",
      "block": "embellishcraft:light_gray_couch[waterlogged=false,shape=straight,facing=north]"
    },
    {
      "char": "z",
      "block": "minecraft:iron_bars[east=false,waterlogged=false,south=false,north=true,west=false]"
    },
    {
      "char": "A",
      "block": "minecraft:oak_fence[east=true,waterlogged=false,south=false,north=false,west=false]"
    },
    {
      "char": "B",
      "block": "cfm:stripped_oak_coffee_table[east=false,waterlogged=false,south=true,north=false,west=false]"
    },
    {
      "char": "C",
      "block": "minecraft:quartz_stairs[waterlogged=false,half=bottom,shape=straight,facing=south]"
    },
    {
      "char": "D",
      "block": "cfm:stripped_oak_coffee_table[east=false,waterlogged=false,south=false,north=true,west=false]"
    },
    {
      "char": "E",
      "block": "embellishcraft:smooth_marble_wall[east=tall,waterlogged=false,south=tall,north=none,west=none,up=true]"
    },
    {
      "char": "F",
      "block": "embellishcraft:smooth_marble_wall[east=none,waterlogged=false,south=tall,north=none,west=tall,up=true]"
    },
    {
      "char": "I",
      "block": "minecraft:dark_oak_door[hinge=right,half=upper,facing=north,open=false]"
    },
    {
      "char": "J",
      "block": "minecraft:dark_oak_door[hinge=left,half=upper,facing=north,open=false]"
    },
    {
      "char": "K",
      "block": "minecraft:iron_bars[east=false,waterlogged=false,south=false,north=false,west=false]"
    },
    {
      "char": "L",
      "block": "simplylight:rodlamp[waterlogged=false,axis=y]"
    },
    {
      "char": "M",
      "block": "cfm:oak_hedge[east=true,waterlogged=false,south=false,north=false,west=false]"
    },
    {
      "char": "N",
      "block": "embellishcraft:smooth_marble_wall[east=tall,waterlogged=false,south=none,north=tall,west=none,up=true]"
    },
    {
      "char": "O",
      "block": "embellishcraft:smooth_marble_wall[east=none,waterlogged=false,south=none,north=tall,west=tall,up=true]"
    },
    {
      "char": "P",
      "block": "embellishcraft:smooth_marble_wall[east=low,waterlogged=false,south=low,north=none,west=none,up=true]"
    },
    {
      "char": "Q",
      "block": "embellishcraft:smooth_marble_wall[east=none,waterlogged=false,south=low,north=none,west=low,up=true]"
    },
    {
      "char": "R",
      "block": "embellishcraft:smooth_marble_wall[east=low,waterlogged=false,south=none,north=low,west=none,up=true]"
    },
    {
      "char": "T",
      "block": "embellishcraft:smooth_marble_wall[east=none,waterlogged=false,south=none,north=low,west=low,up=true]"
    },
    {
      "char": "U",
      "block": "minecraft:quartz_slab[waterlogged=false,type=top]"
    },
    {
      "char": "V",
      "block": "minecraft:oak_slab[waterlogged=false,type=top]"
    }
  ]
}