{
  "name": "building_carservice1_floor1_palette",
  "palette": [
    {
      "char": "a",
      "block": "minecraft:smooth_stone"
    },
    {
      "char": "b",
      "block": "immersivepetroleum:asphalt_slab[waterlogged=false,type=bottom]"
    },
    {
      "char": "c",
      "block": "quark:limestone_slab[waterlogged=false,type=top]"
    },
    {
      "char": "d",
      "block": "minecraft:black_stained_glass_pane[east=true,waterlogged=false,south=false,north=true,west=true]"
    },
    {
      "char": "e",
      "block": "minecraft:black_stained_glass_pane[east=true,waterlogged=false,south=false,north=false,west=true]"
    },
    {
      "char": "f",
      "block": "embellishcraft:smooth_marble"
    },
    {
      "char": "g",
      "block": "quark:limestone"
    },
    {
      "char": "h",
      "block": "embellishcraft:gray_corrugated_metal_plate_slab[waterlogged=false,type=top]"
    },
    {
      "char": "i",
      "block": "embellishcraft:gray_corrugated_metal_plate_slab[waterlogged=false,type=bottom]"
    },
    {
      "char": "j",
      "block": "immersivepetroleum:asphalt_slab[waterlogged=false,type=top]"
    },
    {
      "char": "k",
      "block": "minecraft:black_stained_glass_pane[east=true,waterlogged=false,south=true,north=false,west=false]"
    },
    {
      "char": "l",
      "block": "minecraft:black_stained_glass_pane[east=false,waterlogged=false,south=false,north=true,west=true]"
    },
    {
      "char": "m",
      "block": "embellishcraft:steel_rungs[waterlogged=false,facing=north]"
    },
    {
      "char": "n",
      "block": "minecraft:stone_slab[waterlogged=false,type=top]"
    },
    {
      "char": "o",
      "block": "quark:smooth_stone_vertical_slab[waterlogged=false,type=north]"
    },
    {
      "char": "p",
      "block": "minecraft:coal_block"
    },
    {
      "char": "q",
      "block": "minecraft:crafting_table"
    },
    {
      "char": "r",
      "block": "cfm:cyan_kitchen_counter[facing=north,type=default]"
    },
    {
      "char": "s",
      "block": "minecraft:gray_stained_glass_pane[east=false,waterlogged=false,south=true,north=true,west=false]"
    },
    {
      "char": "t",
      "block": "minecraft:stone_button[face=wall,facing=south]"
    },
    {
      "char": "u",
      "block": "embellishcraft:oak_wooden_crate"
    },
    {
      "char": "w",
      "block": "immersiveengineering:razor_wire[waterlogged=false,facing=west]"
    },
    {
      "char": "x",
      "block": "minecraft:stone_button[face=wall,facing=west]"
    },
    {
      "char": "y",
      "block": "minecraft:stone_brick_slab[waterlogged=false,type=top]"
    },
    {
      "char": "z",
      "block": "quark:dark_oak_post[waterlogged=false,chain_up=false,chain_west=false,chain_east=false,chain_north=false,chain_south=false,axis=x]"
    },
    {
      "char": "A",
      "block": "quark:dark_oak_post[waterlogged=false,chain_up=false,chain_west=false,chain_east=false,chain_north=false,chain_south=false,axis=z]"
    },
    {
      "char": "B",
      "block": "minecraft:gray_stained_glass_pane[east=true,waterlogged=false,south=true,north=false,west=false]"
    },
    {
      "char": "C",
      "block": "minecraft:gray_stained_glass_pane[east=false,waterlogged=false,south=false,north=true,west=true]"
    },
    {
      "char": "D",
      "block": "minecraft:stone_button[face=wall,facing=east]"
    },
    {
      "char": "E",
      "block": "minecraft:smooth_stone_slab[waterlogged=false,type=top]"
    },
    {
      "char": "F",
      "block": "minecraft:iron_bars[east=true,waterlogged=false,south=false,north=true,west=false]"
    },
    {
      "char": "I",
      "block": "minecraft:iron_bars[east=false,waterlogged=false,south=false,north=true,west=true]"
    },
    {
      "char": "J",
      "block": "embellishcraft:rusty_rungs[waterlogged=false,facing=north]"
    },
    {
      "char": "K",
      "block": "minecraft:smooth_red_sandstone_stairs[waterlogged=false,half=bottom,shape=straight,facing=east]"
    },
    {
      "char": "L",
      "block": "minecraft:smooth_red_sandstone"
    },
    {
      "char": "M",
      "block": "minecraft:smooth_red_sandstone_stairs[waterlogged=false,half=bottom,shape=straight,facing=west]"
    },
    {
      "char": "N",
      "block": "minecraft:smooth_red_sandstone_slab[waterlogged=false,type=bottom]"
    },
    {
      "char": "O",
      "block": "minecraft:lever[face=wall,facing=north]"
    },
    {
      "char": "P",
      "block": "minecraft:glass_pane[east=true,waterlogged=false,south=true,north=false,west=false]"
    },
    {
      "char": "Q",
      "block": "minecraft:glass_pane[east=true,waterlogged=false,south=false,north=false,west=true]"
    },
    {
      "char": "R",
      "block": "minecraft:glass_pane[east=false,waterlogged=false,south=true,north=false,west=true]"
    },
    {
      "char": "T",
      "block": "minecraft:glass_pane[east=false,waterlogged=false,south=true,north=true,west=false]"
    },
    {
      "char": "U",
      "block": "minecraft:glass_pane[east=false,waterlogged=false,south=false,north=true,west=false]"
    },
    {
      "char": "V",
      "block": "minecraft:rail[waterlogged=false,shape=north_south]"
    },
    {
      "char": "W",
      "block": "minecraft:smooth_stone_slab[waterlogged=false,type=bottom]"
    }
  ]
}