{
  "name": "building_carservice1_ground_palette_180",
  "palette": [
    {
      "char": "a",
      "block": "minecraft:smooth_stone"
    },
    {
      "char": "b",
      "block": "car:guard_rail[waterlogged=false]"
    },
    {
      "char": "c",
      "block": "immersiveengineering:concrete_quarter"
    },
    {
      "char": "d",
      "block": "immersiveengineering:slab_concrete[waterlogged=false,type=bottom]"
    },
    {
      "char": "e",
      "block": "immersiveengineering:concrete_three_quarter"
    },
    {
      "char": "f",
      "block": "embellishcraft:smooth_marble"
    },
    {
      "char": "g",
      "block": "embellishcraft:polished_marble"
    },
    {
      "char": "h",
      "block": "immersivepetroleum:asphalt_slab[waterlogged=false,type=bottom]"
    },
    {
      "char": "i",
      "block": "quark:framed_glass_pane[waterlogged=false]"
    },
    {
      "char": "j",
      "block": "cfm:gray_picket_fence[waterlogged=false]"
    },
    {
      "char": "k",
      "block": "minecraft:iron_trapdoor[waterlogged=false,half=top,facing=north,open=false]"
    },
    {
      "char": "l",
      "block": "car:gas_station[facing=north]"
    },
    {
      "char": "m",
      "block": "minecraft:chipped_anvil[facing=west]"
    },
    {
      "char": "n",
      "block": "minecraft:observer[facing=east]"
    },
    {
      "char": "o",
      "block": "minecraft:gray_stained_glass_pane[waterlogged=false]"
    },
    {
      "char": "p",
      "block": "cfm:cyan_kitchen_counter[facing=west,type=default]"
    },
    {
      "char": "q",
      "block": "cfm:oak_hedge[waterlogged=false]"
    },
    {
      "char": "r",
      "block": "embellishcraft:gray_couch[left_end=false,waterlogged=false,shape=straight,right_end=true,facing=north]"
    },
    {
      "char": "s",
      "block": "embellishcraft:gray_couch[left_end=true,waterlogged=false,shape=straight,right_end=false,facing=north]"
    },
    {
      "char": "t",
      "block": "cfm:stone_table[waterlogged=false]"
    },
    {
      "char": "u",
      "block": "embellishcraft:steel_rungs[waterlogged=false,facing=south]"
    },
    {
      "char": "w",
      "block": "minecraft:stone_slab[waterlogged=false,type=top]"
    },
    {
      "char": "x",
      "block": "immersiveengineering:connector_lv[waterlogged=false,facing=down]"
    },
    {
      "char": "y",
      "block": "car:gas_station_top[facing=north]"
    },
    {
      "char": "z",
      "block": "minecraft:smooth_stone_slab[waterlogged=false,type=bottom]"
    },
    {
      "char": "A",
      "block": "minecraft:smooth_stone_slab[waterlogged=false,type=top]"
    }
  ]
}