{
  "name": "building_hotel2_ground_palette_270",
  "palette": [
    {
      "char": "a",
      "block": "embellishcraft:smooth_marble"
    },
    {
      "char": "b",
      "block": "quark:spruce_ladder[waterlogged=false,facing=south]"
    },
    {
      "char": "c",
      "block": "minecraft:smooth_stone"
    },
    {
      "char": "d",
      "block": "minecraft:gray_terracotta"
    },
    {
      "char": "e",
      "block": "minecraft:oak_log[axis=x]"
    },
    {
      "char": "f",
      "block": "minecraft:cobblestone"
    },
    {
      "char": "g",
      "block": "minecraft:yellow_glazed_terracotta[facing=south]"
    },
    {
      "char": "h",
      "block": "minecraft:yellow_glazed_terracotta[facing=east]"
    },
    {
      "char": "i",
      "block": "minecraft:yellow_glazed_terracotta[facing=west]"
    },
    {
      "char": "j",
      "block": "minecraft:yellow_glazed_terracotta[facing=north]"
    },
    {
      "char": "k",
      "block": "quark:iron_rod[facing=up]"
    },
    {
      "char": "l",
      "block": "minecraft:black_stained_glass_pane[waterlogged=false]"
    },
    {
      "char": "m",
      "block": "minecraft:oak_leaves"
    },
    {
      "char": "n",
      "block": "embellishcraft:polished_marble_slab[waterlogged=false,type=bottom]"
    },
    {
      "char": "o",
      "block": "minecraft:black_stained_glass"
    },
    {
      "char": "p",
      "block": "minecraft:iron_door[hinge=left,half=lower,facing=south,open=false]"
    },
    {
      "char": "q",
      "block": "minecraft:iron_door[hinge=right,half=lower,facing=south,open=false]"
    },
    {
      "char": "r",
      "block": "cfm:gray_kitchen_counter[facing=west,type=default]"
    },
    {
      "char": "s",
      "block": "cfm:gray_kitchen_counter[facing=north,type=right_corner_inverted]"
    },
    {
      "char": "t",
      "block": "minecraft:quartz_stairs[waterlogged=false,half=bottom,shape=straight,facing=north]"
    },
    {
      "char": "u",
      "block": "cfm:gray_kitchen_counter[facing=north,type=default]"
    },
    {
      "char": "w",
      "block": "cfm:oak_hedge[waterlogged=false]"
    },
    {
      "char": "x",
      "block": "minecraft:iron_door[hinge=left,half=upper,facing=south,open=false]"
    },
    {
      "char": "y",
      "block": "minecraft:iron_door[hinge=right,half=upper,facing=south,open=false]"
    },
    {
      "char": "z",
      "block": "another_furniture:service_bell[waterlogged=false]"
    },
    {
      "char": "A",
      "block": "bunker_down:broken_ceiling_lamp"
    },
    {
      "char": "B",
      "block": "bunker_down:ceiling_lamp"
    },
    {
      "char": "C",
      "block": "minecraft:quartz_block"
    },
    {
      "char": "D",
      "block": "immersiveengineering:concrete_quarter"
    }
  ]
}