{
  "name": "building_apartment1_top_palette_90",
  "palette": [
    {
      "char": "a",
      "block": "minecraft:smooth_quartz_slab[waterlogged=false,type=bottom]"
    },
    {
      "char": "b",
      "block": "minecraft:birch_planks"
    },
    {
      "char": "c",
      "block": "minecraft:smooth_stone"
    },
    {
      "char": "d",
      "block": "embellishcraft:smooth_marble_stairs[waterlogged=false,half=bottom,shape=straight,facing=west]"
    },
    {
      "char": "e",
      "block": "minecraft:birch_stairs[waterlogged=false,half=bottom,shape=straight,facing=south]"
    },
    {
      "char": "f",
      "block": "minecraft:birch_stairs[waterlogged=false,half=bottom,shape=inner_right,facing=south]"
    },
    {
      "char": "g",
      "block": "minecraft:birch_stairs[waterlogged=false,half=bottom,shape=straight,facing=west]"
    },
    {
      "char": "h",
      "block": "minecraft:birch_stairs[waterlogged=false,half=bottom,shape=outer_left,facing=west]"
    },
    {
      "char": "i",
      "block": "minecraft:birch_slab[waterlogged=false,type=bottom]"
    },
    {
      "char": "j",
      "block": "minecraft:birch_stairs[waterlogged=false,half=bottom,shape=straight,facing=north]"
    },
    {
      "char": "k",
      "block": "minecraft:birch_stairs[waterlogged=false,half=top,shape=straight,facing=south]"
    },
    {
      "char": "l",
      "block": "minecraft:birch_slab[waterlogged=false,type=top]"
    },
    {
      "char": "m",
      "block": "minecraft:birch_stairs[waterlogged=false,half=top,shape=straight,facing=west]"
    },
    {
      "char": "n",
      "block": "minecraft:cobweb"
    },
    {
      "char": "o",
      "block": "embellishcraft:air_duct"
    },
    {
      "char": "p",
      "block": "minecraft:birch_stairs[waterlogged=false,half=bottom,shape=straight,facing=east]"
    },
    {
      "char": "q",
      "block": "minecraft:smooth_quartz"
    },
    {
      "char": "r",
      "block": "minecraft:iron_door[hinge=left,half=lower,facing=west,open=false]"
    },
    {
      "char": "s",
      "block": "minecraft:birch_stairs[waterlogged=false,half=top,shape=straight,facing=east]"
    },
    {
      "char": "t",
      "block": "immersiveengineering:steel_scaffolding_standard[waterlogged=false]"
    },
    {
      "char": "u",
      "block": "embellishcraft:vent_air_duct[facing=north]"
    },
    {
      "char": "w",
      "block": "minecraft:birch_stairs[waterlogged=false,half=top,shape=straight,facing=north]"
    },
    {
      "char": "x",
      "block": "minecraft:iron_door[hinge=left,half=upper,facing=west,open=false]"
    },
    {
      "char": "y",
      "block": "minecraft:cauldron"
    },
    {
      "char": "z",
      "block": "minecraft:water_cauldron"
    },
    {
      "char": "A",
      "block": "minecraft:smooth_stone_slab[waterlogged=false,type=bottom]"
    }
  ]
}