{
  "name": "building_hotel2_base1_palette_180",
  "palette": [
    {
      "char": "a",
      "block": "minecraft:gray_terracotta"
    },
    {
      "char": "b",
      "block": "minecraft:spruce_planks"
    },
    {
      "char": "c",
      "block": "embellishcraft:smooth_marble"
    },
    {
      "char": "d",
      "block": "quark:spruce_ladder[waterlogged=false,facing=west]"
    },
    {
      "char": "e",
      "block": "quark:iron_rod[facing=up]"
    },
    {
      "char": "f",
      "block": "minecraft:bricks"
    },
    {
      "char": "g",
      "block": "minecraft:quartz_stairs[waterlogged=false,half=bottom,shape=straight,facing=south]"
    },
    {
      "char": "h",
      "block": "immersiveengineering:slab_concrete[waterlogged=false,type=bottom]"
    },
    {
      "char": "i",
      "block": "minecraft:quartz_stairs[waterlogged=false,half=bottom,shape=straight,facing=north]"
    },
    {
      "char": "j",
      "block": "immersiveengineering:concrete_quarter"
    },
    {
      "char": "k",
      "block": "cfm:freezer_light[facing=east,open=false]"
    },
    {
      "char": "l",
      "block": "minecraft:furnace[lit=false,facing=east]"
    },
    {
      "char": "m",
      "block": "farmersdelight:spruce_cabinet[facing=west,open=false]",
      "loot": "chestloot"
    },
    {
      "char": "n",
      "block": "farmersdelight:stove[lit=false,facing=west]"
    },
    {
      "char": "o",
      "block": "minecraft:cauldron"
    },
    {
      "char": "p",
      "block": "cfm:gray_kitchen_counter[facing=west,type=default]"
    },
    {
      "char": "q",
      "block": "minecraft:quartz_slab[waterlogged=false,type=bottom]"
    },
    {
      "char": "r",
      "block": "immersiveengineering:concrete_three_quarter"
    },
    {
      "char": "s",
      "block": "cfm:oak_hedge[east=false,waterlogged=false,south=false,north=false,west=true]"
    },
    {
      "char": "t",
      "block": "minecraft:black_stained_glass"
    },
    {
      "char": "u",
      "block": "cfm:fridge_light[facing=east,open=false]",
      "loot": "chestloot"
    },
    {
      "char": "w",
      "block": "farmersdelight:cooking_pot[waterlogged=false,facing=west,support=none]"
    },
    {
      "char": "x",
      "block": "minecraft:brewing_stand"
    },
    {
      "char": "y",
      "block": "embellishcraft:smooth_basalt_slab[waterlogged=false,type=bottom]"
    },
    {
      "char": "z",
      "block": "embellishcraft:smooth_basalt"
    },
    {
      "char": "A",
      "block": "minecraft:smooth_stone"
    },
    {
      "char": "B",
      "block": "simplylight:illuminant_block"
    },
    {
      "char": "C",
      "block": "simplylight:illuminant_block_on"
    }
  ]
}