{
  "name": "building_office2_floor2_palette_180",
  "palette": [
    {
      "char": "a",
      "block": "embellishcraft:smooth_marble"
    },
    {
      "char": "b",
      "block": "embellishcraft:smooth_basalt"
    },
    {
      "char": "c",
      "block": "embellishcraft:polished_marble"
    },
    {
      "char": "d",
      "block": "minecraft:gray_stained_glass"
    },
    {
      "char": "e",
      "block": "embellishcraft:smooth_basalt_slab[waterlogged=false,type=bottom]"
    },
    {
      "char": "f",
      "block": "embellishcraft:steel_rungs[waterlogged=false,facing=south]"
    },
    {
      "char": "g",
      "block": "minecraft:quartz_stairs[waterlogged=false,half=bottom,shape=straight,facing=east]"
    },
    {
      "char": "h",
      "block": "minecraft:smooth_stone"
    },
    {
      "char": "i",
      "block": "minecraft:quartz_stairs[waterlogged=false,half=bottom,shape=straight,facing=west]"
    },
    {
      "char": "j",
      "block": "cfm:gray_kitchen_counter[facing=north,type=default]"
    },
    {
      "char": "k",
      "block": "minecraft:spruce_fence[east=false,waterlogged=false,south=true,north=false,west=false]"
    },
    {
      "char": "l",
      "block": "minecraft:heavy_weighted_pressure_plate"
    },
    {
      "char": "m",
      "block": "cfm:oak_hedge[east=false,waterlogged=false,south=true,north=false,west=false]"
    },
    {
      "char": "n",
      "block": "minecraft:quartz_block"
    }
  ]
}