{
  "name": "building_carservice1_floor1_palette_180",
  "palette": [
    {
      "char": "a",
      "block": "minecraft:smooth_stone"
    },
    {
      "char": "b",
      "block": "immersivepetroleum:asphalt_slab[waterlogged=false,type=bottom]"
    },
    {
      "char": "c",
      "block": "quark:limestone_slab[waterlogged=false,type=top]"
    },
    {
      "char": "d",
      "block": "minecraft:black_stained_glass_pane[waterlogged=false]"
    },
    {
      "char": "e",
      "block": "embellishcraft:smooth_marble"
    },
    {
      "char": "f",
      "block": "quark:limestone"
    },
    {
      "char": "g",
      "block": "embellishcraft:gray_corrugated_metal_plate_slab[waterlogged=false,type=top]"
    },
    {
      "char": "h",
      "block": "embellishcraft:gray_corrugated_metal_plate_slab[waterlogged=false,type=bottom]"
    },
    {
      "char": "i",
      "block": "immersivepetroleum:asphalt_slab[waterlogged=false,type=top]"
    },
    {
      "char": "j",
      "block": "embellishcraft:steel_rungs[waterlogged=false,facing=south]"
    },
    {
      "char": "k",
      "block": "minecraft:stone_slab[waterlogged=false,type=top]"
    },
    {
      "char": "l",
      "block": "cfm:gray_picket_fence[waterlogged=false]"
    },
    {
      "char": "m",
      "block": "minecraft:coal_block"
    },
    {
      "char": "n",
      "block": "minecraft:crafting_table"
    },
    {
      "char": "o",
      "block": "cfm:cyan_kitchen_counter[facing=south,type=default]"
    },
    {
      "char": "p",
      "block": "minecraft:gray_stained_glass_pane[waterlogged=false]"
    },
    {
      "char": "q",
      "block": "minecraft:stone_button[facing=north]"
    },
    {
      "char": "r",
      "block": "embellishcraft:oak_wooden_crate"
    },
    {
      "char": "s",
      "block": "immersiveengineering:razor_wire[waterlogged=false,facing=east]"
    },
    {
      "char": "t",
      "block": "minecraft:stone_button[facing=east]"
    },
    {
      "char": "u",
      "block": "minecraft:stone_brick_slab[waterlogged=false,type=top]"
    },
    {
      "char": "w",
      "block": "quark:dark_oak_post[waterlogged=false,axis=x]"
    },
    {
      "char": "x",
      "block": "quark:dark_oak_post[waterlogged=false,axis=z]"
    },
    {
      "char": "y",
      "block": "minecraft:stone_button[facing=west]"
    },
    {
      "char": "z",
      "block": "minecraft:smooth_stone_slab[waterlogged=false,type=top]"
    },
    {
      "char": "A",
      "block": "minecraft:iron_bars[waterlogged=false]"
    },
    {
      "char": "B",
      "block": "embellishcraft:rusty_rungs[waterlogged=false,facing=south]"
    },
    {
      "char": "C",
      "block": "minecraft:smooth_red_sandstone_stairs[waterlogged=false,half=bottom,shape=straight,facing=west]"
    },
    {
      "char": "D",
      "block": "minecraft:smooth_red_sandstone"
    },
    {
      "char": "E",
      "block": "minecraft:smooth_red_sandstone_stairs[waterlogged=false,half=bottom,shape=straight,facing=east]"
    },
    {
      "char": "F",
      "block": "minecraft:smooth_red_sandstone_slab[waterlogged=false,type=bottom]"
    },
    {
      "char": "I",
      "block": "minecraft:lever[facing=south]"
    },
    {
      "char": "J",
      "block": "minecraft:glass_pane[waterlogged=false]"
    },
    {
      "char": "K",
      "block": "minecraft:rail[waterlogged=false,shape=north_south]"
    },
    {
      "char": "L",
      "block": "minecraft:smooth_stone_slab[waterlogged=false,type=bottom]"
    }
  ]
}