{
  "name": "building_restaurant1_ground_palette",
  "palette": [
    {
      "char": "a",
      "block": "embellishcraft:smooth_marble"
    },
    {
      "char": "b",
      "block": "minecraft:dark_oak_trapdoor[waterlogged=false,half=top,facing=east,open=false]"
    },
    {
      "char": "c",
      "block": "embellishcraft:polished_marble"
    },
    {
      "char": "d",
      "block": "minecraft:cobblestone"
    },
    {
      "char": "e",
      "block": "minecraft:spruce_planks"
    },
    {
      "char": "f",
      "block": "minecraft:oak_planks"
    },
    {
      "char": "g",
      "block": "cfm:rock_path[waterlogged=false]"
    },
    {
      "char": "h",
      "block": "quark:spruce_ladder[waterlogged=false,facing=north]"
    },
    {
      "char": "i",
      "block": "embellishcraft:spruce_fancy_door[hinge=left,half=lower,facing=north,open=true]"
    },
    {
      "char": "j",
      "block": "embellishcraft:spruce_fancy_door[hinge=right,half=lower,facing=north,open=true]"
    },
    {
      "char": "k",
      "block": "minecraft:quartz_stairs[waterlogged=false,half=bottom,shape=straight,facing=north]"
    },
    {
      "char": "l",
      "block": "farmersdelight:spruce_cabinet[facing=west,open=false]",
      "loot": "chestloot"
    },
    {
      "char": "m",
      "block": "cfm:brown_kitchen_counter[facing=east,type=default]"
    },
    {
      "char": "n",
      "block": "farmersdelight:stove[lit=false,facing=west]"
    },
    {
      "char": "o",
      "block": "cfm:stone_table[east=false,waterlogged=false,south=false,north=false,west=false]"
    },
    {
      "char": "p",
      "block": "minecraft:furnace[lit=false,facing=west]"
    },
    {
      "char": "q",
      "block": "minecraft:quartz_stairs[waterlogged=false,half=bottom,shape=straight,facing=south]"
    },
    {
      "char": "r",
      "block": "embellishcraft:plate[waterlogged=false]"
    },
    {
      "char": "s",
      "block": "cfm:brown_kitchen_counter[facing=south,type=default]"
    },
    {
      "char": "t",
      "block": "quark:iron_rod[facing=up]"
    },
    {
      "char": "u",
      "block": "create:dark_oak_window_pane[east=false,waterlogged=false,south=true,north=true,west=false]"
    },
    {
      "char": "w",
      "block": "quark:oak_hedge[east=false,waterlogged=false,south=true,north=false,west=false]"
    },
    {
      "char": "x",
      "block": "cfm:stone_table[east=false,waterlogged=false,south=true,north=false,west=false]"
    },
    {
      "char": "y",
      "block": "minecraft:quartz_stairs[waterlogged=false,half=bottom,shape=straight,facing=east]"
    },
    {
      "char": "z",
      "block": "create:dark_oak_window_pane[east=false,waterlogged=false,south=true,north=true,west=true]"
    },
    {
      "char": "A",
      "block": "quark:oak_hedge[east=false,waterlogged=false,south=true,north=true,west=false]"
    },
    {
      "char": "B",
      "block": "cfm:stone_table[east=false,waterlogged=false,south=true,north=true,west=false]"
    },
    {
      "char": "C",
      "block": "minecraft:quartz_stairs[waterlogged=false,half=bottom,shape=straight,facing=west]"
    },
    {
      "char": "D",
      "block": "cfm:stone_table[east=false,waterlogged=false,south=false,north=true,west=false]"
    },
    {
      "char": "E",
      "block": "quark:oak_hedge[east=false,waterlogged=false,south=false,north=true,west=false]"
    },
    {
      "char": "F",
      "block": "another_furniture:oak_shutter[waterlogged=false,facing=south,type=none,open=false]"
    },
    {
      "char": "I",
      "block": "another_furniture:spruce_planter_box[attached=true,facing=south,type=left]"
    },
    {
      "char": "J",
      "block": "another_furniture:spruce_planter_box[attached=true,facing=south,type=middle]"
    },
    {
      "char": "K",
      "block": "another_furniture:spruce_planter_box[attached=true,facing=south,type=right]"
    },
    {
      "char": "L",
      "block": "another_furniture:spruce_planter_box[attached=true,facing=south,type=single]"
    },
    {
      "char": "M",
      "block": "minecraft:gray_stained_glass_pane[east=false,waterlogged=false,south=true,north=true,west=false]"
    },
    {
      "char": "N",
      "block": "embellishcraft:spruce_fancy_door[hinge=left,half=upper,facing=north,open=true]"
    },
    {
      "char": "O",
      "block": "embellishcraft:spruce_fancy_door[hinge=right,half=upper,facing=north,open=true]"
    },
    {
      "char": "P",
      "block": "minecraft:spruce_slab[waterlogged=false,type=top]"
    },
    {
      "char": "Q",
      "block": "another_furniture:service_bell[waterlogged=false]"
    },
    {
      "char": "R",
      "block": "farmersdelight:cooking_pot[waterlogged=false,facing=west,support=none]"
    },
    {
      "char": "T",
      "block": "farmersdelight:cutting_board[waterlogged=false,facing=north]"
    },
    {
      "char": "U",
      "block": "cfm:oak_hedge[east=false,waterlogged=false,south=false,north=true,west=true]"
    },
    {
      "char": "V",
      "block": "cfm:oak_hedge[east=false,waterlogged=false,south=false,north=true,west=false]"
    },
    {
      "char": "W",
      "block": "quark:oak_hedge[east=true,waterlogged=false,south=false,north=false,west=false]"
    },
    {
      "char": "X",
      "block": "quark:oak_hedge[east=true,waterlogged=false,south=false,north=false,west=true]"
    },
    {
      "char": "Y",
      "block": "quark:oak_hedge[east=false,waterlogged=false,south=false,north=false,west=true]"
    },
    {
      "char": "Z",
      "block": "quark:oak_hedge[east=false,waterlogged=false,south=false,north=false,west=false]"
    },
    {
      "char": "0",
      "block": "minecraft:light_gray_stained_glass"
    },
    {
      "char": "1",
      "block": "minecraft:stone_slab[waterlogged=false,type=top]"
    },
    {
      "char": "2",
      "block": "minecraft:lantern[waterlogged=false,hanging=true]"
    },
    {
      "char": "3",
      "block": "minecraft:chain[waterlogged=false,axis=y]"
    },
    {
      "char": "4",
      "block": "bunker_down:ceiling_lamp"
    },
    {
      "char": "5",
      "block": "bunker_down:broken_ceiling_lamp"
    },
    {
      "char": "6",
      "block": "minecraft:quartz_block"
    }
  ]
}