{
  "name": "building_office1_floor2_palette",
  "palette": [
    {
      "char": "a",
      "block": "embellishcraft:smooth_basalt"
    },
    {
      "char": "b",
      "block": "minecraft:smooth_stone"
    },
    {
      "char": "c",
      "block": "embellishcraft:smooth_slate"
    },
    {
      "char": "d",
      "block": "minecraft:black_stained_glass_pane[east=true,waterlogged=false,south=true,north=true,west=false]"
    },
    {
      "char": "e",
      "block": "minecraft:black_stained_glass_pane[east=false,waterlogged=false,south=true,north=true,west=true]"
    },
    {
      "char": "f",
      "block": "embellishcraft:smooth_marble_slab[waterlogged=false,type=bottom]"
    },
    {
      "char": "g",
      "block": "quark:spruce_ladder[waterlogged=false,facing=east]"
    },
    {
      "char": "h",
      "block": "minecraft:gray_stained_glass_pane[east=true,waterlogged=false,south=true,north=false,west=false]"
    },
    {
      "char": "i",
      "block": "minecraft:gray_stained_glass_pane[east=true,waterlogged=false,south=false,north=false,west=true]"
    },
    {
      "char": "j",
      "block": "minecraft:gray_stained_glass_pane[east=false,waterlogged=false,south=true,north=false,west=true]"
    },
    {
      "char": "k",
      "block": "minecraft:gray_stained_glass_pane[east=false,waterlogged=false,south=true,north=true,west=false]"
    },
    {
      "char": "l",
      "block": "embellishcraft:smooth_slate_stairs[waterlogged=false,half=bottom,shape=straight,facing=north]"
    },
    {
      "char": "m",
      "block": "minecraft:cyan_terracotta"
    },
    {
      "char": "n",
      "block": "embellishcraft:smooth_slate_stairs[waterlogged=false,half=bottom,shape=straight,facing=south]"
    },
    {
      "char": "o",
      "block": "minecraft:black_stained_glass_pane[east=false,waterlogged=false,south=true,north=true,west=false]"
    },
    {
      "char": "p",
      "block": "embellishcraft:smooth_marble"
    },
    {
      "char": "q",
      "block": "minecraft:gray_terracotta"
    },
    {
      "char": "r",
      "block": "minecraft:heavy_weighted_pressure_plate"
    },
    {
      "char": "s",
      "block": "minecraft:potted_cactus"
    },
    {
      "char": "t",
      "block": "minecraft:quartz_block"
    },
    {
      "char": "u",
      "block": "minecraft:black_stained_glass_pane[east=true,waterlogged=false,south=false,north=false,west=true]"
    },
    {
      "char": "w",
      "block": "minecraft:smooth_stone_slab[waterlogged=false,type=bottom]"
    },
    {
      "char": "x",
      "block": "minecraft:gray_stained_glass_pane[east=true,waterlogged=false,south=true,north=false,west=true]"
    },
    {
      "char": "y",
      "block": "minecraft:gray_stained_glass_pane[east=true,waterlogged=false,south=true,north=true,west=false]"
    },
    {
      "char": "z",
      "block": "minecraft:gray_stained_glass_pane[east=false,waterlogged=false,south=true,north=true,west=true]"
    }
  ]
}