{
  "name": "building_hotel3_base1_palette_180",
  "palette": [
    {
      "char": "a",
      "block": "minecraft:gray_terracotta"
    },
    {
      "char": "b",
      "block": "minecraft:smooth_stone"
    },
    {
      "char": "c",
      "block": "embellishcraft:smooth_marble"
    },
    {
      "char": "d",
      "block": "quark:iron_ladder[waterlogged=false,facing=north]"
    },
    {
      "char": "e",
      "block": "cfm:freezer_light[facing=south,open=false]"
    },
    {
      "char": "f",
      "block": "minecraft:spruce_planks"
    },
    {
      "char": "g",
      "block": "minecraft:furnace[facing=north]"
    },
    {
      "char": "h",
      "block": "minecraft:cauldron"
    },
    {
      "char": "i",
      "block": "cfm:gray_kitchen_counter[facing=east,type=default]"
    },
    {
      "char": "j",
      "block": "cookingforblockheads:oven[facing=east]"
    },
    {
      "char": "k",
      "block": "cfm:gray_kitchen_counter[facing=west,type=left_corner_inverted]"
    },
    {
      "char": "l",
      "block": "cfm:gray_kitchen_counter[facing=north,type=default]"
    },
    {
      "char": "m",
      "block": "cfm:gray_kitchen_counter[facing=east,type=right_corner_inverted]"
    },
    {
      "char": "n",
      "block": "cfm:gray_kitchen_counter[facing=west,type=default]"
    },
    {
      "char": "o",
      "block": "cfm:gray_kitchen_counter[facing=west,type=right_corner_inverted]"
    },
    {
      "char": "p",
      "block": "cfm:gray_kitchen_counter[facing=south,type=default]"
    },
    {
      "char": "q",
      "block": "cfm:gray_kitchen_counter[facing=east,type=left_corner_inverted]"
    },
    {
      "char": "r",
      "block": "minecraft:gray_stained_glass_pane[waterlogged=false]"
    },
    {
      "char": "s",
      "block": "minecraft:spruce_stairs[waterlogged=false,half=bottom,shape=straight,facing=east]"
    },
    {
      "char": "t",
      "block": "quark:iron_rod[facing=up]"
    },
    {
      "char": "u",
      "block": "minecraft:spruce_stairs[waterlogged=false,half=bottom,shape=straight,facing=west]"
    },
    {
      "char": "w",
      "block": "cfm:fridge_light[facing=south,open=false]",
      "loot": "chestloot"
    },
    {
      "char": "x",
      "block": "immersiveengineering:concrete_quarter"
    },
    {
      "char": "y",
      "block": "minecraft:lantern[waterlogged=false]"
    },
    {
      "char": "z",
      "block": "minecraft:chain[waterlogged=false,axis=y]"
    },
    {
      "char": "A",
      "block": "minecraft:quartz_block"
    }
  ]
}