{
  "name": "building_hotel1_floor1_palette_90",
  "palette": [
    {
      "char": "a",
      "block": "embellishcraft:smooth_marble"
    },
    {
      "char": "b",
      "block": "minecraft:spruce_planks"
    },
    {
      "char": "c",
      "block": "minecraft:cyan_terracotta"
    },
    {
      "char": "d",
      "block": "embellishcraft:smooth_slate_slab[waterlogged=false,type=bottom]"
    },
    {
      "char": "e",
      "block": "embellishcraft:smooth_slate"
    },
    {
      "char": "f",
      "block": "minecraft:gray_stained_glass_pane[east=false,waterlogged=false,south=true,north=true,west=true]"
    },
    {
      "char": "g",
      "block": "embellishcraft:smooth_slate_slab[waterlogged=false,type=top]"
    },
    {
      "char": "h",
      "block": "minecraft:cauldron"
    },
    {
      "char": "i",
      "block": "minecraft:gray_terracotta"
    },
    {
      "char": "j",
      "block": "farmersdelight:spruce_cabinet[facing=west,open=false]",
      "loot": "chestloot"
    },
    {
      "char": "k",
      "block": "farmersdelight:stove[lit=false,facing=west]"
    },
    {
      "char": "l",
      "block": "minecraft:furnace[lit=false,facing=west]"
    },
    {
      "char": "m",
      "block": "cfm:gray_kitchen_sink[facing=east]"
    },
    {
      "char": "n",
      "block": "cfm:freezer_light[facing=east,open=false]"
    },
    {
      "char": "o",
      "block": "embellishcraft:smooth_slate_stairs[waterlogged=false,half=bottom,shape=straight,facing=west]"
    },
    {
      "char": "p",
      "block": "cfm:gray_kitchen_counter[facing=west,type=default]"
    },
    {
      "char": "q",
      "block": "minecraft:quartz_stairs[waterlogged=false,half=bottom,shape=straight,facing=south]"
    },
    {
      "char": "r",
      "block": "minecraft:quartz_stairs[waterlogged=false,half=bottom,shape=straight,facing=north]"
    },
    {
      "char": "s",
      "block": "minecraft:iron_bars[east=false,waterlogged=false,south=true,north=false,west=false]"
    },
    {
      "char": "t",
      "block": "quark:iron_rod[facing=up]"
    },
    {
      "char": "u",
      "block": "minecraft:iron_bars[east=false,waterlogged=false,south=false,north=true,west=false]"
    },
    {
      "char": "w",
      "block": "minecraft:gray_stained_glass_pane[east=false,waterlogged=false,south=true,north=true,west=false]"
    },
    {
      "char": "x",
      "block": "farmersdelight:cooking_pot[waterlogged=false,facing=west,support=none]"
    },
    {
      "char": "y",
      "block": "cfm:fridge_light[facing=east,open=false]",
      "loot": "chestloot"
    },
    {
      "char": "z",
      "block": "immersiveengineering:concrete_quarter"
    },
    {
      "char": "A",
      "block": "cfm:oak_hedge[east=true,waterlogged=false,south=false,north=false,west=false]"
    },
    {
      "char": "B",
      "block": "cfm:oak_hedge[east=true,waterlogged=false,south=true,north=false,west=false]"
    },
    {
      "char": "C",
      "block": "minecraft:gray_stained_glass_pane[east=true,waterlogged=false,south=false,north=false,west=true]"
    },
    {
      "char": "D",
      "block": "minecraft:quartz_block"
    }
  ]
}