{
  "name": "building_hotel3_ground_palette_180",
  "palette": [
    {
      "char": "a",
      "block": "minecraft:gray_terracotta"
    },
    {
      "char": "b",
      "block": "embellishcraft:polished_marble"
    },
    {
      "char": "c",
      "block": "embellishcraft:smooth_marble"
    },
    {
      "char": "d",
      "block": "quark:iron_ladder[waterlogged=false,facing=north]"
    },
    {
      "char": "e",
      "block": "minecraft:gray_stained_glass"
    },
    {
      "char": "f",
      "block": "cfm:oak_hedge[east=false,waterlogged=false,south=true,north=true,west=false]"
    },
    {
      "char": "g",
      "block": "embellishcraft:steel_wall_ladder[waterlogged=false,facing=south]"
    },
    {
      "char": "h",
      "block": "minecraft:spruce_planks"
    },
    {
      "char": "i",
      "block": "minecraft:quartz_slab[waterlogged=false,type=bottom]"
    },
    {
      "char": "j",
      "block": "minecraft:iron_door[hinge=left,half=lower,facing=west,open=false]"
    },
    {
      "char": "k",
      "block": "minecraft:iron_door[hinge=right,half=lower,facing=west,open=false]"
    },
    {
      "char": "l",
      "block": "embellishcraft:smooth_basalt_wall[east=none,waterlogged=false,south=none,north=none,west=none,up=true]"
    },
    {
      "char": "m",
      "block": "cfm:gray_kitchen_counter[facing=north,type=default]"
    },
    {
      "char": "n",
      "block": "minecraft:quartz_stairs[waterlogged=false,half=bottom,shape=straight,facing=north]"
    },
    {
      "char": "o",
      "block": "minecraft:spruce_fence[east=false,waterlogged=false,south=true,north=false,west=false]"
    },
    {
      "char": "p",
      "block": "minecraft:gray_stained_glass_pane[east=false,waterlogged=false,south=true,north=false,west=false]"
    },
    {
      "char": "q",
      "block": "minecraft:gray_stained_glass_pane[east=false,waterlogged=false,south=false,north=false,west=true]"
    },
    {
      "char": "r",
      "block": "minecraft:gray_stained_glass_pane[east=true,waterlogged=false,south=true,north=false,west=false]"
    },
    {
      "char": "s",
      "block": "minecraft:iron_door[hinge=left,half=upper,facing=west,open=false]"
    },
    {
      "char": "t",
      "block": "minecraft:iron_door[hinge=right,half=upper,facing=west,open=false]"
    },
    {
      "char": "u",
      "block": "another_furniture:service_bell[waterlogged=false]"
    },
    {
      "char": "w",
      "block": "cfm:oak_hedge[east=false,waterlogged=false,south=true,north=false,west=false]"
    },
    {
      "char": "x",
      "block": "minecraft:gray_stained_glass_pane[east=true,waterlogged=false,south=false,north=false,west=false]"
    },
    {
      "char": "y",
      "block": "minecraft:gray_stained_glass_pane[east=false,waterlogged=false,south=true,north=false,west=true]"
    },
    {
      "char": "z",
      "block": "embellishcraft:smooth_marble_slab[waterlogged=false,type=top]"
    },
    {
      "char": "A",
      "block": "minecraft:quartz_block"
    },
    {
      "char": "B",
      "block": "embellishcraft:smooth_basalt_wall[east=tall,waterlogged=false,south=none,north=tall,west=none,up=true]"
    },
    {
      "char": "C",
      "block": "embellishcraft:smooth_basalt_wall[east=none,waterlogged=false,south=none,north=tall,west=tall,up=true]"
    }
  ]
}