{
  "name": "building_policeoffice1_floor1_palette_90",
  "palette": [
    {
      "char": "a",
      "block": "minecraft:white_concrete"
    },
    {
      "char": "b",
      "block": "embellishcraft:polished_marble"
    },
    {
      "char": "c",
      "block": "minecraft:cyan_terracotta"
    },
    {
      "char": "d",
      "block": "minecraft:cyan_stained_glass_pane[east=true,waterlogged=false,south=false,north=false,west=true]"
    },
    {
      "char": "e",
      "block": "quark:iron_ladder[waterlogged=false,facing=north]"
    },
    {
      "char": "f",
      "block": "embellishcraft:smooth_basalt"
    },
    {
      "char": "g",
      "block": "create:vertical_framed_glass_pane[east=true,waterlogged=false,south=false,north=false,west=true]"
    },
    {
      "char": "h",
      "block": "create:vertical_framed_glass_pane[east=false,waterlogged=false,south=true,north=false,west=true]"
    },
    {
      "char": "i",
      "block": "create:vertical_framed_glass_pane[east=false,waterlogged=false,south=true,north=true,west=false]"
    },
    {
      "char": "j",
      "block": "embellishcraft:smooth_slate_stairs[waterlogged=false,half=bottom,shape=straight,facing=west]"
    },
    {
      "char": "k",
      "block": "cfm:cyan_kitchen_counter[facing=north,type=left_corner_inverted]"
    },
    {
      "char": "l",
      "block": "cfm:cyan_kitchen_counter[facing=east,type=default]"
    },
    {
      "char": "m",
      "block": "cfm:cyan_kitchen_counter[facing=east,type=left_corner_inverted]"
    },
    {
      "char": "n",
      "block": "embellishcraft:smooth_slate_stairs[waterlogged=false,half=bottom,shape=straight,facing=north]"
    },
    {
      "char": "o",
      "block": "embellishcraft:smooth_slate_stairs[waterlogged=false,half=bottom,shape=straight,facing=south]"
    },
    {
      "char": "p",
      "block": "cfm:cyan_kitchen_counter[facing=north,type=default]"
    },
    {
      "char": "q",
      "block": "cfm:cyan_kitchen_counter[facing=south,type=default]"
    },
    {
      "char": "r",
      "block": "cfm:cyan_kitchen_counter[facing=west,type=left_corner_inverted]"
    },
    {
      "char": "s",
      "block": "cfm:cyan_kitchen_counter[facing=west,type=default]"
    },
    {
      "char": "t",
      "block": "cfm:cyan_kitchen_counter[facing=west,type=right_corner_inverted]"
    },
    {
      "char": "u",
      "block": "embellishcraft:smooth_slate_stairs[waterlogged=false,half=bottom,shape=straight,facing=east]"
    },
    {
      "char": "w",
      "block": "minecraft:iron_door[hinge=left,half=lower,facing=west,open=false]"
    },
    {
      "char": "x",
      "block": "minecraft:iron_door[hinge=right,half=lower,facing=west,open=false]"
    },
    {
      "char": "y",
      "block": "embellishcraft:smooth_marble"
    },
    {
      "char": "z",
      "block": "minecraft:gray_stained_glass_pane[east=false,waterlogged=false,south=true,north=true,west=false]"
    },
    {
      "char": "A",
      "block": "embellishcraft:smooth_slate"
    },
    {
      "char": "B",
      "block": "minecraft:heavy_weighted_pressure_plate"
    },
    {
      "char": "C",
      "block": "minecraft:iron_door[hinge=left,half=upper,facing=west,open=false]"
    },
    {
      "char": "D",
      "block": "minecraft:iron_door[hinge=right,half=upper,facing=west,open=false]"
    },
    {
      "char": "E",
      "block": "quark:potted_sugar_cane"
    },
    {
      "char": "F",
      "block": "minecraft:iron_bars[east=false,waterlogged=false,south=true,north=false,west=false]"
    },
    {
      "char": "I",
      "block": "minecraft:iron_bars[east=true,waterlogged=false,south=true,north=false,west=false]"
    },
    {
      "char": "J",
      "block": "minecraft:iron_bars[east=false,waterlogged=false,south=true,north=false,west=true]"
    },
    {
      "char": "K",
      "block": "minecraft:iron_bars[east=true,waterlogged=false,south=false,north=true,west=false]"
    },
    {
      "char": "L",
      "block": "minecraft:iron_bars[east=false,waterlogged=false,south=false,north=true,west=true]"
    },
    {
      "char": "M",
      "block": "embellishcraft:smooth_slate_slab[waterlogged=false,type=bottom]"
    },
    {
      "char": "N",
      "block": "minecraft:quartz_block"
    }
  ]
}