{
  "name": "building_office4_ground_palette",
  "palette": [
    {
      "char": "a",
      "block": "minecraft:cyan_terracotta"
    },
    {
      "char": "b",
      "block": "minecraft:light_gray_wool"
    },
    {
      "char": "c",
      "block": "embellishcraft:smooth_basalt"
    },
    {
      "char": "d",
      "block": "minecraft:gray_concrete_powder"
    },
    {
      "char": "e",
      "block": "minecraft:green_terracotta"
    },
    {
      "char": "f",
      "block": "minecraft:spruce_stairs[waterlogged=false,half=bottom,shape=straight,facing=north]"
    },
    {
      "char": "g",
      "block": "another_furniture:light_gray_sofa[waterlogged=false,facing=south,type=left]"
    },
    {
      "char": "h",
      "block": "another_furniture:light_gray_sofa[waterlogged=false,facing=south,type=right]"
    },
    {
      "char": "i",
      "block": "minecraft:spruce_stairs[waterlogged=false,half=bottom,shape=straight,facing=west]"
    },
    {
      "char": "j",
      "block": "minecraft:spruce_stairs[waterlogged=false,half=bottom,shape=straight,facing=east]"
    },
    {
      "char": "k",
      "block": "cfm:green_kitchen_counter[facing=west,type=default]"
    },
    {
      "char": "l",
      "block": "quark:spruce_ladder[waterlogged=false,facing=east]"
    },
    {
      "char": "m",
      "block": "minecraft:dark_oak_door[hinge=left,half=lower,facing=east,open=false]"
    },
    {
      "char": "n",
      "block": "minecraft:dark_oak_door[hinge=right,half=lower,facing=east,open=false]"
    },
    {
      "char": "o",
      "block": "minecraft:spruce_stairs[waterlogged=false,half=bottom,shape=straight,facing=south]"
    },
    {
      "char": "p",
      "block": "another_furniture:light_gray_sofa[waterlogged=false,facing=north,type=right]"
    },
    {
      "char": "q",
      "block": "another_furniture:light_gray_sofa[waterlogged=false,facing=north,type=left]"
    },
    {
      "char": "r",
      "block": "cfm:oak_hedge[east=false,waterlogged=false,south=false,north=true,west=true]"
    },
    {
      "char": "s",
      "block": "cfm:oak_hedge[east=true,waterlogged=false,south=false,north=true,west=false]"
    },
    {
      "char": "t",
      "block": "another_furniture:service_bell[waterlogged=false]"
    },
    {
      "char": "u",
      "block": "minecraft:dark_oak_door[hinge=left,half=upper,facing=east,open=false]"
    },
    {
      "char": "w",
      "block": "minecraft:dark_oak_door[hinge=right,half=upper,facing=east,open=false]"
    },
    {
      "char": "x",
      "block": "another_furniture:lime_lamp[waterlogged=false,lit=true,facing=up]"
    },
    {
      "char": "y",
      "block": "cfm:oak_hedge[east=false,waterlogged=false,south=true,north=false,west=true]"
    },
    {
      "char": "z",
      "block": "cfm:oak_hedge[east=true,waterlogged=false,south=true,north=false,west=false]"
    },
    {
      "char": "A",
      "block": "minecraft:iron_trapdoor[waterlogged=false,half=top,facing=east,open=false]"
    },
    {
      "char": "B",
      "block": "minecraft:iron_trapdoor[waterlogged=false,half=top,facing=west,open=false]"
    },
    {
      "char": "C",
      "block": "minecraft:light_gray_stained_glass"
    },
    {
      "char": "D",
      "block": "minecraft:quartz_block"
    },
    {
      "char": "E",
      "block": "simplylight:rodlamp[waterlogged=false,axis=y]"
    }
  ]
}