{
  "name": "building_carservice1_floor2_palette_180",
  "palette": [
    {
      "char": "a",
      "block": "minecraft:smooth_stone"
    },
    {
      "char": "b",
      "block": "immersivepetroleum:asphalt_slab[waterlogged=false,type=bottom]"
    },
    {
      "char": "c",
      "block": "quark:limestone_slab[waterlogged=false,type=top]"
    },
    {
      "char": "d",
      "block": "minecraft:black_stained_glass_pane[east=true,waterlogged=false,south=false,north=true,west=true]"
    },
    {
      "char": "e",
      "block": "minecraft:black_stained_glass_pane[east=true,waterlogged=false,south=false,north=false,west=true]"
    },
    {
      "char": "f",
      "block": "embellishcraft:smooth_marble"
    },
    {
      "char": "g",
      "block": "quark:limestone"
    },
    {
      "char": "h",
      "block": "embellishcraft:gray_corrugated_metal_plate_slab[waterlogged=false,type=top]"
    },
    {
      "char": "i",
      "block": "immersivepetroleum:asphalt_slab[waterlogged=false,type=top]"
    },
    {
      "char": "j",
      "block": "minecraft:black_stained_glass_pane[east=true,waterlogged=false,south=true,north=false,west=false]"
    },
    {
      "char": "k",
      "block": "minecraft:black_stained_glass_pane[east=false,waterlogged=false,south=false,north=true,west=true]"
    },
    {
      "char": "l",
      "block": "embellishcraft:steel_rungs[waterlogged=false,facing=south]"
    },
    {
      "char": "m",
      "block": "minecraft:stone_slab[waterlogged=false,type=top]"
    },
    {
      "char": "n",
      "block": "immersiveengineering:razor_wire[waterlogged=false,facing=south]"
    },
    {
      "char": "o",
      "block": "minecraft:iron_bars[east=true,waterlogged=false,south=false,north=true,west=true]"
    },
    {
      "char": "p",
      "block": "minecraft:crafting_table"
    },
    {
      "char": "q",
      "block": "cfm:cyan_kitchen_counter[facing=south,type=default]"
    },
    {
      "char": "r",
      "block": "minecraft:gray_stained_glass_pane[east=false,waterlogged=false,south=true,north=true,west=false]"
    },
    {
      "char": "s",
      "block": "embellishcraft:steel_terrace_table[waterlogged=false]"
    },
    {
      "char": "t",
      "block": "minecraft:stone_button[face=wall,facing=east]"
    },
    {
      "char": "u",
      "block": "minecraft:coal_block"
    },
    {
      "char": "w",
      "block": "quark:dark_oak_post[waterlogged=false,chain_up=false,chain_west=false,chain_east=false,chain_north=false,chain_south=false,axis=x]"
    },
    {
      "char": "x",
      "block": "quark:iron_rod[facing=up]"
    },
    {
      "char": "y",
      "block": "quark:dark_oak_post[waterlogged=false,chain_up=false,chain_west=false,chain_east=false,chain_north=false,chain_south=false,axis=z]"
    },
    {
      "char": "z",
      "block": "minecraft:gray_stained_glass_pane[east=true,waterlogged=false,south=true,north=false,west=false]"
    },
    {
      "char": "A",
      "block": "minecraft:gray_stained_glass_pane[east=false,waterlogged=false,south=false,north=true,west=true]"
    },
    {
      "char": "B",
      "block": "minecraft:smooth_stone_slab[waterlogged=false,type=top]"
    },
    {
      "char": "C",
      "block": "minecraft:redstone_torch[lit=true]"
    },
    {
      "char": "D",
      "block": "immersiveengineering:connector_lv[waterlogged=false,facing=down]"
    },
    {
      "char": "E",
      "block": "immersiveengineering:concrete_sheet"
    },
    {
      "char": "F",
      "block": "embellishcraft:gray_corrugated_metal_plate_slab[waterlogged=false,type=bottom]"
    },
    {
      "char": "I",
      "block": "minecraft:lever[face=wall,facing=south]"
    },
    {
      "char": "J",
      "block": "immersiveengineering:concrete_quarter"
    },
    {
      "char": "K",
      "block": "quark:smooth_stone_vertical_slab[waterlogged=false,type=south]"
    },
    {
      "char": "L",
      "block": "minecraft:smooth_stone_slab[waterlogged=false,type=bottom]"
    }
  ]
}