{
  "name": "building_bank1_base1_palette_180",
  "palette": [
    {
      "char": "a",
      "block": "embellishcraft:smooth_marble"
    },
    {
      "char": "b",
      "block": "minecraft:smooth_stone"
    },
    {
      "char": "c",
      "block": "minecraft:cyan_terracotta"
    },
    {
      "char": "d",
      "block": "minecraft:bookshelf"
    },
    {
      "char": "e",
      "block": "minecraft:gray_stained_glass"
    },
    {
      "char": "f",
      "block": "simplylight:illuminant_block"
    },
    {
      "char": "g",
      "block": "minecraft:iron_block"
    },
    {
      "char": "h",
      "block": "embellishcraft:steel_wall_ladder[waterlogged=false,facing=west]"
    },
    {
      "char": "i",
      "block": "minecraft:quartz_block"
    },
    {
      "char": "j",
      "block": "minecraft:chain[waterlogged=false,axis=y]"
    },
    {
      "char": "k",
      "block": "simplylight:illuminant_block_on"
    }
  ]
}