{
  "name": "building_office3_ground_palette_90",
  "palette": [
    {
      "char": "a",
      "block": "embellishcraft:smooth_basalt"
    },
    {
      "char": "b",
      "block": "minecraft:smooth_stone"
    },
    {
      "char": "c",
      "block": "minecraft:gray_stained_glass_pane[east=true,waterlogged=false,south=true,north=false,west=false]"
    },
    {
      "char": "d",
      "block": "minecraft:gray_stained_glass_pane[east=true,waterlogged=false,south=false,north=false,west=true]"
    },
    {
      "char": "e",
      "block": "minecraft:quartz_block"
    },
    {
      "char": "f",
      "block": "minecraft:gray_stained_glass_pane[east=false,waterlogged=false,south=true,north=false,west=true]"
    },
    {
      "char": "g",
      "block": "minecraft:gray_stained_glass_pane[east=false,waterlogged=false,south=true,north=true,west=false]"
    },
    {
      "char": "h",
      "block": "embellishcraft:smooth_basalt_slab[waterlogged=false,type=bottom]"
    },
    {
      "char": "i",
      "block": "minecraft:spruce_fence[east=false,waterlogged=false,south=false,north=true,west=false]"
    },
    {
      "char": "j",
      "block": "minecraft:stone_brick_wall[east=none,waterlogged=false,south=none,north=none,west=none]"
    },
    {
      "char": "k",
      "block": "minecraft:spruce_fence[east=false,waterlogged=false,south=false,north=false,west=true]"
    },
    {
      "char": "l",
      "block": "minecraft:spruce_fence[east=true,waterlogged=false,south=false,north=false,west=false]"
    },
    {
      "char": "m",
      "block": "quark:spruce_ladder[waterlogged=false,facing=north]"
    },
    {
      "char": "n",
      "block": "minecraft:dark_oak_door[hinge=left,half=lower,facing=north,open=false]"
    },
    {
      "char": "o",
      "block": "minecraft:dark_oak_door[hinge=right,half=lower,facing=north,open=false]"
    },
    {
      "char": "p",
      "block": "minecraft:spruce_fence[east=false,waterlogged=false,south=true,north=false,west=false]"
    },
    {
      "char": "q",
      "block": "minecraft:gray_stained_glass_pane[east=true,waterlogged=false,south=false,north=true,west=false]"
    },
    {
      "char": "r",
      "block": "minecraft:gray_stained_glass_pane[east=false,waterlogged=false,south=false,north=true,west=true]"
    },
    {
      "char": "s",
      "block": "cfm:oak_hedge[east=false,waterlogged=false,south=false,north=true,west=false]"
    },
    {
      "char": "t",
      "block": "cfm:oak_hedge[east=false,waterlogged=false,south=false,north=false,west=true]"
    },
    {
      "char": "u",
      "block": "cfm:oak_hedge[east=true,waterlogged=false,south=false,north=false,west=false]"
    },
    {
      "char": "w",
      "block": "minecraft:dark_oak_door[hinge=left,half=upper,facing=north,open=false]"
    },
    {
      "char": "x",
      "block": "minecraft:dark_oak_door[hinge=right,half=upper,facing=north,open=false]"
    },
    {
      "char": "y",
      "block": "cfm:oak_hedge[east=false,waterlogged=false,south=true,north=false,west=false]"
    },
    {
      "char": "z",
      "block": "minecraft:gray_stained_glass"
    },
    {
      "char": "A",
      "block": "immersiveengineering:concrete_three_quarter"
    },
    {
      "char": "B",
      "block": "minecraft:quartz_slab[waterlogged=false,type=bottom]"
    },
    {
      "char": "C",
      "block": "minecraft:stone_brick_wall[east=tall,waterlogged=false,south=tall,north=tall,west=tall]"
    }
  ]
}