{
  "name": "building_policeoffice1_base1_palette_90",
  "palette": [
    {
      "char": "a",
      "block": "minecraft:cyan_terracotta"
    },
    {
      "char": "b",
      "block": "quark:iron_ladder[waterlogged=false,facing=north]"
    },
    {
      "char": "c",
      "block": "embellishcraft:polished_marble"
    },
    {
      "char": "d",
      "block": "minecraft:light_gray_bed[part=head,facing=south]"
    },
    {
      "char": "e",
      "block": "minecraft:light_gray_bed[part=foot,facing=south]"
    },
    {
      "char": "f",
      "block": "embellishcraft:smooth_basalt"
    },
    {
      "char": "g",
      "block": "minecraft:light_gray_bed[part=foot,facing=north]"
    },
    {
      "char": "h",
      "block": "minecraft:light_gray_bed[part=head,facing=north]"
    },
    {
      "char": "i",
      "block": "minecraft:iron_bars[east=true,waterlogged=false,south=false,north=false,west=true]"
    },
    {
      "char": "j",
      "block": "minecraft:iron_bars[east=false,waterlogged=false,south=false,north=false,west=true]"
    },
    {
      "char": "k",
      "block": "minecraft:cobweb"
    },
    {
      "char": "l",
      "block": "minecraft:iron_bars[east=true,waterlogged=false,south=false,north=false,west=false]"
    },
    {
      "char": "m",
      "block": "embellishcraft:smooth_slate_stairs[waterlogged=false,half=bottom,shape=straight,facing=south]"
    },
    {
      "char": "n",
      "block": "embellishcraft:smooth_slate_stairs[waterlogged=false,half=bottom,shape=straight,facing=north]"
    },
    {
      "char": "o",
      "block": "minecraft:cauldron"
    },
    {
      "char": "p",
      "block": "embellishcraft:smooth_slate_stairs[waterlogged=false,half=bottom,shape=straight,facing=east]"
    },
    {
      "char": "q",
      "block": "minecraft:smooth_stone"
    },
    {
      "char": "r",
      "block": "minecraft:iron_bars[east=true,waterlogged=false,south=false,north=true,west=true]"
    },
    {
      "char": "s",
      "block": "minecraft:iron_bars[east=true,waterlogged=false,south=true,north=false,west=false]"
    },
    {
      "char": "t",
      "block": "minecraft:smooth_stone_slab[waterlogged=false,type=bottom]"
    },
    {
      "char": "u",
      "block": "minecraft:iron_bars[east=false,waterlogged=false,south=false,north=true,west=false]"
    },
    {
      "char": "w",
      "block": "minecraft:dirt"
    },
    {
      "char": "x",
      "block": "minecraft:cobblestone"
    },
    {
      "char": "y",
      "block": "minecraft:quartz_block"
    }
  ]
}