{
  "name": "building_office5_ground_palette_180",
  "palette": [
    {
      "char": "a",
      "block": "minecraft:smooth_stone"
    },
    {
      "char": "b",
      "block": "quark:limestone_wall[east=tall,waterlogged=false,south=tall,north=none,west=none]"
    },
    {
      "char": "c",
      "block": "quark:limestone"
    },
    {
      "char": "d",
      "block": "quark:limestone_wall[east=none,waterlogged=false,south=tall,north=none,west=tall]"
    },
    {
      "char": "e",
      "block": "minecraft:smooth_quartz"
    },
    {
      "char": "f",
      "block": "create:vertical_framed_glass"
    },
    {
      "char": "g",
      "block": "cfm:stripped_dark_oak_coffee_table[east=false,waterlogged=false,south=false,north=false,west=false]"
    },
    {
      "char": "h",
      "block": "embellishcraft:light_gray_couch[waterlogged=false,shape=straight,facing=south]"
    },
    {
      "char": "i",
      "block": "quark:framed_glass_pane[east=false,waterlogged=false,south=true,north=true,west=false]"
    },
    {
      "char": "j",
      "block": "minecraft:grass"
    },
    {
      "char": "k",
      "block": "minecraft:pink_tulip"
    },
    {
      "char": "l",
      "block": "minecraft:peony[half=lower]"
    },
    {
      "char": "m",
      "block": "quark:limestone_wall[east=none,waterlogged=false,south=tall,north=tall,west=tall]"
    },
    {
      "char": "n",
      "block": "embellishcraft:light_gray_couch[waterlogged=false,shape=straight,facing=north]"
    },
    {
      "char": "o",
      "block": "quark:limestone_wall[east=tall,waterlogged=false,south=none,north=low,west=none]"
    },
    {
      "char": "p",
      "block": "quark:limestone_wall[east=none,waterlogged=false,south=none,north=low,west=tall]"
    },
    {
      "char": "q",
      "block": "quark:limestone_wall[east=tall,waterlogged=false,south=tall,north=tall,west=none]"
    },
    {
      "char": "r",
      "block": "quark:dark_oak_hedge[east=true,waterlogged=false,south=false,north=false,west=false]"
    },
    {
      "char": "s",
      "block": "quark:dark_oak_hedge[east=false,waterlogged=false,south=false,north=false,west=true]"
    },
    {
      "char": "t",
      "block": "immersiveengineering:metal_ladder_none[waterlogged=false,facing=north]"
    },
    {
      "char": "u",
      "block": "minecraft:dark_oak_door[hinge=right,half=lower,facing=east,open=false]"
    },
    {
      "char": "w",
      "block": "minecraft:dark_oak_door[hinge=left,half=lower,facing=east,open=false]"
    },
    {
      "char": "x",
      "block": "cfm:gray_kitchen_counter[facing=north,type=right_corner_inverted]"
    },
    {
      "char": "y",
      "block": "cfm:gray_kitchen_counter[facing=north,type=default]"
    },
    {
      "char": "z",
      "block": "cfm:gray_kitchen_counter[facing=north,type=left_corner_inverted]"
    },
    {
      "char": "A",
      "block": "cfm:gray_kitchen_counter[facing=west,type=default]"
    },
    {
      "char": "B",
      "block": "cfm:gray_kitchen_counter[facing=east,type=default]"
    },
    {
      "char": "C",
      "block": "quark:dark_oak_post[waterlogged=false,chain_west=false,chain_east=false,chain_north=false,chain_south=false,axis=y]"
    },
    {
      "char": "D",
      "block": "minecraft:dark_oak_stairs[waterlogged=false,half=bottom,shape=straight,facing=north]"
    },
    {
      "char": "E",
      "block": "quark:limestone_wall[east=tall,waterlogged=false,south=none,north=tall,west=none]"
    },
    {
      "char": "F",
      "block": "quark:limestone_wall[east=none,waterlogged=false,south=none,north=tall,west=tall]"
    },
    {
      "char": "I",
      "block": "minecraft:peony[half=upper]"
    },
    {
      "char": "J",
      "block": "quark:limestone_wall[east=tall,waterlogged=false,south=none,north=none,west=none]"
    },
    {
      "char": "K",
      "block": "quark:limestone_wall[east=none,waterlogged=false,south=none,north=none,west=tall]"
    },
    {
      "char": "L",
      "block": "minecraft:dark_oak_door[hinge=right,half=upper,facing=east,open=false]"
    },
    {
      "char": "M",
      "block": "minecraft:dark_oak_door[hinge=left,half=upper,facing=east,open=false]"
    },
    {
      "char": "N",
      "block": "minecraft:heavy_weighted_pressure_plate"
    },
    {
      "char": "O",
      "block": "quark:dark_oak_hedge[east=false,waterlogged=false,south=false,north=false,west=false]"
    },
    {
      "char": "P",
      "block": "minecraft:iron_bars[east=false,waterlogged=false,south=false,north=false,west=false]"
    },
    {
      "char": "Q",
      "block": "quark:limestone_slab[waterlogged=false,type=top]"
    },
    {
      "char": "R",
      "block": "quark:iron_rod[facing=down]"
    },
    {
      "char": "T",
      "block": "quark:limestone_wall[east=low,waterlogged=false,south=low,north=none,west=none]"
    },
    {
      "char": "U",
      "block": "quark:limestone_wall[east=none,waterlogged=false,south=low,north=none,west=low]"
    },
    {
      "char": "V",
      "block": "minecraft:quartz_block"
    },
    {
      "char": "W",
      "block": "minecraft:quartz_slab[waterlogged=false,type=top]"
    },
    {
      "char": "X",
      "block": "minecraft:polished_andesite"
    },
    {
      "char": "Y",
      "block": "quark:limestone_wall[east=low,waterlogged=false,south=none,north=low,west=none]"
    },
    {
      "char": "Z",
      "block": "quark:limestone_wall[east=none,waterlogged=false,south=none,north=low,west=low]"
    }
  ]
}