{
  "name": "building_office4_top_palette_270",
  "palette": [
    {
      "char": "a",
      "block": "minecraft:cyan_terracotta"
    },
    {
      "char": "b",
      "block": "minecraft:gray_concrete_powder"
    },
    {
      "char": "c",
      "block": "embellishcraft:smooth_marble_slab[waterlogged=false,type=bottom]"
    },
    {
      "char": "d",
      "block": "embellishcraft:smooth_basalt"
    },
    {
      "char": "e",
      "block": "minecraft:smooth_stone"
    },
    {
      "char": "f",
      "block": "minecraft:stripped_spruce_log[axis=y]"
    },
    {
      "char": "g",
      "block": "quark:spruce_ladder[waterlogged=false,facing=south]"
    },
    {
      "char": "h",
      "block": "minecraft:stripped_spruce_log[axis=x]"
    },
    {
      "char": "i",
      "block": "minecraft:light_gray_stained_glass"
    },
    {
      "char": "j",
      "block": "minecraft:gray_stained_glass"
    },
    {
      "char": "k",
      "block": "minecraft:oak_leaves"
    },
    {
      "char": "l",
      "block": "minecraft:spruce_stairs[waterlogged=false,half=bottom,shape=inner_right,facing=north]"
    },
    {
      "char": "m",
      "block": "minecraft:spruce_stairs[waterlogged=false,half=bottom,shape=straight,facing=east]"
    },
    {
      "char": "n",
      "block": "minecraft:spruce_stairs[waterlogged=false,half=bottom,shape=inner_left,facing=south]"
    },
    {
      "char": "o",
      "block": "minecraft:spruce_stairs[waterlogged=false,half=bottom,shape=inner_left,facing=north]"
    },
    {
      "char": "p",
      "block": "minecraft:spruce_stairs[waterlogged=false,half=bottom,shape=straight,facing=west]"
    },
    {
      "char": "q",
      "block": "minecraft:spruce_stairs[waterlogged=false,half=bottom,shape=inner_right,facing=south]"
    },
    {
      "char": "r",
      "block": "simplylight:illuminant_block"
    },
    {
      "char": "s",
      "block": "simplylight:illuminant_block_on"
    }
  ]
}