{
  "name": "building_office5_top_palette_270",
  "palette": [
    {
      "char": "a",
      "block": "embellishcraft:smooth_marble_stairs[waterlogged=false,half=bottom,shape=straight,facing=west]"
    },
    {
      "char": "b",
      "block": "embellishcraft:smooth_marble"
    },
    {
      "char": "c",
      "block": "minecraft:smooth_quartz"
    },
    {
      "char": "d",
      "block": "create:dark_oak_window_pane[waterlogged=false]"
    },
    {
      "char": "e",
      "block": "minecraft:smooth_stone"
    },
    {
      "char": "f",
      "block": "immersiveengineering:metal_ladder_none[waterlogged=false,facing=west]"
    },
    {
      "char": "g",
      "block": "quark:dark_oak_hedge[waterlogged=false]"
    },
    {
      "char": "h",
      "block": "embellishcraft:light_gray_couch[left_end=true,waterlogged=false,shape=straight,right_end=false,facing=east]"
    },
    {
      "char": "i",
      "block": "embellishcraft:light_gray_couch[left_end=false,waterlogged=false,shape=straight,right_end=true,facing=east]"
    },
    {
      "char": "j",
      "block": "embellishcraft:light_gray_couch[left_end=true,waterlogged=false,shape=straight,right_end=true,facing=north]"
    },
    {
      "char": "k",
      "block": "cfm:stripped_dark_oak_coffee_table[waterlogged=false]"
    },
    {
      "char": "l",
      "block": "minecraft:bookshelf"
    },
    {
      "char": "m",
      "block": "quark:dark_oak_leaf_carpet"
    },
    {
      "char": "n",
      "block": "minecraft:lily_of_the_valley"
    },
    {
      "char": "o",
      "block": "minecraft:stripped_dark_oak_log[axis=z]"
    },
    {
      "char": "p",
      "block": "minecraft:azure_bluet"
    },
    {
      "char": "q",
      "block": "minecraft:grass"
    },
    {
      "char": "r",
      "block": "cfm:light_gray_sofa[waterlogged=false,facing=south,type=single]"
    },
    {
      "char": "s",
      "block": "minecraft:fern"
    },
    {
      "char": "t",
      "block": "minecraft:white_tulip"
    },
    {
      "char": "u",
      "block": "quark:potted_sugar_cane"
    },
    {
      "char": "w",
      "block": "minecraft:potted_lily_of_the_valley"
    },
    {
      "char": "x",
      "block": "minecraft:potted_pink_tulip"
    },
    {
      "char": "y",
      "block": "minecraft:potted_dark_oak_sapling"
    },
    {
      "char": "z",
      "block": "minecraft:heavy_weighted_pressure_plate"
    },
    {
      "char": "A",
      "block": "minecraft:potted_cactus"
    },
    {
      "char": "B",
      "block": "minecraft:smooth_stone_slab[waterlogged=false,type=top]"
    },
    {
      "char": "C",
      "block": "minecraft:iron_trapdoor[waterlogged=false,half=top,facing=east,open=false]"
    },
    {
      "char": "D",
      "block": "embellishcraft:air_duct"
    },
    {
      "char": "E",
      "block": "minecraft:smooth_stone_slab[waterlogged=false,type=bottom]"
    }
  ]
}