{
  "name": "building_policeoffice1_floor2_palette_180",
  "palette": [
    {
      "char": "a",
      "block": "minecraft:white_concrete"
    },
    {
      "char": "b",
      "block": "embellishcraft:polished_marble"
    },
    {
      "char": "c",
      "block": "minecraft:cyan_terracotta"
    },
    {
      "char": "d",
      "block": "minecraft:cyan_stained_glass_pane[east=true,waterlogged=false,south=false,north=false,west=true]"
    },
    {
      "char": "e",
      "block": "quark:iron_ladder[waterlogged=false,facing=west]"
    },
    {
      "char": "f",
      "block": "embellishcraft:smooth_basalt"
    },
    {
      "char": "g",
      "block": "create:vertical_framed_glass_pane[east=true,waterlogged=false,south=false,north=false,west=true]"
    },
    {
      "char": "h",
      "block": "create:vertical_framed_glass_pane[east=false,waterlogged=false,south=true,north=false,west=true]"
    },
    {
      "char": "i",
      "block": "create:vertical_framed_glass_pane[east=false,waterlogged=false,south=true,north=true,west=false]"
    },
    {
      "char": "j",
      "block": "embellishcraft:smooth_slate_stairs[waterlogged=false,half=bottom,shape=straight,facing=north]"
    },
    {
      "char": "k",
      "block": "minecraft:iron_door[hinge=left,half=lower,facing=south,open=false]"
    },
    {
      "char": "l",
      "block": "minecraft:iron_door[hinge=right,half=lower,facing=south,open=false]"
    },
    {
      "char": "m",
      "block": "embellishcraft:smooth_marble"
    },
    {
      "char": "n",
      "block": "minecraft:gray_stained_glass_pane[east=false,waterlogged=false,south=true,north=true,west=false]"
    },
    {
      "char": "o",
      "block": "embellishcraft:smooth_slate"
    },
    {
      "char": "p",
      "block": "minecraft:heavy_weighted_pressure_plate"
    },
    {
      "char": "q",
      "block": "minecraft:iron_door[hinge=left,half=upper,facing=south,open=false]"
    },
    {
      "char": "r",
      "block": "minecraft:iron_door[hinge=right,half=upper,facing=south,open=false]"
    },
    {
      "char": "s",
      "block": "minecraft:potted_cactus"
    },
    {
      "char": "t",
      "block": "minecraft:iron_bars[east=false,waterlogged=false,south=true,north=false,west=false]"
    },
    {
      "char": "u",
      "block": "marbleds_arsenal:medicine_cabinet[facing=south]",
      "loot": "chestloot"
    },
    {
      "char": "w",
      "block": "embellishcraft:smooth_slate_slab[waterlogged=false,type=bottom]"
    },
    {
      "char": "x",
      "block": "minecraft:quartz_block"
    }
  ]
}