{
  "name": "building_hotel1_top_palette_90",
  "palette": [
    {
      "char": "a",
      "block": "embellishcraft:smooth_marble"
    },
    {
      "char": "b",
      "block": "minecraft:spruce_planks"
    },
    {
      "char": "c",
      "block": "minecraft:farmland"
    },
    {
      "char": "d",
      "block": "embellishcraft:smooth_slate_slab[waterlogged=false,type=bottom]"
    },
    {
      "char": "e",
      "block": "minecraft:gray_stained_glass_pane[waterlogged=false]"
    },
    {
      "char": "f",
      "block": "minecraft:iron_bars[waterlogged=false]"
    },
    {
      "char": "g",
      "block": "minecraft:smooth_stone_slab[waterlogged=false,type=bottom]"
    },
    {
      "char": "h",
      "block": "minecraft:gray_stained_glass"
    }
  ]
}