{
  "name": "building_hotel3_top_palette_90",
  "palette": [
    {
      "char": "a",
      "block": "minecraft:gray_stained_glass_pane[east=false,waterlogged=false,south=true,north=false,west=false]"
    },
    {
      "char": "b",
      "block": "minecraft:gray_stained_glass"
    },
    {
      "char": "c",
      "block": "minecraft:gray_stained_glass_pane[east=false,waterlogged=false,south=false,north=false,west=true]"
    },
    {
      "char": "d",
      "block": "minecraft:gray_stained_glass_pane[east=true,waterlogged=false,south=false,north=false,west=false]"
    },
    {
      "char": "e",
      "block": "minecraft:smooth_stone_slab[waterlogged=false,type=bottom]"
    },
    {
      "char": "f",
      "block": "embellishcraft:steel_wall_ladder[waterlogged=false,facing=west]"
    },
    {
      "char": "g",
      "block": "embellishcraft:smooth_marble"
    },
    {
      "char": "h",
      "block": "embellishcraft:polished_marble"
    },
    {
      "char": "i",
      "block": "minecraft:gray_stained_glass_pane[east=false,waterlogged=false,south=false,north=true,west=false]"
    },
    {
      "char": "j",
      "block": "embellishcraft:smooth_marble_slab[waterlogged=false,type=bottom]"
    },
    {
      "char": "k",
      "block": "quark:framed_glass_pane[east=false,waterlogged=false,south=true,north=true,west=false]"
    },
    {
      "char": "l",
      "block": "embellishcraft:smooth_basalt_wall[east=low,waterlogged=false,south=none,north=tall,west=none,up=true]"
    },
    {
      "char": "m",
      "block": "quark:framed_glass_pane[east=true,waterlogged=false,south=false,north=true,west=true]"
    },
    {
      "char": "n",
      "block": "quark:framed_glass_pane[east=true,waterlogged=false,south=false,north=false,west=true]"
    },
    {
      "char": "o",
      "block": "embellishcraft:smooth_basalt_wall[east=none,waterlogged=false,south=none,north=low,west=low,up=true]"
    },
    {
      "char": "p",
      "block": "minecraft:black_stained_glass_pane[east=false,waterlogged=false,south=true,north=true,west=false]"
    },
    {
      "char": "q",
      "block": "embellishcraft:smooth_basalt_wall[east=none,waterlogged=false,south=none,north=tall,west=none,up=true]"
    },
    {
      "char": "r",
      "block": "embellishcraft:smooth_basalt_wall[east=none,waterlogged=false,south=none,north=none,west=none,up=true]"
    },
    {
      "char": "s",
      "block": "embellishcraft:smooth_marble_slab[waterlogged=false,type=top]"
    }
  ]
}