{
  "name": "building_hotel3_floor2_palette_90",
  "palette": [
    {
      "char": "a",
      "block": "minecraft:gray_stained_glass_pane[east=false,waterlogged=false,south=true,north=false,west=false]"
    },
    {
      "char": "b",
      "block": "minecraft:gray_stained_glass"
    },
    {
      "char": "c",
      "block": "minecraft:gray_stained_glass_pane[east=false,waterlogged=false,south=false,north=false,west=true]"
    },
    {
      "char": "d",
      "block": "minecraft:gray_stained_glass_pane[east=true,waterlogged=false,south=false,north=false,west=false]"
    },
    {
      "char": "e",
      "block": "minecraft:smooth_stone_slab[waterlogged=false,type=bottom]"
    },
    {
      "char": "f",
      "block": "embellishcraft:steel_wall_ladder[waterlogged=false,facing=west]"
    },
    {
      "char": "g",
      "block": "embellishcraft:smooth_marble"
    },
    {
      "char": "h",
      "block": "embellishcraft:polished_marble"
    },
    {
      "char": "i",
      "block": "minecraft:gray_stained_glass_pane[east=false,waterlogged=false,south=false,north=true,west=false]"
    },
    {
      "char": "j",
      "block": "minecraft:dark_oak_door[hinge=right,half=lower,facing=west,open=false]"
    },
    {
      "char": "k",
      "block": "minecraft:furnace[facing=east]"
    },
    {
      "char": "l",
      "block": "minecraft:spruce_planks"
    },
    {
      "char": "m",
      "block": "minecraft:cauldron"
    },
    {
      "char": "n",
      "block": "minecraft:dark_oak_door[hinge=left,half=lower,facing=south,open=false]"
    },
    {
      "char": "o",
      "block": "quark:framed_glass_pane[east=false,waterlogged=false,south=true,north=true,west=false]"
    },
    {
      "char": "p",
      "block": "minecraft:brown_bed[part=head,facing=west]"
    },
    {
      "char": "q",
      "block": "minecraft:quartz_stairs[waterlogged=false,half=bottom,shape=straight,facing=west]"
    },
    {
      "char": "r",
      "block": "minecraft:brown_bed[part=foot,facing=west]"
    },
    {
      "char": "s",
      "block": "quark:iron_rod[facing=up]"
    },
    {
      "char": "t",
      "block": "embellishcraft:smooth_basalt_wall[east=low,waterlogged=false,south=none,north=tall,west=none]"
    },
    {
      "char": "u",
      "block": "quark:framed_glass_pane[east=true,waterlogged=false,south=false,north=false,west=true]"
    },
    {
      "char": "w",
      "block": "embellishcraft:smooth_basalt_wall[east=none,waterlogged=false,south=none,north=low,west=low]"
    },
    {
      "char": "x",
      "block": "minecraft:dark_oak_door[hinge=right,half=upper,facing=west,open=false]"
    },
    {
      "char": "y",
      "block": "minecraft:black_stained_glass_pane[east=false,waterlogged=false,south=true,north=true,west=false]"
    },
    {
      "char": "z",
      "block": "minecraft:dark_oak_door[hinge=left,half=upper,facing=south,open=false]"
    },
    {
      "char": "A",
      "block": "immersiveengineering:concrete_quarter"
    },
    {
      "char": "B",
      "block": "embellishcraft:smooth_basalt_wall[east=none,waterlogged=false,south=none,north=tall,west=none]"
    },
    {
      "char": "C",
      "block": "embellishcraft:smooth_basalt_wall[east=none,waterlogged=false,south=none,north=none,west=none]"
    },
    {
      "char": "D",
      "block": "minecraft:quartz_block"
    }
  ]
}