{
  "name": "fountain_2_palette",
  "palette": [
    {
      "char": "a",
      "block": "minecraft:smooth_stone_slab[waterlogged=false,type=bottom]"
    },
    {
      "char": "b",
      "block": "minecraft:dirt_path"
    },
    {
      "char": "c",
      "block": "minecraft:fern"
    },
    {
      "char": "d",
      "block": "minecraft:white_tulip"
    },
    {
      "char": "e",
      "block": "minecraft:red_tulip"
    },
    {
      "char": "f",
      "block": "minecraft:spruce_trapdoor[waterlogged=false,half=bottom,facing=north,open=true]"
    },
    {
      "char": "g",
      "block": "quark:dark_oak_hedge[east=true,waterlogged=false,south=true,north=false,west=false]"
    },
    {
      "char": "h",
      "block": "quark:dark_oak_hedge[east=true,waterlogged=false,south=false,north=false,west=true]"
    },
    {
      "char": "i",
      "block": "quark:dark_oak_hedge[east=false,waterlogged=false,south=true,north=false,west=true]"
    },
    {
      "char": "j",
      "block": "minecraft:spruce_trapdoor[waterlogged=false,half=bottom,facing=west,open=true]"
    },
    {
      "char": "k",
      "block": "minecraft:spruce_trapdoor[waterlogged=false,half=bottom,facing=east,open=true]"
    },
    {
      "char": "l",
      "block": "minecraft:orange_tulip"
    },
    {
      "char": "m",
      "block": "quark:dark_oak_hedge[east=false,waterlogged=false,south=true,north=true,west=false]"
    },
    {
      "char": "n",
      "block": "minecraft:smooth_stone"
    },
    {
      "char": "o",
      "block": "quark:dark_oak_hedge[east=false,waterlogged=false,south=false,north=true,west=false]"
    },
    {
      "char": "p",
      "block": "minecraft:pink_tulip"
    },
    {
      "char": "q",
      "block": "minecraft:spruce_trapdoor[waterlogged=false,half=bottom,facing=south,open=true]"
    },
    {
      "char": "r",
      "block": "minecraft:stripped_dark_oak_log[axis=y]"
    },
    {
      "char": "s",
      "block": "minecraft:sweet_berry_bush"
    },
    {
      "char": "t",
      "block": "quark:dark_oak_hedge[east=false,waterlogged=false,south=true,north=false,west=false]"
    },
    {
      "char": "u",
      "block": "quark:dark_oak_hedge[east=true,waterlogged=false,south=false,north=true,west=false]"
    },
    {
      "char": "w",
      "block": "quark:dark_oak_hedge[east=false,waterlogged=false,south=false,north=true,west=true]"
    },
    {
      "char": "x",
      "block": "quark:spruce_leaf_carpet"
    },
    {
      "char": "y",
      "block": "minecraft:campfire[waterlogged=false,facing=north]"
    },
    {
      "char": "z",
      "block": "minecraft:spruce_sapling"
    },
    {
      "char": "A",
      "block": "minecraft:lily_pad"
    },
    {
      "char": "B",
      "block": "minecraft:spruce_fence[east=true,waterlogged=false,south=true,north=false,west=false]"
    },
    {
      "char": "C",
      "block": "minecraft:spruce_fence[east=true,waterlogged=false,south=false,north=false,west=true]"
    },
    {
      "char": "D",
      "block": "minecraft:spruce_fence[east=false,waterlogged=false,south=true,north=false,west=true]"
    },
    {
      "char": "E",
      "block": "minecraft:spruce_fence[east=false,waterlogged=false,south=true,north=true,west=false]"
    },
    {
      "char": "F",
      "block": "cfm:andesite_table[east=false,waterlogged=false,south=false,north=false,west=false]"
    },
    {
      "char": "I",
      "block": "cfm:stripped_oak_park_bench[waterlogged=false,facing=north,type=left]"
    },
    {
      "char": "J",
      "block": "cfm:stripped_oak_park_bench[waterlogged=false,facing=north,type=right]"
    },
    {
      "char": "K",
      "block": "minecraft:spruce_fence[east=false,waterlogged=false,south=false,north=true,west=false]"
    },
    {
      "char": "L",
      "block": "cfm:stripped_oak_park_bench[waterlogged=false,facing=west,type=right]"
    },
    {
      "char": "M",
      "block": "cfm:stripped_oak_park_bench[waterlogged=false,facing=west,type=left]"
    },
    {
      "char": "N",
      "block": "minecraft:spruce_fence[east=false,waterlogged=false,south=true,north=false,west=false]"
    },
    {
      "char": "O",
      "block": "minecraft:spruce_fence[east=true,waterlogged=false,south=false,north=true,west=false]"
    },
    {
      "char": "P",
      "block": "minecraft:spruce_fence[east=false,waterlogged=false,south=false,north=true,west=true]"
    },
    {
      "char": "Q",
      "block": "minecraft:spruce_stairs[waterlogged=false,half=bottom,shape=straight,facing=south]"
    },
    {
      "char": "R",
      "block": "embellishcraft:brown_table_lamp[waterlogged=false]"
    },
    {
      "char": "T",
      "block": "minecraft:spruce_stairs[waterlogged=false,half=bottom,shape=straight,facing=north]"
    },
    {
      "char": "U",
      "block": "minecraft:spruce_slab[waterlogged=false,type=top]"
    },
    {
      "char": "V",
      "block": "minecraft:spruce_slab[waterlogged=false,type=bottom]"
    }
  ]
}