{
  "name": "fountain_1_palette",
  "palette": [
    {
      "char": "a",
      "block": "minecraft:smooth_stone_slab[waterlogged=false,type=bottom]"
    },
    {
      "char": "b",
      "block": "minecraft:dirt_path"
    },
    {
      "char": "c",
      "block": "minecraft:stripped_dark_oak_log[axis=y]"
    },
    {
      "char": "d",
      "block": "minecraft:dirt"
    },
    {
      "char": "e",
      "block": "minecraft:smooth_stone"
    },
    {
      "char": "f",
      "block": "minecraft:lily_of_the_valley"
    },
    {
      "char": "g",
      "block": "minecraft:pink_tulip"
    },
    {
      "char": "h",
      "block": "minecraft:white_tulip"
    },
    {
      "char": "i",
      "block": "minecraft:oak_leaves"
    },
    {
      "char": "j",
      "block": "minecraft:lilac[half=lower]"
    },
    {
      "char": "k",
      "block": "simplylight:rodlamp[waterlogged=false,axis=y]"
    },
    {
      "char": "l",
      "block": "minecraft:lilac[half=upper]"
    }
  ]
}