{
  "name": "fountain_4_palette",
  "palette": [
    {
      "char": "a",
      "block": "minecraft:smooth_stone_slab[waterlogged=false,type=bottom]"
    },
    {
      "char": "b",
      "block": "minecraft:quartz_block"
    },
    {
      "char": "c",
      "block": "embellishcraft:smooth_slate"
    },
    {
      "char": "d",
      "block": "embellishcraft:smooth_marble"
    },
    {
      "char": "e",
      "block": "embellishcraft:smooth_basalt"
    },
    {
      "char": "f",
      "block": "minecraft:cyan_terracotta"
    },
    {
      "char": "g",
      "block": "minecraft:stripped_dark_oak_log[axis=y]"
    },
    {
      "char": "h",
      "block": "embellishcraft:smooth_marble_slab[waterlogged=false,type=bottom]"
    },
    {
      "char": "i",
      "block": "minecraft:glowstone"
    },
    {
      "char": "j",
      "block": "minecraft:oak_leaves"
    },
    {
      "char": "k",
      "block": "embellishcraft:smooth_basalt_slab[waterlogged=false,type=bottom]"
    }
  ]
}