{
  "name": "fountain_7_palette",
  "palette": [
    {
      "char": "a",
      "block": "minecraft:stone_brick_stairs[waterlogged=false,half=bottom,shape=straight,facing=south]"
    },
    {
      "char": "b",
      "block": "minecraft:stone_brick_stairs[waterlogged=false,half=bottom,shape=straight,facing=east]"
    },
    {
      "char": "c",
      "block": "minecraft:dirt"
    },
    {
      "char": "d",
      "block": "minecraft:stone_brick_stairs[waterlogged=false,half=bottom,shape=straight,facing=west]"
    },
    {
      "char": "e",
      "block": "embellishcraft:diorite_large_bricks"
    },
    {
      "char": "f",
      "block": "create:cut_limestone_bricks"
    },
    {
      "char": "g",
      "block": "embellishcraft:diorite_large_bricks_stairs[waterlogged=false,half=bottom,shape=straight,facing=west]"
    },
    {
      "char": "h",
      "block": "embellishcraft:diorite_large_bricks_slab[waterlogged=false,type=bottom]"
    },
    {
      "char": "i",
      "block": "create:cut_limestone_brick_stairs[waterlogged=false,half=bottom,shape=straight,facing=west]"
    },
    {
      "char": "j",
      "block": "create:cut_limestone_brick_slab[waterlogged=false,type=bottom]"
    },
    {
      "char": "k",
      "block": "minecraft:stone_brick_stairs[waterlogged=false,half=bottom,shape=straight,facing=north]"
    },
    {
      "char": "l",
      "block": "quark:smooth_stone_vertical_slab[waterlogged=false,type=north]"
    },
    {
      "char": "m",
      "block": "minecraft:stone_brick_wall[east=tall,waterlogged=false,south=tall,north=none,west=tall,up=true]"
    },
    {
      "char": "n",
      "block": "quark:smooth_stone_vertical_slab[waterlogged=false,type=west]"
    },
    {
      "char": "o",
      "block": "quark:smooth_stone_vertical_slab[waterlogged=false,type=east]"
    },
    {
      "char": "p",
      "block": "minecraft:stone_brick_wall[east=tall,waterlogged=false,south=tall,north=tall,west=none,up=true]"
    },
    {
      "char": "q",
      "block": "quark:smooth_stone_vertical_slab[waterlogged=false,type=south]"
    },
    {
      "char": "r",
      "block": "minecraft:stone_brick_wall[east=tall,waterlogged=false,south=none,north=tall,west=tall,up=true]"
    },
    {
      "char": "s",
      "block": "minecraft:oak_log[axis=y]"
    },
    {
      "char": "t",
      "block": "quark:oak_hedge[east=true,waterlogged=false,south=true,north=false,west=false]"
    },
    {
      "char": "u",
      "block": "quark:oak_hedge[east=true,waterlogged=false,south=false,north=false,west=true]"
    },
    {
      "char": "w",
      "block": "quark:oak_hedge[east=false,waterlogged=false,south=true,north=false,west=true]"
    },
    {
      "char": "x",
      "block": "quark:oak_hedge[east=false,waterlogged=false,south=false,north=true,west=false]"
    },
    {
      "char": "y",
      "block": "cfm:stripped_oak_park_bench[waterlogged=false,facing=north,type=left]"
    },
    {
      "char": "z",
      "block": "cfm:stripped_oak_park_bench[waterlogged=false,facing=north,type=right]"
    },
    {
      "char": "A",
      "block": "quark:oak_hedge[east=false,waterlogged=false,south=false,north=false,west=true]"
    },
    {
      "char": "B",
      "block": "quark:oak_hedge[east=false,waterlogged=false,south=true,north=true,west=false]"
    },
    {
      "char": "C",
      "block": "cfm:stripped_oak_park_bench[waterlogged=false,facing=west,type=right]"
    },
    {
      "char": "D",
      "block": "cfm:stripped_oak_park_bench[waterlogged=false,facing=west,type=left]"
    },
    {
      "char": "E",
      "block": "quark:oak_hedge[east=true,waterlogged=false,south=false,north=true,west=false]"
    },
    {
      "char": "F",
      "block": "quark:oak_hedge[east=false,waterlogged=false,south=true,north=false,west=false]"
    },
    {
      "char": "I",
      "block": "cfm:stripped_oak_park_bench[waterlogged=false,facing=south,type=right]"
    },
    {
      "char": "J",
      "block": "cfm:stripped_oak_park_bench[waterlogged=false,facing=south,type=left]"
    },
    {
      "char": "K",
      "block": "quark:oak_hedge[east=false,waterlogged=false,south=false,north=true,west=true]"
    },
    {
      "char": "L",
      "block": "minecraft:oak_leaves"
    },
    {
      "char": "M",
      "block": "quark:oak_leaf_carpet"
    },
    {
      "char": "N",
      "block": "minecraft:pink_tulip"
    },
    {
      "char": "O",
      "block": "minecraft:lily_of_the_valley"
    },
    {
      "char": "P",
      "block": "minecraft:oak_sapling"
    },
    {
      "char": "Q",
      "block": "minecraft:lantern[waterlogged=false,hanging=false]"
    },
    {
      "char": "R",
      "block": "minecraft:white_tulip"
    },
    {
      "char": "T",
      "block": "quark:spruce_leaf_carpet"
    },
    {
      "char": "U",
      "block": "minecraft:spruce_sapling"
    }
  ]
}