{
  "name": "fountain_5_palette",
  "palette": [
    {
      "char": "a",
      "block": "minecraft:smooth_stone_slab[waterlogged=false,type=double]"
    },
    {
      "char": "b",
      "block": "create:cut_limestone_brick_slab[waterlogged=false,type=bottom]"
    },
    {
      "char": "c",
      "block": "minecraft:smooth_stone_slab[waterlogged=false,type=bottom]"
    },
    {
      "char": "d",
      "block": "create:cut_limestone_bricks"
    },
    {
      "char": "e",
      "block": "minecraft:oak_sapling"
    },
    {
      "char": "f",
      "block": "cfm:stripped_birch_park_bench[waterlogged=false,facing=west,type=right]"
    },
    {
      "char": "g",
      "block": "quark:acacia_hedge[east=false,waterlogged=false,south=true,north=false,west=false]"
    },
    {
      "char": "h",
      "block": "quark:acacia_hedge[east=false,waterlogged=false,south=false,north=false,west=false]"
    },
    {
      "char": "i",
      "block": "cfm:stripped_birch_park_bench[waterlogged=false,facing=west,type=left]"
    },
    {
      "char": "j",
      "block": "quark:acacia_hedge[east=false,waterlogged=false,south=true,north=true,west=false]"
    },
    {
      "char": "k",
      "block": "quark:acacia_hedge[east=false,waterlogged=false,south=false,north=true,west=false]"
    },
    {
      "char": "l",
      "block": "cfm:stripped_birch_park_bench[waterlogged=false,facing=east,type=left]"
    },
    {
      "char": "m",
      "block": "cfm:stripped_birch_park_bench[waterlogged=false,facing=east,type=right]"
    },
    {
      "char": "n",
      "block": "cfm:stripped_birch_park_bench[waterlogged=false,facing=east,type=middle]"
    }
  ]
}