{
  "name": "front_1_palette",
  "palette": [
    {
      "char": "a",
      "block": "quark:spruce_hedge[east=false,waterlogged=false,south=true,north=false,west=false]"
    },
    {
      "char": "b",
      "block": "minecraft:quartz_slab[waterlogged=false,type=bottom]"
    },
    {
      "char": "c",
      "block": "quark:spruce_hedge[east=false,waterlogged=false,south=false,north=false,west=false]"
    },
    {
      "char": "d",
      "block": "quark:spruce_hedge[east=false,waterlogged=false,south=true,north=true,west=false]"
    },
    {
      "char": "e",
      "block": "quark:spruce_hedge[east=false,waterlogged=false,south=false,north=true,west=false]"
    },
    {
      "char": "f",
      "block": "minecraft:stone_brick_wall[east=none,waterlogged=false,south=none,north=none,west=none,up=true]"
    },
    {
      "char": "g",
      "block": "cfm:gray_picket_fence[east=false,waterlogged=false,south=false,north=false,west=false]"
    },
    {
      "char": "h",
      "block": "minecraft:iron_bars[east=true,waterlogged=false,south=false,north=false,west=false]"
    },
    {
      "char": "i",
      "block": "minecraft:iron_bars[east=false,waterlogged=false,south=false,north=false,west=true]"
    },
    {
      "char": "j",
      "block": "simplylight:illuminant_block"
    },
    {
      "char": "k",
      "block": "embellishcraft:smooth_basalt_slab[waterlogged=false,type=bottom]"
    },
    {
      "char": "l",
      "block": "minecraft:iron_trapdoor[waterlogged=false,half=bottom,facing=east,open=false]"
    }
  ]
}