{
  "name": "front_1_palette",
  "palette": [
    {
      "char": "a",
      "block": "quark:spruce_hedge[waterlogged=false]"
    },
    {
      "char": "b",
      "block": "minecraft:smooth_quartz_slab[waterlogged=false,type=bottom]"
    },
    {
      "char": "c",
      "block": "minecraft:stone_brick_wall[waterlogged=false]"
    },
    {
      "char": "d",
      "block": "cfm:gray_picket_fence[waterlogged=false]"
    },
    {
      "char": "e",
      "block": "minecraft:iron_bars[waterlogged=false]"
    },
    {
      "char": "f",
      "block": "simplylight:illuminant_block"
    },
    {
      "char": "g",
      "block": "embellishcraft:smooth_basalt_slab[waterlogged=false,type=bottom]"
    },
    {
      "char": "h",
      "block": "minecraft:iron_trapdoor[waterlogged=false,half=bottom,facing=east,open=false]"
    }
  ]
}