{
  "name": "highway_open_bi_palette",
  "palette": [
    {
      "char": "!",
      "block": "minecraft:diamond_block",
      "mob": "easymobs"
    },
    {
      "char": "~",
      "block": "minecraft:command_block"
    },
    {
      "char": "G",
      "block": "minecraft:grass_block"
    },
    {
      "char": "H",
      "block": "immersivepetroleum:asphalt"
    },
    {
      "char": "S",
      "block": "minecraft:stone"
    },
    {
      "char": "=",
      "block": "immersiveengineering:concrete"
    },
    {
      "char": "_",
      "block": "embellishcraft:gneiss_large_bricks_wall"
    },
    {
      "char": "^",
      "block": "minecraft:water"
    },
    {
      "char": "v",
      "block": "minecraft:stone_bricks"
    },
    {
      "char": "#",
      "block": "minecraft:chest",
      "loot": "chestloot"
    },
    {
      "char": " ",
      "block": "minecraft:air"
    },
    {
      "char": "a",
      "block": "embellishcraft:smooth_marble"
    },
    {
      "char": "b",
      "block": "embellishcraft:smooth_basalt_wall[east=none,waterlogged=false,south=none,north=none,west=none,up=true]"
    },
    {
      "char": "c",
      "block": "immersiveengineering:concrete_quarter"
    },
    {
      "char": "d",
      "block": "immersiveengineering:razor_wire[waterlogged=false,facing=south]"
    },
    {
      "char": "e",
      "block": "marbleds_arsenal:concrete_barrier[facing=west]"
    },
    {
      "char": "f",
      "block": "immersiveengineering:floodlight[waterlogged=false,facing=up]"
    },
    {
      "char": "g",
      "block": "immersiveengineering:razor_wire[waterlogged=false,facing=west]"
    },
    {
      "char": "h",
      "block": "immersiveengineering:razor_wire[waterlogged=false,facing=east]"
    },
    {
      "char": "i",
      "block": "immersiveengineering:razor_wire[waterlogged=false,facing=north]"
    },
    {
      "char": "j",
      "block": "simplylight:illuminant_block"
    },
    {
      "char": "k",
      "block": "embellishcraft:smooth_basalt_wall[east=tall,waterlogged=false,south=none,north=none,west=none,up=true]"
    }
  ]
}