{
  "name": "highway_tunnel_palette",
  "palette": [
    {
      "char": "!",
      "block": "minecraft:diamond_block",
      "mob": "easymobs"
    },
    {
      "char": "~",
      "block": "minecraft:command_block"
    },
    {
      "char": "$",
      "block": "minecraft:spawner",
      "mob": "hardmobs"
    },
    {
      "char": "G",
      "block": "minecraft:grass_block"
    },
    {
      "char": "H",
      "block": "immersivepetroleum:asphalt"
    },
    {
      "char": "S",
      "block": "minecraft:stone"
    },
    {
      "char": "=",
      "block": "immersiveengineering:concrete"
    },
    {
      "char": "_",
      "block": "embellishcraft:gneiss_large_bricks_wall"
    },
    {
      "char": "^",
      "block": "minecraft:water"
    },
    {
      "char": "v",
      "block": "minecraft:stone_bricks"
    },
    {
      "char": "#",
      "block": "minecraft:chest",
      "loot": "chestloot"
    },
    {
      "char": " ",
      "block": "minecraft:air"
    },
    {
      "char": "a",
      "block": "minecraft:polished_andesite_stairs[waterlogged=false,half=top,shape=straight,facing=south]"
    },
    {
      "char": "b",
      "block": "minecraft:polished_andesite_stairs[waterlogged=false,half=top,shape=straight,facing=north]"
    },
    {
      "char": "c",
      "block": "embellishcraft:smooth_marble"
    },
    {
      "char": "d",
      "block": "minecraft:stone_brick_wall[east=tall,waterlogged=false,south=none,north=none,west=tall]"
    },
    {
      "char": "e",
      "block": "immersiveengineering:concrete_quarter"
    },
    {
      "char": "f",
      "block": "minecraft:smooth_stone_slab[waterlogged=false,type=bottom]"
    },
    {
      "char": "g",
      "block": "simplylight:illuminant_block_on"
    }
  ]
}