{
  "name": "highway_bridge_bi_palette",
  "palette": [
    {
      "char": "!",
      "block": "minecraft:diamond_block",
      "mob": "easymobs"
    },
    {
      "char": "~",
      "block": "minecraft:command_block"
    },
    {
      "char": "$",
      "block": "minecraft:spawner",
      "mob": "hardmobs"
    },
    {
      "char": "G",
      "block": "minecraft:grass_block"
    },
    {
      "char": "H",
      "block": "immersivepetroleum:asphalt"
    },
    {
      "char": "S",
      "block": "minecraft:stone"
    },
    {
      "char": "=",
      "block": "immersiveengineering:concrete"
    },
    {
      "char": "_",
      "block": "minecraft:smooth_stone_slab[type=bottom]"
    },
    {
      "char": "^",
      "block": "minecraft:water"
    },
    {
      "char": "v",
      "block": "minecraft:stone_bricks"
    },
    {
      "char": "#",
      "block": "minecraft:chest",
      "loot": "chestloot"
    },
    {
      "char": " ",
      "block": "minecraft:air"
    },
    {
      "char": "a",
      "block": "embellishcraft:smooth_marble"
    },
    {
      "char": "b",
      "block": "embellishcraft:marble"
    },
    {
      "char": "c",
      "block": "embellishcraft:smooth_basalt_wall[waterlogged=false]"
    },
    {
      "char": "d",
      "block": "immersiveengineering:concrete_quarter"
    },
    {
      "char": "e",
      "block": "immersiveengineering:razor_wire[waterlogged=false,facing=north]"
    },
    {
      "char": "f",
      "block": "immersiveengineering:razor_wire[waterlogged=false,facing=east]"
    },
    {
      "char": "g",
      "block": "immersiveengineering:floodlight[waterlogged=false,facing=up]"
    },
    {
      "char": "h",
      "block": "immersiveengineering:razor_wire[waterlogged=false,facing=south]"
    },
    {
      "char": "i",
      "block": "simplylight:illuminant_block"
    }
  ]
}