{
  "name": "multi_hospital_0_floor1_palette",
  "palette": [
    {
      "char": "a",
      "block": "quark:quartz_vertical_slab[waterlogged=false,type=north]"
    },
    {
      "char": "b",
      "block": "minecraft:quartz_block"
    },
    {
      "char": "c",
      "block": "cfm:gray_picket_fence[east=false,waterlogged=false,south=true,north=false,west=false]"
    },
    {
      "char": "d",
      "block": "create:framed_glass_pane[east=true,waterlogged=false,south=true,north=true,west=false]"
    },
    {
      "char": "e",
      "block": "minecraft:cyan_terracotta"
    },
    {
      "char": "f",
      "block": "create:horizontal_framed_glass_pane[east=false,waterlogged=false,south=true,north=true,west=false]"
    },
    {
      "char": "g",
      "block": "minecraft:polished_andesite_slab[waterlogged=false,type=top]"
    },
    {
      "char": "h",
      "block": "minecraft:polished_andesite"
    },
    {
      "char": "i",
      "block": "create:framed_glass_pane[east=false,waterlogged=false,south=true,north=true,west=false]"
    },
    {
      "char": "j",
      "block": "minecraft:quartz_slab[waterlogged=false,type=top]"
    },
    {
      "char": "k",
      "block": "minecraft:quartz_slab[waterlogged=false,type=bottom]"
    },
    {
      "char": "l",
      "block": "minecraft:smooth_stone"
    },
    {
      "char": "m",
      "block": "quark:black_framed_glass_pane[east=true,waterlogged=false,south=false,north=false,west=true]"
    },
    {
      "char": "n",
      "block": "quark:black_framed_glass_pane[east=false,waterlogged=false,south=true,north=true,west=false]"
    },
    {
      "char": "o",
      "block": "embellishcraft:smooth_basalt"
    },
    {
      "char": "p",
      "block": "create:vertical_framed_glass_pane[east=true,waterlogged=false,south=true,north=true,west=false]"
    },
    {
      "char": "q",
      "block": "create:vertical_framed_glass_pane[east=false,waterlogged=false,south=true,north=true,west=false]"
    },
    {
      "char": "r",
      "block": "embellishcraft:white_couch[waterlogged=false,shape=straight,facing=north]"
    },
    {
      "char": "s",
      "block": "minecraft:quartz_stairs[waterlogged=false,half=bottom,shape=straight,facing=north]"
    },
    {
      "char": "t",
      "block": "quark:black_framed_glass_pane[east=false,waterlogged=false,south=false,north=true,west=false]"
    },
    {
      "char": "u",
      "block": "cfm:stripped_oak_coffee_table[east=false,waterlogged=false,south=false,north=false,west=false]"
    },
    {
      "char": "w",
      "block": "quark:polished_andesite_vertical_slab[waterlogged=false,type=north]"
    },
    {
      "char": "x",
      "block": "quark:black_framed_glass_pane[east=false,waterlogged=false,south=false,north=false,west=true]"
    },
    {
      "char": "y",
      "block": "quark:polished_andesite_vertical_slab[waterlogged=false,type=west]"
    },
    {
      "char": "z",
      "block": "embellishcraft:white_steel_door[hinge=left,half=lower,facing=east,open=false]"
    },
    {
      "char": "A",
      "block": "simplylight:illuminant_block_on"
    },
    {
      "char": "B",
      "block": "simplylight:illuminant_block"
    },
    {
      "char": "C",
      "block": "embellishcraft:white_steel_door[hinge=right,half=lower,facing=east,open=false]"
    },
    {
      "char": "D",
      "block": "quark:stone_brick_vertical_slab[waterlogged=false,type=south]"
    },
    {
      "char": "E",
      "block": "quark:smooth_quartz_vertical_slab[waterlogged=false,type=east]"
    },
    {
      "char": "F",
      "block": "minecraft:chain[waterlogged=false,axis=y]"
    },
    {
      "char": "I",
      "block": "minecraft:iron_door[hinge=left,half=lower,facing=east,open=false]"
    },
    {
      "char": "J",
      "block": "create:polished_cut_limestone_slab[waterlogged=false,type=top]"
    },
    {
      "char": "K",
      "block": "cfm:gray_picket_fence[east=false,waterlogged=false,south=false,north=false,west=false]"
    },
    {
      "char": "L",
      "block": "create:vertical_framed_glass_pane[east=true,waterlogged=false,south=false,north=false,west=true]"
    },
    {
      "char": "M",
      "block": "embellishcraft:white_steel_door[hinge=left,half=upper,facing=east,open=false]"
    },
    {
      "char": "N",
      "block": "embellishcraft:white_steel_door[hinge=right,half=upper,facing=east,open=false]"
    },
    {
      "char": "O",
      "block": "quark:iron_button[facing=east]"
    },
    {
      "char": "P",
      "block": "minecraft:iron_door[hinge=left,half=upper,facing=east,open=false]"
    },
    {
      "char": "Q",
      "block": "embellishcraft:white_pillow[waterlogged=false,part=head,facing=east,occupied=false]"
    },
    {
      "char": "R",
      "block": "quark:quartz_vertical_slab[waterlogged=false,type=west]"
    },
    {
      "char": "T",
      "block": "quark:smooth_stone_vertical_slab[waterlogged=false,type=east]"
    },
    {
      "char": "U",
      "block": "minecraft:quartz_stairs[waterlogged=false,half=bottom,shape=straight,facing=south]"
    },
    {
      "char": "V",
      "block": "minecraft:lantern[waterlogged=false,hanging=true]"
    },
    {
      "char": "W",
      "block": "minecraft:smooth_stone_slab[waterlogged=false,type=bottom]"
    },
    {
      "char": "X",
      "block": "simplylight:illuminant_panel[waterlogged=false,facing=down]"
    },
    {
      "char": "Y",
      "block": "minecraft:smooth_quartz"
    }
  ]
}