{
  "name": "multi_hospital_2_floor1_palette",
  "palette": [
    {
      "char": "a",
      "block": "cfm:gray_picket_fence[east=false,waterlogged=false,south=false,north=false,west=false]"
    },
    {
      "char": "b",
      "block": "create:framed_glass_pane[east=true,waterlogged=false,south=true,north=false,west=true]"
    },
    {
      "char": "c",
      "block": "create:horizontal_framed_glass_pane[east=false,waterlogged=false,south=true,north=false,west=true]"
    },
    {
      "char": "d",
      "block": "minecraft:polished_andesite"
    },
    {
      "char": "e",
      "block": "create:framed_glass_pane[east=false,waterlogged=false,south=true,north=true,west=true]"
    },
    {
      "char": "f",
      "block": "create:horizontal_framed_glass_pane[east=false,waterlogged=false,south=true,north=true,west=true]"
    },
    {
      "char": "g",
      "block": "minecraft:quartz_block"
    },
    {
      "char": "h",
      "block": "create:vertical_framed_glass_pane[east=true,waterlogged=false,south=false,north=false,west=true]"
    },
    {
      "char": "i",
      "block": "create:vertical_framed_glass_pane[east=false,waterlogged=false,south=true,north=false,west=true]"
    },
    {
      "char": "j",
      "block": "create:vertical_framed_glass_pane[east=false,waterlogged=false,south=true,north=true,west=false]"
    },
    {
      "char": "k",
      "block": "cfm:white_sofa[waterlogged=false,facing=east,type=left]"
    },
    {
      "char": "l",
      "block": "cfm:white_sofa[waterlogged=false,facing=east,type=middle]"
    },
    {
      "char": "m",
      "block": "cfm:white_sofa[waterlogged=false,facing=east,type=right]"
    },
    {
      "char": "n",
      "block": "quark:black_framed_glass_pane[east=true,waterlogged=false,south=false,north=false,west=false]"
    },
    {
      "char": "o",
      "block": "cfm:stone_table[east=false,waterlogged=false,south=true,north=false,west=false]"
    },
    {
      "char": "p",
      "block": "minecraft:oak_planks"
    },
    {
      "char": "q",
      "block": "minecraft:white_bed[part=head,facing=west,occupied=false]"
    },
    {
      "char": "r",
      "block": "minecraft:white_bed[part=foot,facing=west,occupied=false]"
    },
    {
      "char": "s",
      "block": "cfm:cyan_kitchen_drawer[facing=north,open=false]",
      "loot": "chestloot"
    },
    {
      "char": "t",
      "block": "quark:oak_vertical_slab[waterlogged=false,type=west]"
    },
    {
      "char": "u",
      "block": "quark:oak_vertical_slab[waterlogged=false,type=east]"
    },
    {
      "char": "w",
      "block": "minecraft:cauldron"
    },
    {
      "char": "x",
      "block": "minecraft:cyan_terracotta"
    },
    {
      "char": "y",
      "block": "minecraft:black_stained_glass_pane[east=false,waterlogged=false,south=false,north=true,west=true]"
    },
    {
      "char": "z",
      "block": "cfm:stone_table[east=false,waterlogged=false,south=false,north=true,west=false]"
    },
    {
      "char": "A",
      "block": "cfm:stone_coffee_table[east=false,waterlogged=false,south=false,north=false,west=false]"
    },
    {
      "char": "B",
      "block": "minecraft:white_bed[part=foot,facing=east,occupied=false]"
    },
    {
      "char": "C",
      "block": "minecraft:white_bed[part=head,facing=east,occupied=false]"
    },
    {
      "char": "D",
      "block": "cfm:oak_kitchen_sink_light[facing=west]"
    },
    {
      "char": "E",
      "block": "embellishcraft:oak_plain_door[hinge=left,half=lower,facing=west,open=false]"
    },
    {
      "char": "F",
      "block": "minecraft:black_stained_glass_pane[east=false,waterlogged=false,south=true,north=false,west=true]"
    },
    {
      "char": "I",
      "block": "quark:oak_vertical_slab[waterlogged=false,type=south]"
    },
    {
      "char": "J",
      "block": "embellishcraft:oak_plain_door[hinge=left,half=lower,facing=south,open=false]"
    },
    {
      "char": "K",
      "block": "embellishcraft:oak_plain_door[hinge=left,half=lower,facing=east,open=true]"
    },
    {
      "char": "L",
      "block": "quark:oak_vertical_slab[waterlogged=false,type=north]"
    },
    {
      "char": "M",
      "block": "embellishcraft:oak_plain_door[hinge=right,half=lower,facing=north,open=false]"
    },
    {
      "char": "N",
      "block": "quark:potted_peony"
    },
    {
      "char": "O",
      "block": "minecraft:smooth_quartz"
    },
    {
      "char": "P",
      "block": "quark:smooth_quartz_vertical_slab[waterlogged=false,type=west]"
    },
    {
      "char": "Q",
      "block": "minecraft:oak_button[face=wall,facing=south]"
    },
    {
      "char": "R",
      "block": "minecraft:iron_trapdoor[waterlogged=false,half=bottom,facing=south,open=false]"
    },
    {
      "char": "T",
      "block": "quark:smooth_quartz_vertical_slab[waterlogged=false,type=east]"
    },
    {
      "char": "U",
      "block": "quark:black_framed_glass_pane[east=false,waterlogged=false,south=true,north=true,west=false]"
    },
    {
      "char": "V",
      "block": "embellishcraft:oak_plain_door[hinge=left,half=upper,facing=west,open=false]"
    },
    {
      "char": "W",
      "block": "quark:smooth_quartz_vertical_slab[waterlogged=false,type=south]"
    },
    {
      "char": "X",
      "block": "embellishcraft:oak_plain_door[hinge=left,half=upper,facing=south,open=false]"
    },
    {
      "char": "Y",
      "block": "embellishcraft:oak_plain_door[hinge=left,half=upper,facing=east,open=true]"
    },
    {
      "char": "Z",
      "block": "quark:smooth_quartz_vertical_slab[waterlogged=false,type=north]"
    },
    {
      "char": "0",
      "block": "embellishcraft:oak_plain_door[hinge=right,half=upper,facing=north,open=false]"
    },
    {
      "char": "1",
      "block": "marbleds_arsenal:medicine_cabinet[facing=west]",
      "loot": "chestloot"
    },
    {
      "char": "2",
      "block": "create:horizontal_framed_glass_pane[east=true,waterlogged=false,south=false,north=false,west=true]"
    },
    {
      "char": "3",
      "block": "minecraft:chain[waterlogged=false,axis=y]"
    },
    {
      "char": "4",
      "block": "quark:black_framed_glass_pane[east=true,waterlogged=false,south=false,north=false,west=true]"
    },
    {
      "char": "5",
      "block": "minecraft:oak_slab[waterlogged=false,type=top]"
    }
  ]
}