{
  "name": "multi_cafe_1_ground_palette",
  "palette": [
    {
      "char": "a",
      "block": "minecraft:gray_terracotta"
    },
    {
      "char": "b",
      "block": "embellishcraft:polished_paving"
    },
    {
      "char": "c",
      "block": "minecraft:dirt"
    },
    {
      "char": "d",
      "block": "minecraft:polished_andesite"
    },
    {
      "char": "e",
      "block": "minecraft:stripped_dark_oak_log[axis=y]"
    },
    {
      "char": "f",
      "block": "minecraft:fern"
    },
    {
      "char": "g",
      "block": "embellishcraft:basalt_large_bricks_wall[east=tall,waterlogged=false,south=tall,north=tall,west=none,up=true]"
    },
    {
      "char": "h",
      "block": "minecraft:smooth_quartz"
    },
    {
      "char": "i",
      "block": "cfm:brown_kitchen_sink[facing=west]"
    },
    {
      "char": "j",
      "block": "cfm:brown_kitchen_counter[facing=west,type=default]"
    },
    {
      "char": "k",
      "block": "cfm:freezer_light[facing=west,open=false]"
    },
    {
      "char": "l",
      "block": "quark:quartz_vertical_slab[waterlogged=false,type=north]"
    },
    {
      "char": "m",
      "block": "embellishcraft:smooth_basalt"
    },
    {
      "char": "n",
      "block": "minecraft:bricks"
    },
    {
      "char": "o",
      "block": "cfm:freezer_light[facing=south,open=false]"
    },
    {
      "char": "p",
      "block": "quark:polished_diorite_vertical_slab[waterlogged=false,type=north]"
    },
    {
      "char": "q",
      "block": "minecraft:smooth_stone"
    },
    {
      "char": "r",
      "block": "embellishcraft:smooth_basalt_wall[east=none,waterlogged=false,south=none,north=none,west=none,up=true]"
    },
    {
      "char": "s",
      "block": "cfm:stripped_dark_oak_table[east=false,waterlogged=false,south=false,north=false,west=false]"
    },
    {
      "char": "t",
      "block": "create:dark_oak_window_pane[east=false,waterlogged=false,south=true,north=true,west=false]"
    },
    {
      "char": "u",
      "block": "quark:polished_diorite_vertical_slab[waterlogged=false,type=south]"
    },
    {
      "char": "w",
      "block": "quark:polished_diorite_vertical_slab[waterlogged=false,type=east]"
    },
    {
      "char": "x",
      "block": "quark:light_gray_stool[waterlogged=false]"
    },
    {
      "char": "y",
      "block": "embellishcraft:spruce_table[waterlogged=false,table_east=true,table_west=false,table_south=false,table_north=true]"
    },
    {
      "char": "z",
      "block": "cfm:light_gray_sofa[waterlogged=false,facing=west,type=single]"
    },
    {
      "char": "A",
      "block": "minecraft:quartz_stairs[waterlogged=false,half=top,shape=straight,facing=north]"
    },
    {
      "char": "B",
      "block": "embellishcraft:spruce_table[waterlogged=false,table_east=false,table_west=false,table_south=false,table_north=false]"
    },
    {
      "char": "C",
      "block": "minecraft:quartz_stairs[waterlogged=true,half=bottom,shape=inner_right,facing=north]"
    },
    {
      "char": "D",
      "block": "minecraft:quartz_stairs[waterlogged=true,half=bottom,shape=straight,facing=east]"
    },
    {
      "char": "E",
      "block": "embellishcraft:spruce_plain_door[hinge=right,half=lower,facing=south,open=false]"
    },
    {
      "char": "F",
      "block": "embellishcraft:spruce_plain_door[hinge=left,half=lower,facing=south,open=false]"
    },
    {
      "char": "I",
      "block": "cfm:spruce_kitchen_sink_light[facing=west]"
    },
    {
      "char": "J",
      "block": "embellishcraft:spruce_table[waterlogged=false,table_east=false,table_west=true,table_south=true,table_north=false]"
    },
    {
      "char": "K",
      "block": "create:dark_oak_window_pane[east=true,waterlogged=false,south=false,north=false,west=true]"
    },
    {
      "char": "L",
      "block": "minecraft:quartz_block"
    },
    {
      "char": "M",
      "block": "minecraft:dark_oak_door[hinge=right,half=lower,facing=south,open=false]"
    },
    {
      "char": "N",
      "block": "minecraft:dark_oak_door[hinge=left,half=lower,facing=south,open=false]"
    },
    {
      "char": "O",
      "block": "create:dark_oak_window_pane[east=false,waterlogged=false,south=false,north=true,west=true]"
    },
    {
      "char": "P",
      "block": "quark:spruce_vertical_slab[waterlogged=false,type=east]"
    },
    {
      "char": "Q",
      "block": "minecraft:dark_oak_leaves"
    },
    {
      "char": "R",
      "block": "quark:quartz_vertical_slab[waterlogged=false,type=east]"
    },
    {
      "char": "T",
      "block": "quark:quartz_vertical_slab[waterlogged=false,type=west]"
    },
    {
      "char": "U",
      "block": "embellishcraft:basalt_large_bricks_wall[east=none,waterlogged=false,south=none,north=tall,west=none,up=true]"
    },
    {
      "char": "V",
      "block": "minecraft:oxeye_daisy"
    },
    {
      "char": "W",
      "block": "minecraft:allium"
    },
    {
      "char": "X",
      "block": "minecraft:azure_bluet"
    },
    {
      "char": "Y",
      "block": "minecraft:cornflower"
    },
    {
      "char": "Z",
      "block": "minecraft:lily_of_the_valley"
    },
    {
      "char": "0",
      "block": "embellishcraft:basalt_large_bricks_wall[east=low,waterlogged=false,south=low,north=low,west=none,up=true]"
    },
    {
      "char": "1",
      "block": "embellishcraft:basalt_large_bricks_wall[east=tall,waterlogged=false,south=tall,north=low,west=none,up=true]"
    },
    {
      "char": "2",
      "block": "cfm:fridge_light[facing=west,open=false]",
      "loot": "chestloot"
    },
    {
      "char": "3",
      "block": "minecraft:flower_pot"
    },
    {
      "char": "4",
      "block": "cfm:fridge_light[facing=south,open=false]",
      "loot": "chestloot"
    },
    {
      "char": "5",
      "block": "cfm:gray_picket_fence[east=false,waterlogged=false,south=false,north=false,west=false]"
    },
    {
      "char": "6",
      "block": "minecraft:potted_dead_bush"
    },
    {
      "char": "7",
      "block": "embellishcraft:basalt_large_bricks_wall[east=tall,waterlogged=false,south=low,north=tall,west=none,up=true]"
    },
    {
      "char": "8",
      "block": "minecraft:iron_trapdoor[waterlogged=false,half=bottom,facing=south,open=false]"
    },
    {
      "char": "9",
      "block": "embellishcraft:spruce_plain_door[hinge=right,half=upper,facing=south,open=false]"
    },
    {
      "char": "@",
      "block": "embellishcraft:spruce_plain_door[hinge=left,half=upper,facing=south,open=false]"
    },
    {
      "char": "$",
      "block": "minecraft:white_stained_glass"
    },
    {
      "char": "%",
      "block": "minecraft:dark_oak_door[hinge=right,half=upper,facing=south,open=false]"
    },
    {
      "char": "&",
      "block": "minecraft:dark_oak_door[hinge=left,half=upper,facing=south,open=false]"
    },
    {
      "char": "*",
      "block": "minecraft:spruce_trapdoor[waterlogged=false,half=top,facing=east,open=false]"
    },
    {
      "char": "(",
      "block": "minecraft:quartz_slab[waterlogged=false,type=top]"
    },
    {
      "char": ")",
      "block": "embellishcraft:basalt_large_bricks_wall[east=tall,waterlogged=false,south=tall,north=none,west=none,up=true]"
    },
    {
      "char": "+",
      "block": "minecraft:quartz_stairs[waterlogged=false,half=top,shape=straight,facing=south]"
    },
    {
      "char": "-",
      "block": "embellishcraft:basalt_large_bricks_wall[east=tall,waterlogged=false,south=none,north=tall,west=none,up=true]"
    },
    {
      "char": "[",
      "block": "minecraft:quartz_stairs[waterlogged=false,half=top,shape=straight,facing=west]"
    },
    {
      "char": "]",
      "block": "minecraft:quartz_stairs[waterlogged=false,half=top,shape=straight,facing=east]"
    },
    {
      "char": "{",
      "block": "minecraft:brewing_stand"
    },
    {
      "char": "}",
      "block": "quark:smooth_quartz_vertical_slab[waterlogged=false,type=north]"
    },
    {
      "char": "\\",
      "block": "quark:smooth_quartz_vertical_slab[waterlogged=false,type=south]"
    },
    {
      "char": "|",
      "block": "quark:smooth_quartz_vertical_slab[waterlogged=false,type=east]"
    }
  ]
}