{
  "name": "multi_hospital_2_base1_palette",
  "palette": [
    {
      "char": "a",
      "block": "minecraft:dirt"
    },
    {
      "char": "b",
      "block": "minecraft:polished_andesite"
    },
    {
      "char": "c",
      "block": "embellishcraft:polished_marble"
    },
    {
      "char": "d",
      "block": "create:polished_cut_tuff"
    },
    {
      "char": "e",
      "block": "minecraft:lantern[waterlogged=false]"
    },
    {
      "char": "f",
      "block": "cfm:stripped_oak_table[waterlogged=false]"
    },
    {
      "char": "g",
      "block": "quark:stone_brick_vertical_slab[waterlogged=false,type=west]"
    },
    {
      "char": "h",
      "block": "quark:stone_brick_vertical_slab[waterlogged=false,type=south]"
    },
    {
      "char": "i",
      "block": "create:polished_cut_limestone_slab[waterlogged=false,type=top]"
    },
    {
      "char": "j",
      "block": "embellishcraft:polished_marble_slab[waterlogged=false,type=bottom]"
    },
    {
      "char": "k",
      "block": "minecraft:potted_dead_bush"
    },
    {
      "char": "l",
      "block": "embellishcraft:white_pillow[waterlogged=false,part=head,facing=east,occupied=false]"
    },
    {
      "char": "m",
      "block": "embellishcraft:polished_marble_slab[waterlogged=false,type=top]"
    },
    {
      "char": "n",
      "block": "minecraft:oak_slab[waterlogged=false,type=top]"
    },
    {
      "char": "o",
      "block": "minecraft:stone_brick_stairs[waterlogged=false,half=top,shape=straight,facing=north]"
    },
    {
      "char": "p",
      "block": "minecraft:smooth_stone_slab[waterlogged=false,type=top]"
    }
  ]
}