{
  "name": "multi_convenientstore_2_floor1_palette",
  "palette": [
    {
      "char": "a",
      "block": "quark:limestone_vertical_slab[waterlogged=false,type=west]"
    },
    {
      "char": "b",
      "block": "immersiveengineering:slab_sheetmetal_colored_light_blue[waterlogged=false,type=bottom]"
    },
    {
      "char": "c",
      "block": "embellishcraft:smooth_marble"
    },
    {
      "char": "d",
      "block": "immersiveengineering:slab_sheetmetal_colored_lime[waterlogged=false,type=bottom]"
    },
    {
      "char": "e",
      "block": "quark:limestone_slab[waterlogged=false,type=top]"
    },
    {
      "char": "f",
      "block": "quark:limestone_stairs[waterlogged=false,half=top,shape=straight,facing=east]"
    }
  ]
}