{
  "name": "multi_cafe_1_floor1_palette",
  "palette": [
    {
      "char": "a",
      "block": "embellishcraft:basalt_large_bricks_wall[waterlogged=false]"
    },
    {
      "char": "b",
      "block": "minecraft:smooth_quartz"
    },
    {
      "char": "c",
      "block": "create:dark_oak_window_pane[waterlogged=false]"
    },
    {
      "char": "d",
      "block": "minecraft:smooth_stone_slab[waterlogged=false,type=top]"
    },
    {
      "char": "e",
      "block": "embellishcraft:smooth_basalt"
    },
    {
      "char": "f",
      "block": "minecraft:bricks"
    },
    {
      "char": "g",
      "block": "minecraft:smooth_stone"
    },
    {
      "char": "h",
      "block": "simplylight:edge_light_top[waterlogged=false]"
    },
    {
      "char": "i",
      "block": "cfm:gray_picket_fence[waterlogged=false]"
    },
    {
      "char": "j",
      "block": "quark:spruce_vertical_slab[waterlogged=false,type=east]"
    },
    {
      "char": "k",
      "block": "quark:limestone_stairs[waterlogged=false,half=bottom,shape=straight,facing=north]"
    },
    {
      "char": "l",
      "block": "immersiveengineering:steel_scaffolding_standard[waterlogged=false]"
    },
    {
      "char": "m",
      "block": "quark:limestone_vertical_slab[waterlogged=false,type=south]"
    },
    {
      "char": "n",
      "block": "quark:limestone_slab[waterlogged=false,type=bottom]"
    },
    {
      "char": "o",
      "block": "embellishcraft:air_duct"
    },
    {
      "char": "p",
      "block": "minecraft:water_cauldron"
    },
    {
      "char": "q",
      "block": "minecraft:cobweb"
    },
    {
      "char": "r",
      "block": "quark:limestone_stairs[waterlogged=false,half=top,shape=straight,facing=south]"
    },
    {
      "char": "s",
      "block": "quark:limestone_vertical_slab[waterlogged=false,type=north]"
    },
    {
      "char": "t",
      "block": "quark:limestone_stairs[waterlogged=false,half=top,shape=straight,facing=north]"
    },
    {
      "char": "u",
      "block": "minecraft:cauldron"
    },
    {
      "char": "w",
      "block": "quark:limestone_slab[waterlogged=false,type=top]"
    },
    {
      "char": "x",
      "block": "minecraft:spruce_stairs[waterlogged=false,half=top,shape=straight,facing=west]"
    },
    {
      "char": "y",
      "block": "minecraft:spruce_slab[waterlogged=false,type=top]"
    },
    {
      "char": "z",
      "block": "embellishcraft:basalt_large_bricks_slab[waterlogged=false,type=top]"
    },
    {
      "char": "A",
      "block": "minecraft:quartz_slab[waterlogged=false,type=top]"
    },
    {
      "char": "B",
      "block": "minecraft:spruce_planks"
    },
    {
      "char": "C",
      "block": "embellishcraft:basalt_large_bricks"
    },
    {
      "char": "D",
      "block": "embellishcraft:basalt_large_bricks_slab[waterlogged=false,type=bottom]"
    },
    {
      "char": "E",
      "block": "embellishcraft:smooth_basalt_slab[waterlogged=false,type=bottom]"
    },
    {
      "char": "F",
      "block": "quark:black_framed_glass"
    }
  ]
}