{
  "name": "multi_hospital_1_ground_palette",
  "palette": [
    {
      "char": "a",
      "block": "quark:polished_limestone"
    },
    {
      "char": "b",
      "block": "minecraft:oak_planks"
    },
    {
      "char": "c",
      "block": "minecraft:smooth_stone"
    },
    {
      "char": "d",
      "block": "minecraft:polished_andesite"
    },
    {
      "char": "e",
      "block": "immersivepetroleum:asphalt_slab[waterlogged=false,type=bottom]"
    },
    {
      "char": "f",
      "block": "minecraft:oak_log[axis=y]"
    },
    {
      "char": "g",
      "block": "minecraft:cyan_terracotta"
    },
    {
      "char": "h",
      "block": "minecraft:stone_slab[waterlogged=true,type=bottom]"
    },
    {
      "char": "i",
      "block": "minecraft:fern"
    },
    {
      "char": "j",
      "block": "quark:polished_andesite_vertical_slab[waterlogged=false,type=west]"
    },
    {
      "char": "k",
      "block": "minecraft:stone_button[facing=west]"
    },
    {
      "char": "l",
      "block": "minecraft:coal_block"
    },
    {
      "char": "m",
      "block": "create:polished_cut_limestone_slab[waterlogged=false,type=top]"
    },
    {
      "char": "n",
      "block": "minecraft:stone_button[facing=east]"
    },
    {
      "char": "o",
      "block": "quark:stone_vertical_slab[waterlogged=false,type=west]"
    },
    {
      "char": "p",
      "block": "minecraft:oak_trapdoor[waterlogged=false,half=top,facing=east,open=false]"
    },
    {
      "char": "q",
      "block": "cfm:cyan_kitchen_counter[facing=west,type=default]"
    },
    {
      "char": "r",
      "block": "minecraft:iron_bars[waterlogged=false]"
    },
    {
      "char": "s",
      "block": "quark:stone_vertical_slab[waterlogged=false,type=south]"
    },
    {
      "char": "t",
      "block": "create:framed_glass"
    },
    {
      "char": "u",
      "block": "create:vertical_framed_glass_pane[waterlogged=false]"
    },
    {
      "char": "w",
      "block": "minecraft:oak_sapling"
    },
    {
      "char": "x",
      "block": "quark:limestone_wall[waterlogged=false]"
    },
    {
      "char": "y",
      "block": "minecraft:oak_leaves"
    },
    {
      "char": "z",
      "block": "minecraft:smooth_quartz_stairs[waterlogged=false,half=top,shape=straight,facing=east]"
    },
    {
      "char": "A",
      "block": "embellishcraft:light_gray_couch[left_end=true,waterlogged=false,shape=straight,right_end=true,facing=north]"
    },
    {
      "char": "B",
      "block": "minecraft:smooth_quartz_stairs[waterlogged=false,half=top,shape=straight,facing=west]"
    },
    {
      "char": "C",
      "block": "minecraft:smooth_quartz"
    },
    {
      "char": "D",
      "block": "simplylight:wall_lamp[waterlogged=false,facing=south]"
    },
    {
      "char": "E",
      "block": "embellishcraft:steel_wall_ladder[waterlogged=false,facing=south]"
    },
    {
      "char": "F",
      "block": "quark:black_framed_glass_pane[waterlogged=false]"
    },
    {
      "char": "I",
      "block": "create:horizontal_framed_glass"
    },
    {
      "char": "J",
      "block": "create:polished_cut_limestone_slab[waterlogged=false,type=bottom]"
    }
  ]
}