{
  "name": "multi_gallery_3_top_palette",
  "palette": [
    {
      "char": "a",
      "block": "embellishcraft:smooth_marble_slab[waterlogged=false,type=top]"
    },
    {
      "char": "b",
      "block": "minecraft:spruce_slab[waterlogged=false,type=top]"
    },
    {
      "char": "c",
      "block": "embellishcraft:smooth_marble"
    },
    {
      "char": "d",
      "block": "minecraft:spruce_planks"
    },
    {
      "char": "e",
      "block": "simplylight:illuminant_panel[waterlogged=false,facing=down]"
    },
    {
      "char": "f",
      "block": "embellishcraft:smooth_marble_slab[waterlogged=false,type=bottom]"
    }
  ]
}