{
  "name": "multi_gallery_1_ground_palette",
  "palette": [
    {
      "char": "a",
      "block": "minecraft:polished_andesite"
    },
    {
      "char": "b",
      "block": "minecraft:jungle_planks"
    },
    {
      "char": "c",
      "block": "minecraft:cyan_terracotta"
    },
    {
      "char": "d",
      "block": "embellishcraft:smooth_marble"
    },
    {
      "char": "e",
      "block": "embellishcraft:smooth_basalt"
    },
    {
      "char": "f",
      "block": "quark:andesite_bricks"
    },
    {
      "char": "g",
      "block": "minecraft:gray_glazed_terracotta[facing=south]"
    },
    {
      "char": "h",
      "block": "minecraft:polished_andesite_slab[waterlogged=false,type=top]"
    },
    {
      "char": "i",
      "block": "minecraft:gray_glazed_terracotta[facing=east]"
    },
    {
      "char": "j",
      "block": "quark:oak_hedge[waterlogged=false]"
    },
    {
      "char": "k",
      "block": "minecraft:oak_planks"
    },
    {
      "char": "l",
      "block": "create:dark_oak_window_pane[waterlogged=false]"
    },
    {
      "char": "m",
      "block": "cfm:oak_park_bench[waterlogged=false,facing=west,type=left]"
    },
    {
      "char": "n",
      "block": "minecraft:stone_brick_wall[waterlogged=false]"
    },
    {
      "char": "o",
      "block": "minecraft:smooth_stone_slab[waterlogged=false,type=bottom]"
    },
    {
      "char": "p",
      "block": "minecraft:red_tulip"
    },
    {
      "char": "q",
      "block": "embellishcraft:light_gray_couch[left_end=true,waterlogged=false,shape=straight,right_end=true,facing=west]"
    },
    {
      "char": "r",
      "block": "minecraft:orange_tulip"
    },
    {
      "char": "s",
      "block": "minecraft:fern"
    },
    {
      "char": "t",
      "block": "create:vertical_framed_glass"
    },
    {
      "char": "u",
      "block": "embellishcraft:smooth_basalt_wall[waterlogged=false]"
    },
    {
      "char": "w",
      "block": "create:vertical_framed_glass_pane[waterlogged=false]"
    },
    {
      "char": "x",
      "block": "minecraft:gray_glazed_terracotta[facing=west]"
    },
    {
      "char": "y",
      "block": "cfm:stripped_oak_coffee_table[waterlogged=false]"
    },
    {
      "char": "z",
      "block": "minecraft:gray_glazed_terracotta[facing=north]"
    },
    {
      "char": "A",
      "block": "embellishcraft:light_gray_couch[left_end=false,waterlogged=false,shape=straight,right_end=true,facing=west]"
    },
    {
      "char": "B",
      "block": "embellishcraft:light_gray_couch[left_end=true,waterlogged=false,shape=straight,right_end=false,facing=east]"
    },
    {
      "char": "C",
      "block": "embellishcraft:light_gray_couch[left_end=false,waterlogged=false,shape=straight,right_end=false,facing=west]"
    },
    {
      "char": "D",
      "block": "embellishcraft:light_gray_couch[left_end=false,waterlogged=false,shape=straight,right_end=false,facing=east]"
    },
    {
      "char": "E",
      "block": "embellishcraft:light_gray_couch[left_end=false,waterlogged=false,shape=inner_right,right_end=false,facing=south]"
    },
    {
      "char": "F",
      "block": "embellishcraft:light_gray_couch[left_end=false,waterlogged=false,shape=straight,right_end=false,facing=south]"
    },
    {
      "char": "I",
      "block": "embellishcraft:light_gray_couch[left_end=false,waterlogged=false,shape=inner_left,right_end=false,facing=south]"
    },
    {
      "char": "J",
      "block": "cfm:gray_picket_fence[waterlogged=false]"
    },
    {
      "char": "K",
      "block": "minecraft:oak_slab[waterlogged=false,type=top]"
    },
    {
      "char": "L",
      "block": "simplylight:lightbulb[waterlogged=false,facing=up]"
    },
    {
      "char": "M",
      "block": "minecraft:oak_slab[waterlogged=false,type=bottom]"
    },
    {
      "char": "N",
      "block": "minecraft:spruce_slab[waterlogged=false,type=bottom]"
    },
    {
      "char": "O",
      "block": "minecraft:spruce_stairs[waterlogged=false,half=bottom,shape=straight,facing=west]"
    },
    {
      "char": "P",
      "block": "minecraft:spruce_planks"
    },
    {
      "char": "Q",
      "block": "embellishcraft:smooth_marble_slab[waterlogged=false,type=top]"
    }
  ]
}