{
  "name": "multi_convenientstore_1_ground_palette",
  "palette": [
    {
      "char": "a",
      "block": "minecraft:smooth_stone"
    },
    {
      "char": "b",
      "block": "create:polished_cut_limestone"
    },
    {
      "char": "c",
      "block": "minecraft:oak_sapling"
    },
    {
      "char": "d",
      "block": "minecraft:smooth_stone_slab[waterlogged=false,type=bottom]"
    },
    {
      "char": "e",
      "block": "minecraft:fern"
    },
    {
      "char": "f",
      "block": "immersivepetroleum:asphalt_slab[waterlogged=false,type=bottom]"
    },
    {
      "char": "g",
      "block": "create:vertical_framed_glass_pane[waterlogged=false]"
    },
    {
      "char": "h",
      "block": "create:framed_glass"
    },
    {
      "char": "i",
      "block": "create:framed_glass_door[hinge=right,half=lower,facing=south,open=false]"
    },
    {
      "char": "j",
      "block": "cookingforblockheads:fridge[facing=east]",
      "loot": "chestloot"
    },
    {
      "char": "k",
      "block": "another_furniture:oak_shelf[waterlogged=false,facing=north,type=single]"
    },
    {
      "char": "l",
      "block": "embellishcraft:smooth_basalt"
    },
    {
      "char": "m",
      "block": "cfm:freezer_light[facing=west,open=false]"
    },
    {
      "char": "n",
      "block": "another_furniture:oak_shelf[waterlogged=false,facing=west,type=left]"
    },
    {
      "char": "o",
      "block": "another_furniture:oak_shelf[waterlogged=false,facing=east,type=right]"
    },
    {
      "char": "p",
      "block": "another_furniture:oak_shelf[waterlogged=false,facing=west,type=middle]"
    },
    {
      "char": "q",
      "block": "another_furniture:oak_shelf[waterlogged=false,facing=east,type=middle]"
    },
    {
      "char": "r",
      "block": "another_furniture:oak_shelf[waterlogged=false,facing=west,type=right]"
    },
    {
      "char": "s",
      "block": "another_furniture:oak_shelf[waterlogged=false,facing=east,type=left]"
    },
    {
      "char": "t",
      "block": "quark:smooth_quartz_vertical_slab[waterlogged=false,type=south]"
    },
    {
      "char": "u",
      "block": "another_furniture:oak_shelf[waterlogged=false,facing=south,type=single]"
    },
    {
      "char": "w",
      "block": "create:framed_glass_door[hinge=left,half=lower,facing=east,open=false]"
    },
    {
      "char": "x",
      "block": "create:framed_glass_door[hinge=right,half=lower,facing=east,open=false]"
    },
    {
      "char": "y",
      "block": "quark:smooth_quartz_vertical_slab[waterlogged=false,type=north]"
    },
    {
      "char": "z",
      "block": "minecraft:packed_ice"
    },
    {
      "char": "A",
      "block": "immersiveengineering:steel_slope[waterlogged=false,facing=south]"
    },
    {
      "char": "B",
      "block": "embellishcraft:smooth_marble"
    },
    {
      "char": "C",
      "block": "embellishcraft:air_duct"
    },
    {
      "char": "D",
      "block": "embellishcraft:grid_air_duct[facing=south]"
    },
    {
      "char": "E",
      "block": "create:framed_glass_door[hinge=right,half=upper,facing=south,open=false]"
    },
    {
      "char": "F",
      "block": "cookingforblockheads:fruit_basket[facing=west]"
    },
    {
      "char": "I",
      "block": "cfm:fridge_light[facing=west,open=false]",
      "loot": "chestloot"
    },
    {
      "char": "J",
      "block": "cookingforblockheads:fruit_basket[facing=east]"
    },
    {
      "char": "K",
      "block": "create:framed_glass_door[hinge=left,half=upper,facing=east,open=false]"
    },
    {
      "char": "L",
      "block": "create:framed_glass_door[hinge=right,half=upper,facing=east,open=false]"
    },
    {
      "char": "M",
      "block": "minecraft:iron_trapdoor[waterlogged=false,half=bottom,facing=north,open=false]"
    },
    {
      "char": "N",
      "block": "create:polished_cut_limestone_slab[waterlogged=false,type=bottom]"
    },
    {
      "char": "O",
      "block": "minecraft:smooth_quartz_stairs[waterlogged=false,half=top,shape=straight,facing=north]"
    },
    {
      "char": "P",
      "block": "minecraft:smooth_quartz_slab[waterlogged=false,type=top]"
    },
    {
      "char": "Q",
      "block": "minecraft:smooth_quartz_stairs[waterlogged=false,half=top,shape=straight,facing=south]"
    },
    {
      "char": "R",
      "block": "quark:limestone_slab[waterlogged=false,type=top]"
    },
    {
      "char": "T",
      "block": "simplylight:edge_light_top[waterlogged=false]"
    },
    {
      "char": "U",
      "block": "embellishcraft:vent_air_duct[facing=down]"
    }
  ]
}