{
  "name": "multi_flatapartment_2_top_palette",
  "palette": [
    {
      "char": "a",
      "block": "minecraft:smooth_stone_slab[waterlogged=false,type=double]"
    },
    {
      "char": "b",
      "block": "minecraft:smooth_stone_slab[waterlogged=false,type=top]"
    },
    {
      "char": "c",
      "block": "embellishcraft:polished_marble_wall[east=low,waterlogged=false,south=low,north=none,west=low,up=true]"
    },
    {
      "char": "d",
      "block": "embellishcraft:smooth_marble_wall[east=low,waterlogged=false,south=none,north=none,west=low,up=false]"
    },
    {
      "char": "e",
      "block": "embellishcraft:smooth_marble_wall[east=none,waterlogged=false,south=low,north=none,west=low,up=true]"
    },
    {
      "char": "f",
      "block": "embellishcraft:polished_marble_wall[east=none,waterlogged=false,south=none,north=low,west=none,up=true]"
    },
    {
      "char": "g",
      "block": "embellishcraft:smooth_marble_wall[east=none,waterlogged=false,south=low,north=low,west=none,up=false]"
    },
    {
      "char": "h",
      "block": "minecraft:cobweb"
    },
    {
      "char": "i",
      "block": "embellishcraft:polished_marble_wall[east=low,waterlogged=false,south=none,north=none,west=none,up=true]"
    },
    {
      "char": "j",
      "block": "embellishcraft:polished_marble_wall[east=none,waterlogged=false,south=low,north=low,west=low,up=true]"
    },
    {
      "char": "k",
      "block": "immersiveengineering:treated_fence[east=false,waterlogged=false,south=false,north=false,west=false]"
    },
    {
      "char": "l",
      "block": "immersiveengineering:sheetmetal_iron"
    },
    {
      "char": "m",
      "block": "embellishcraft:polished_marble_wall[east=none,waterlogged=false,south=low,north=none,west=none,up=true]"
    },
    {
      "char": "n",
      "block": "embellishcraft:polished_marble_wall[east=low,waterlogged=false,south=none,north=low,west=low,up=true]"
    },
    {
      "char": "o",
      "block": "embellishcraft:smooth_marble_wall[east=none,waterlogged=false,south=none,north=low,west=low,up=true]"
    }
  ]
}