{
  "name": "multi_hospital_1_floor1_palette",
  "palette": [
    {
      "char": "a",
      "block": "quark:black_framed_glass_pane[east=false,waterlogged=false,south=true,north=true,west=false]"
    },
    {
      "char": "b",
      "block": "minecraft:smooth_stone"
    },
    {
      "char": "c",
      "block": "minecraft:polished_andesite"
    },
    {
      "char": "d",
      "block": "simplylight:illuminant_block_on"
    },
    {
      "char": "e",
      "block": "quark:quartz_vertical_slab[waterlogged=false,type=west]"
    },
    {
      "char": "f",
      "block": "minecraft:quartz_block"
    },
    {
      "char": "g",
      "block": "quark:polished_limestone_slab[waterlogged=false,type=top]"
    },
    {
      "char": "h",
      "block": "quark:polished_andesite_vertical_slab[waterlogged=false,type=west]"
    },
    {
      "char": "i",
      "block": "minecraft:chain[waterlogged=false,axis=y]"
    },
    {
      "char": "j",
      "block": "simplylight:illuminant_block"
    },
    {
      "char": "k",
      "block": "quark:smooth_quartz_vertical_slab[waterlogged=false,type=east]"
    },
    {
      "char": "l",
      "block": "cfm:cyan_kitchen_drawer[facing=south,open=false]",
      "loot": "chestloot"
    },
    {
      "char": "m",
      "block": "quark:polished_andesite_vertical_slab[waterlogged=false,type=south]"
    },
    {
      "char": "n",
      "block": "minecraft:cyan_terracotta"
    },
    {
      "char": "o",
      "block": "minecraft:iron_door[hinge=left,half=lower,facing=north,open=false]"
    },
    {
      "char": "p",
      "block": "cfm:freezer_light[facing=west,open=false]"
    },
    {
      "char": "q",
      "block": "quark:stone_vertical_slab[waterlogged=false,type=east]"
    },
    {
      "char": "r",
      "block": "cfm:oak_kitchen_sink_light[facing=west]"
    },
    {
      "char": "s",
      "block": "minecraft:crafting_table"
    },
    {
      "char": "t",
      "block": "minecraft:iron_door[hinge=right,half=lower,facing=east,open=false]"
    },
    {
      "char": "u",
      "block": "minecraft:light_gray_bed[part=head,facing=west,occupied=false]"
    },
    {
      "char": "w",
      "block": "minecraft:light_gray_bed[part=foot,facing=west,occupied=false]"
    },
    {
      "char": "x",
      "block": "quark:oak_vertical_slab[waterlogged=false,type=south]"
    },
    {
      "char": "y",
      "block": "embellishcraft:light_gray_couch[waterlogged=false,shape=straight,facing=east]"
    },
    {
      "char": "z",
      "block": "cfm:cyan_kitchen_counter[facing=north,type=default]"
    },
    {
      "char": "A",
      "block": "minecraft:iron_door[hinge=left,half=lower,facing=east,open=false]"
    },
    {
      "char": "B",
      "block": "cfm:cyan_kitchen_counter[facing=south,type=default]"
    },
    {
      "char": "C",
      "block": "embellishcraft:light_gray_couch[waterlogged=false,shape=straight,facing=south]"
    },
    {
      "char": "D",
      "block": "minecraft:bookshelf"
    },
    {
      "char": "E",
      "block": "create:vertical_framed_glass_pane[east=true,waterlogged=false,south=false,north=false,west=true]"
    },
    {
      "char": "F",
      "block": "minecraft:iron_door[hinge=left,half=upper,facing=north,open=false]"
    },
    {
      "char": "I",
      "block": "cfm:fridge_light[facing=west,open=false]",
      "loot": "chestloot"
    },
    {
      "char": "J",
      "block": "marbleds_arsenal:medicine_cabinet[facing=west]",
      "loot": "chestloot"
    },
    {
      "char": "K",
      "block": "minecraft:iron_door[hinge=right,half=upper,facing=east,open=false]"
    },
    {
      "char": "L",
      "block": "create:horizontal_framed_glass_pane[east=true,waterlogged=false,south=false,north=false,west=true]"
    },
    {
      "char": "M",
      "block": "quark:potted_sunflower"
    },
    {
      "char": "N",
      "block": "minecraft:iron_door[hinge=left,half=upper,facing=east,open=false]"
    },
    {
      "char": "O",
      "block": "minecraft:heavy_weighted_pressure_plate"
    },
    {
      "char": "P",
      "block": "minecraft:potted_cactus"
    },
    {
      "char": "Q",
      "block": "create:horizontal_framed_glass_pane[east=false,waterlogged=false,south=true,north=true,west=false]"
    },
    {
      "char": "R",
      "block": "minecraft:redstone_torch[lit=true]"
    },
    {
      "char": "T",
      "block": "minecraft:red_stained_glass_pane[east=true,waterlogged=false,south=false,north=false,west=true]"
    },
    {
      "char": "U",
      "block": "minecraft:smooth_stone_slab[waterlogged=false,type=bottom]"
    },
    {
      "char": "V",
      "block": "minecraft:smooth_quartz"
    }
  ]
}