{
  "name": "multi_hospital_3_top_palette",
  "palette": [
    {
      "char": "a",
      "block": "minecraft:polished_andesite"
    },
    {
      "char": "b",
      "block": "minecraft:quartz_block"
    },
    {
      "char": "c",
      "block": "minecraft:smooth_stone"
    },
    {
      "char": "d",
      "block": "minecraft:smooth_stone_slab[waterlogged=false,type=bottom]"
    },
    {
      "char": "e",
      "block": "minecraft:smooth_sandstone_stairs[waterlogged=false,half=bottom,shape=outer_left,facing=east]"
    },
    {
      "char": "f",
      "block": "minecraft:smooth_sandstone_stairs[waterlogged=false,half=bottom,shape=straight,facing=north]"
    },
    {
      "char": "g",
      "block": "minecraft:smooth_sandstone_stairs[waterlogged=false,half=bottom,shape=outer_right,facing=west]"
    },
    {
      "char": "h",
      "block": "embellishcraft:air_duct"
    },
    {
      "char": "i",
      "block": "embellishcraft:vent_air_duct[facing=north]"
    },
    {
      "char": "j",
      "block": "quark:quartz_vertical_slab[waterlogged=false,type=east]"
    },
    {
      "char": "k",
      "block": "create:vertical_framed_glass_pane[waterlogged=false]"
    },
    {
      "char": "l",
      "block": "cfm:gray_picket_fence[waterlogged=false]"
    },
    {
      "char": "m",
      "block": "embellishcraft:smooth_basalt"
    },
    {
      "char": "n",
      "block": "minecraft:stone_slab[waterlogged=false,type=bottom]"
    },
    {
      "char": "o",
      "block": "embellishcraft:smooth_basalt_slab[waterlogged=false,type=bottom]"
    }
  ]
}