{
  "name": "multi_convenientstore_3_ground_palette",
  "palette": [
    {
      "char": "a",
      "block": "minecraft:smooth_stone"
    },
    {
      "char": "b",
      "block": "create:polished_cut_limestone"
    },
    {
      "char": "c",
      "block": "immersivepetroleum:asphalt_slab[waterlogged=false,type=bottom]"
    },
    {
      "char": "d",
      "block": "car:guard_rail[east=true,waterlogged=false,south=false,north=false,west=false]"
    },
    {
      "char": "e",
      "block": "create:framed_glass_door[hinge=left,half=lower,facing=south,open=false]"
    },
    {
      "char": "f",
      "block": "create:framed_glass"
    },
    {
      "char": "g",
      "block": "create:vertical_framed_glass_pane[east=true,waterlogged=false,south=true,north=false,west=true]"
    },
    {
      "char": "h",
      "block": "embellishcraft:smooth_basalt"
    },
    {
      "char": "i",
      "block": "embellishcraft:smooth_marble"
    },
    {
      "char": "j",
      "block": "immersiveengineering:steel_slope[waterlogged=false,facing=north]"
    },
    {
      "char": "k",
      "block": "quark:oak_vertical_slab[waterlogged=false,type=west]"
    },
    {
      "char": "l",
      "block": "minecraft:crafting_table"
    },
    {
      "char": "m",
      "block": "minecraft:note_block"
    },
    {
      "char": "n",
      "block": "immersiveengineering:slab_sheetmetal_colored_light_blue[waterlogged=false,type=top]"
    },
    {
      "char": "o",
      "block": "cfm:lime_kitchen_counter[facing=east,type=left_corner_inverted]"
    },
    {
      "char": "p",
      "block": "cfm:lime_kitchen_counter[facing=south,type=default]"
    },
    {
      "char": "q",
      "block": "cfm:stone_chair[waterlogged=false,facing=west]"
    },
    {
      "char": "r",
      "block": "cfm:lime_kitchen_counter[facing=east,type=default]"
    },
    {
      "char": "s",
      "block": "minecraft:iron_door[hinge=left,half=lower,facing=west,open=false]"
    },
    {
      "char": "t",
      "block": "quark:limestone_vertical_slab[waterlogged=false,type=west]"
    },
    {
      "char": "u",
      "block": "cookingforblockheads:oven[facing=east]"
    },
    {
      "char": "w",
      "block": "quark:oak_vertical_slab[waterlogged=false,type=double]"
    },
    {
      "char": "x",
      "block": "quark:oak_vertical_slab[waterlogged=false,type=south]"
    },
    {
      "char": "y",
      "block": "minecraft:iron_door[hinge=right,half=lower,facing=south,open=false]"
    },
    {
      "char": "z",
      "block": "minecraft:oak_planks"
    },
    {
      "char": "A",
      "block": "immersiveengineering:slab_sheetmetal_steel[waterlogged=false,type=top]"
    },
    {
      "char": "B",
      "block": "minecraft:barrel[facing=south,open=false]"
    },
    {
      "char": "C",
      "block": "minecraft:smooth_quartz"
    },
    {
      "char": "D",
      "block": "minecraft:redstone_torch"
    },
    {
      "char": "E",
      "block": "quark:smooth_quartz_vertical_slab[waterlogged=false,type=east]"
    },
    {
      "char": "F",
      "block": "minecraft:quartz_stairs[waterlogged=false,half=top,shape=straight,facing=north]"
    },
    {
      "char": "I",
      "block": "embellishcraft:oak_plain_door[hinge=right,half=lower,facing=east,open=false]"
    },
    {
      "char": "J",
      "block": "cookingforblockheads:counter[facing=north]"
    },
    {
      "char": "K",
      "block": "cookingforblockheads:sink[facing=north]"
    },
    {
      "char": "L",
      "block": "cfm:oak_kitchen_sink_light[facing=south]"
    },
    {
      "char": "M",
      "block": "minecraft:cobweb"
    },
    {
      "char": "N",
      "block": "embellishcraft:grid_air_duct[facing=south]"
    },
    {
      "char": "O",
      "block": "create:framed_glass_door[hinge=left,half=upper,facing=south,open=false]"
    },
    {
      "char": "P",
      "block": "create:vertical_framed_glass_pane[east=true,waterlogged=false,south=false,north=false,west=true]"
    },
    {
      "char": "Q",
      "block": "create:vertical_framed_glass_pane[east=false,waterlogged=false,south=true,north=true,west=false]"
    },
    {
      "char": "R",
      "block": "embellishcraft:smooth_marble_stairs[waterlogged=false,half=bottom,shape=straight,facing=north]"
    },
    {
      "char": "T",
      "block": "minecraft:heavy_weighted_pressure_plate"
    },
    {
      "char": "U",
      "block": "cookingforblockheads:toaster[facing=north]"
    },
    {
      "char": "V",
      "block": "minecraft:brewing_stand"
    },
    {
      "char": "W",
      "block": "minecraft:iron_door[hinge=left,half=upper,facing=west,open=false]"
    },
    {
      "char": "X",
      "block": "minecraft:stone_button[facing=north]"
    },
    {
      "char": "Y",
      "block": "create:framed_glass_door[hinge=left,half=lower,facing=north,open=false]"
    },
    {
      "char": "Z",
      "block": "minecraft:stone_button[facing=west]"
    },
    {
      "char": "0",
      "block": "minecraft:iron_door[hinge=right,half=upper,facing=south,open=false]"
    },
    {
      "char": "1",
      "block": "minecraft:bookshelf"
    },
    {
      "char": "2",
      "block": "another_furniture:oak_shelf[waterlogged=false,facing=north,type=single]"
    },
    {
      "char": "3",
      "block": "another_furniture:white_lamp[waterlogged=false,facing=up]"
    },
    {
      "char": "4",
      "block": "quark:smooth_stone_vertical_slab[waterlogged=false,type=east]"
    },
    {
      "char": "5",
      "block": "minecraft:iron_trapdoor[waterlogged=false,half=bottom,facing=south,open=true]"
    },
    {
      "char": "6",
      "block": "embellishcraft:oak_plain_door[hinge=right,half=upper,facing=east,open=false]"
    },
    {
      "char": "7",
      "block": "embellishcraft:air_duct"
    },
    {
      "char": "8",
      "block": "create:framed_glass_door[hinge=left,half=upper,facing=north,open=false]"
    },
    {
      "char": "9",
      "block": "cookingforblockheads:fruit_basket[facing=north]"
    },
    {
      "char": "@",
      "block": "minecraft:oak_stairs[waterlogged=false,half=top,shape=straight,facing=south]"
    },
    {
      "char": "%",
      "block": "cookingforblockheads:cabinet[facing=north]"
    },
    {
      "char": "&",
      "block": "embellishcraft:vent_air_duct[facing=south]"
    },
    {
      "char": "*",
      "block": "immersiveengineering:slab_sheetmetal_colored_lime[waterlogged=false,type=bottom]"
    },
    {
      "char": "(",
      "block": "quark:limestone_slab[waterlogged=false,type=top]"
    },
    {
      "char": ")",
      "block": "quark:limestone_stairs[waterlogged=false,half=top,shape=straight,facing=east]"
    },
    {
      "char": "+",
      "block": "simplylight:edge_light_top[east=false,waterlogged=false,south=false,north=false,west=false]"
    },
    {
      "char": "-",
      "block": "embellishcraft:vent_air_duct[facing=down]"
    }
  ]
}