{
  "name": "multi_hospital_1_top_palette",
  "palette": [
    {
      "char": "a",
      "block": "quark:quartz_vertical_slab[waterlogged=false,type=west]"
    },
    {
      "char": "b",
      "block": "minecraft:quartz_block"
    },
    {
      "char": "c",
      "block": "minecraft:polished_andesite"
    },
    {
      "char": "d",
      "block": "minecraft:smooth_stone_slab[waterlogged=false,type=bottom]"
    },
    {
      "char": "e",
      "block": "embellishcraft:smooth_basalt"
    },
    {
      "char": "f",
      "block": "create:polished_cut_limestone_slab[waterlogged=false,type=top]"
    },
    {
      "char": "g",
      "block": "create:vertical_framed_glass_pane[east=true,waterlogged=false,south=false,north=false,west=true]"
    },
    {
      "char": "h",
      "block": "cfm:gray_picket_fence[east=false,waterlogged=false,south=false,north=true,west=false]"
    },
    {
      "char": "i",
      "block": "create:horizontal_framed_glass_pane[east=false,waterlogged=false,south=true,north=true,west=false]"
    },
    {
      "char": "j",
      "block": "embellishcraft:white_pillow[waterlogged=false,part=head,facing=west,occupied=false]"
    },
    {
      "char": "k",
      "block": "minecraft:stone_slab[waterlogged=false,type=bottom]"
    },
    {
      "char": "l",
      "block": "embellishcraft:smooth_basalt_slab[waterlogged=false,type=bottom]"
    }
  ]
}