{
  "name": "multi_gallery_1_base1_palette",
  "palette": [
    {
      "char": "a",
      "block": "minecraft:dirt"
    },
    {
      "char": "b",
      "block": "embellishcraft:gneiss_bricks"
    },
    {
      "char": "c",
      "block": "minecraft:polished_andesite"
    },
    {
      "char": "d",
      "block": "minecraft:cyan_terracotta"
    },
    {
      "char": "e",
      "block": "embellishcraft:smooth_marble"
    },
    {
      "char": "f",
      "block": "minecraft:coarse_dirt"
    },
    {
      "char": "g",
      "block": "minecraft:podzol"
    },
    {
      "char": "h",
      "block": "minecraft:white_concrete"
    },
    {
      "char": "i",
      "block": "embellishcraft:smooth_basalt"
    },
    {
      "char": "j",
      "block": "minecraft:iron_bars[waterlogged=false]"
    },
    {
      "char": "k",
      "block": "minecraft:gray_glazed_terracotta[facing=west]"
    },
    {
      "char": "l",
      "block": "minecraft:green_carpet"
    },
    {
      "char": "m",
      "block": "minecraft:light_gray_carpet"
    },
    {
      "char": "n",
      "block": "minecraft:gray_glazed_terracotta[facing=south]"
    },
    {
      "char": "o",
      "block": "minecraft:gray_glazed_terracotta[facing=north]"
    },
    {
      "char": "p",
      "block": "embellishcraft:light_gray_couch[left_end=false,waterlogged=false,shape=straight,right_end=true,facing=west]"
    },
    {
      "char": "q",
      "block": "minecraft:gray_carpet"
    },
    {
      "char": "r",
      "block": "embellishcraft:light_gray_couch[left_end=true,waterlogged=false,shape=straight,right_end=false,facing=east]"
    },
    {
      "char": "s",
      "block": "minecraft:gray_glazed_terracotta[facing=east]"
    },
    {
      "char": "t",
      "block": "embellishcraft:light_gray_couch[left_end=true,waterlogged=false,shape=straight,right_end=false,facing=west]"
    },
    {
      "char": "u",
      "block": "embellishcraft:light_gray_couch[left_end=false,waterlogged=false,shape=straight,right_end=true,facing=east]"
    },
    {
      "char": "w",
      "block": "quark:oak_hedge[waterlogged=false]"
    },
    {
      "char": "x",
      "block": "minecraft:polished_andesite_slab[waterlogged=false,type=top]"
    },
    {
      "char": "y",
      "block": "create:framed_glass"
    },
    {
      "char": "z",
      "block": "quark:nether_brick_chest[waterlogged=false,facing=west,type=single]"
    },
    {
      "char": "A",
      "block": "create:vertical_framed_glass"
    },
    {
      "char": "B",
      "block": "minecraft:potted_dead_bush"
    },
    {
      "char": "C",
      "block": "minecraft:brewing_stand"
    },
    {
      "char": "D",
      "block": "simplylight:illuminant_block_on"
    }
  ]
}