{
  "name": "multi_hospital_3_base2_palette",
  "palette": [
    {
      "char": "a",
      "block": "minecraft:smooth_stone"
    },
    {
      "char": "b",
      "block": "minecraft:cyan_terracotta"
    },
    {
      "char": "c",
      "block": "minecraft:dirt"
    },
    {
      "char": "d",
      "block": "minecraft:quartz_block"
    },
    {
      "char": "e",
      "block": "minecraft:soul_sand"
    },
    {
      "char": "f",
      "block": "create:framed_glass"
    },
    {
      "char": "g",
      "block": "minecraft:brown_mushroom"
    },
    {
      "char": "h",
      "block": "minecraft:nether_wart"
    },
    {
      "char": "i",
      "block": "quark:blaze_lantern"
    },
    {
      "char": "j",
      "block": "quark:polished_limestone_slab[waterlogged=false,type=top]"
    }
  ]
}