{
  "name": "multi_gallery_1_floor1_palette",
  "palette": [
    {
      "char": "a",
      "block": "minecraft:oak_planks"
    },
    {
      "char": "b",
      "block": "create:dark_oak_window_pane[east=false,waterlogged=false,south=true,north=true,west=false]"
    },
    {
      "char": "c",
      "block": "minecraft:shulker_box[facing=up]"
    },
    {
      "char": "d",
      "block": "minecraft:daylight_detector"
    },
    {
      "char": "e",
      "block": "embellishcraft:smooth_marble"
    },
    {
      "char": "f",
      "block": "create:vertical_framed_glass_pane[east=true,waterlogged=false,south=false,north=false,west=true]"
    },
    {
      "char": "g",
      "block": "embellishcraft:smooth_basalt_wall[east=none,waterlogged=false,south=none,north=tall,west=tall]"
    },
    {
      "char": "h",
      "block": "embellishcraft:smooth_basalt_wall[east=none,waterlogged=false,south=tall,north=tall,west=none]"
    },
    {
      "char": "i",
      "block": "minecraft:green_carpet"
    },
    {
      "char": "j",
      "block": "minecraft:gray_carpet"
    },
    {
      "char": "k",
      "block": "minecraft:light_gray_carpet"
    },
    {
      "char": "l",
      "block": "create:framed_glass"
    },
    {
      "char": "m",
      "block": "quark:oak_hedge[east=true,waterlogged=false,south=false,north=false,west=false]"
    },
    {
      "char": "n",
      "block": "quark:oak_hedge[east=true,waterlogged=false,south=false,north=false,west=true]"
    },
    {
      "char": "o",
      "block": "create:vertical_framed_glass"
    },
    {
      "char": "p",
      "block": "cfm:stripped_oak_park_bench[waterlogged=false,facing=south,type=right]"
    },
    {
      "char": "q",
      "block": "cfm:stripped_oak_park_bench[waterlogged=false,facing=south,type=left]"
    },
    {
      "char": "r",
      "block": "quark:stripped_oak_post[waterlogged=false,chain_west=false,chain_east=false,chain_north=false,chain_south=false,axis=y]"
    },
    {
      "char": "s",
      "block": "embellishcraft:white_steel_door[hinge=left,half=lower,facing=east,open=false]"
    },
    {
      "char": "t",
      "block": "embellishcraft:white_steel_door[hinge=right,half=lower,facing=east,open=false]"
    },
    {
      "char": "u",
      "block": "embellishcraft:smooth_basalt_wall[east=low,waterlogged=false,south=none,north=none,west=none]"
    },
    {
      "char": "w",
      "block": "quark:framed_glass_pane[east=true,waterlogged=false,south=false,north=false,west=true]"
    },
    {
      "char": "x",
      "block": "cfm:stripped_oak_park_bench[waterlogged=false,facing=north,type=left]"
    },
    {
      "char": "y",
      "block": "cfm:stripped_oak_park_bench[waterlogged=false,facing=north,type=right]"
    },
    {
      "char": "z",
      "block": "quark:oak_hedge[east=false,waterlogged=false,south=false,north=false,west=true]"
    },
    {
      "char": "A",
      "block": "minecraft:oak_pressure_plate"
    },
    {
      "char": "B",
      "block": "embellishcraft:white_steel_door[hinge=left,half=upper,facing=east,open=false]"
    },
    {
      "char": "C",
      "block": "embellishcraft:white_steel_door[hinge=right,half=upper,facing=east,open=false]"
    },
    {
      "char": "D",
      "block": "embellishcraft:smooth_basalt_wall[east=none,waterlogged=false,south=none,north=none,west=none]"
    },
    {
      "char": "E",
      "block": "minecraft:oak_slab[waterlogged=false,type=top]"
    },
    {
      "char": "F",
      "block": "minecraft:soul_lantern[waterlogged=false,hanging=true]"
    },
    {
      "char": "I",
      "block": "minecraft:oak_slab[waterlogged=false,type=bottom]"
    },
    {
      "char": "J",
      "block": "minecraft:chain[waterlogged=false,axis=y]"
    },
    {
      "char": "K",
      "block": "embellishcraft:smooth_basalt_wall[east=tall,waterlogged=false,south=none,north=tall,west=tall]"
    },
    {
      "char": "L",
      "block": "minecraft:iron_bars[east=true,waterlogged=false,south=false,north=false,west=true]"
    },
    {
      "char": "M",
      "block": "embellishcraft:smooth_basalt_wall[east=none,waterlogged=false,south=tall,north=tall,west=tall]"
    },
    {
      "char": "N",
      "block": "embellishcraft:smooth_marble_slab[waterlogged=false,type=top]"
    },
    {
      "char": "O",
      "block": "embellishcraft:smooth_basalt"
    },
    {
      "char": "P",
      "block": "minecraft:spruce_slab[waterlogged=false,type=top]"
    },
    {
      "char": "Q",
      "block": "cfm:gray_picket_fence[east=false,waterlogged=false,south=false,north=false,west=false]"
    }
  ]
}