{
  "name": "multi_gallery_1_floor1_palette",
  "palette": [
    {
      "char": "a",
      "block": "minecraft:oak_planks"
    },
    {
      "char": "b",
      "block": "create:dark_oak_window_pane[waterlogged=false]"
    },
    {
      "char": "c",
      "block": "minecraft:shulker_box[facing=up]"
    },
    {
      "char": "d",
      "block": "minecraft:daylight_detector"
    },
    {
      "char": "e",
      "block": "embellishcraft:smooth_marble"
    },
    {
      "char": "f",
      "block": "create:vertical_framed_glass_pane[waterlogged=false]"
    },
    {
      "char": "g",
      "block": "embellishcraft:smooth_basalt_wall[waterlogged=false]"
    },
    {
      "char": "h",
      "block": "minecraft:green_carpet"
    },
    {
      "char": "i",
      "block": "minecraft:gray_carpet"
    },
    {
      "char": "j",
      "block": "minecraft:light_gray_carpet"
    },
    {
      "char": "k",
      "block": "create:framed_glass"
    },
    {
      "char": "l",
      "block": "quark:oak_hedge[waterlogged=false]"
    },
    {
      "char": "m",
      "block": "create:vertical_framed_glass"
    },
    {
      "char": "n",
      "block": "cfm:stripped_oak_park_bench[waterlogged=false,facing=south,type=right]"
    },
    {
      "char": "o",
      "block": "cfm:stripped_oak_park_bench[waterlogged=false,facing=south,type=left]"
    },
    {
      "char": "p",
      "block": "quark:stripped_oak_post[waterlogged=false,axis=y]"
    },
    {
      "char": "q",
      "block": "embellishcraft:white_steel_door[hinge=left,half=lower,facing=east,open=false]"
    },
    {
      "char": "r",
      "block": "embellishcraft:white_steel_door[hinge=right,half=lower,facing=east,open=false]"
    },
    {
      "char": "s",
      "block": "quark:framed_glass_pane[waterlogged=false]"
    },
    {
      "char": "t",
      "block": "cfm:stripped_oak_park_bench[waterlogged=false,facing=north,type=left]"
    },
    {
      "char": "u",
      "block": "cfm:stripped_oak_park_bench[waterlogged=false,facing=north,type=right]"
    },
    {
      "char": "w",
      "block": "minecraft:oak_pressure_plate"
    },
    {
      "char": "x",
      "block": "embellishcraft:white_steel_door[hinge=left,half=upper,facing=east,open=false]"
    },
    {
      "char": "y",
      "block": "embellishcraft:white_steel_door[hinge=right,half=upper,facing=east,open=false]"
    },
    {
      "char": "z",
      "block": "minecraft:oak_slab[waterlogged=false,type=top]"
    },
    {
      "char": "A",
      "block": "minecraft:soul_lantern[waterlogged=false]"
    },
    {
      "char": "B",
      "block": "minecraft:oak_slab[waterlogged=false,type=bottom]"
    },
    {
      "char": "C",
      "block": "minecraft:chain[waterlogged=false,axis=y]"
    },
    {
      "char": "D",
      "block": "minecraft:iron_bars[waterlogged=false]"
    },
    {
      "char": "E",
      "block": "embellishcraft:smooth_marble_slab[waterlogged=false,type=top]"
    },
    {
      "char": "F",
      "block": "embellishcraft:smooth_basalt"
    },
    {
      "char": "I",
      "block": "minecraft:spruce_slab[waterlogged=false,type=top]"
    },
    {
      "char": "J",
      "block": "cfm:gray_picket_fence[waterlogged=false]"
    }
  ]
}