{
  "name": "multi_hospital_2_ground_palette",
  "palette": [
    {
      "char": "a",
      "block": "quark:polished_limestone"
    },
    {
      "char": "b",
      "block": "embellishcraft:polished_paving"
    },
    {
      "char": "c",
      "block": "minecraft:oak_planks"
    },
    {
      "char": "d",
      "block": "minecraft:oak_log[axis=y]"
    },
    {
      "char": "e",
      "block": "minecraft:polished_andesite"
    },
    {
      "char": "f",
      "block": "minecraft:fern"
    },
    {
      "char": "g",
      "block": "cfm:gray_picket_fence[east=false,waterlogged=false,south=false,north=false,west=false]"
    },
    {
      "char": "h",
      "block": "quark:stone_vertical_slab[waterlogged=false,type=east]"
    },
    {
      "char": "i",
      "block": "cfm:oak_park_bench[waterlogged=false,facing=south,type=right]"
    },
    {
      "char": "j",
      "block": "cfm:oak_park_bench[waterlogged=false,facing=south,type=left]"
    },
    {
      "char": "k",
      "block": "cfm:oak_hedge[east=true,waterlogged=false,south=false,north=true,west=false]"
    },
    {
      "char": "l",
      "block": "minecraft:oak_leaves"
    },
    {
      "char": "m",
      "block": "minecraft:iron_door[hinge=right,half=lower,facing=east,open=false]"
    },
    {
      "char": "n",
      "block": "quark:black_framed_glass_pane[east=true,waterlogged=false,south=false,north=false,west=false]"
    },
    {
      "char": "o",
      "block": "quark:polished_limestone_vertical_slab[waterlogged=false,type=north]"
    },
    {
      "char": "p",
      "block": "minecraft:iron_door[hinge=right,half=lower,facing=west,open=false]"
    },
    {
      "char": "q",
      "block": "cfm:cyan_kitchen_drawer[facing=north,open=false]"
    },
    {
      "char": "r",
      "block": "quark:smooth_quartz_vertical_slab[waterlogged=false,type=west]"
    },
    {
      "char": "s",
      "block": "cfm:light_gray_sofa[waterlogged=false,facing=north,type=single]"
    },
    {
      "char": "t",
      "block": "cfm:stone_chair[waterlogged=false,facing=east]"
    },
    {
      "char": "u",
      "block": "cfm:stone_table[east=true,waterlogged=false,south=false,north=false,west=false]"
    },
    {
      "char": "w",
      "block": "cfm:stone_table[east=false,waterlogged=false,south=false,north=false,west=true]"
    },
    {
      "char": "x",
      "block": "cfm:stripped_oak_chair[waterlogged=false,facing=south]"
    },
    {
      "char": "y",
      "block": "cfm:cyan_kitchen_drawer[facing=west,open=false]"
    },
    {
      "char": "z",
      "block": "cfm:stripped_oak_chair[waterlogged=false,facing=west]"
    },
    {
      "char": "A",
      "block": "cfm:stone_chair[waterlogged=false,facing=north]"
    },
    {
      "char": "B",
      "block": "minecraft:smooth_quartz"
    },
    {
      "char": "C",
      "block": "embellishcraft:oak_plain_door[hinge=left,half=lower,facing=south,open=false]"
    },
    {
      "char": "D",
      "block": "minecraft:dark_oak_trapdoor[waterlogged=false,half=bottom,facing=west,open=true]"
    },
    {
      "char": "E",
      "block": "quark:stone_vertical_slab[waterlogged=false,type=west]"
    },
    {
      "char": "F",
      "block": "minecraft:iron_door[hinge=right,half=upper,facing=east,open=false]"
    },
    {
      "char": "I",
      "block": "create:vertical_framed_glass_pane[east=true,waterlogged=false,south=false,north=false,west=true]"
    },
    {
      "char": "J",
      "block": "minecraft:iron_door[hinge=right,half=upper,facing=west,open=false]"
    },
    {
      "char": "K",
      "block": "minecraft:potted_oxeye_daisy"
    },
    {
      "char": "L",
      "block": "minecraft:heavy_weighted_pressure_plate"
    },
    {
      "char": "M",
      "block": "minecraft:iron_bars[east=false,waterlogged=false,south=false,north=false,west=true]"
    },
    {
      "char": "N",
      "block": "embellishcraft:oak_plain_door[hinge=left,half=upper,facing=south,open=false]"
    },
    {
      "char": "O",
      "block": "minecraft:large_fern[half=lower]"
    },
    {
      "char": "P",
      "block": "quark:polished_limestone_vertical_slab[waterlogged=false,type=east]"
    },
    {
      "char": "Q",
      "block": "quark:smooth_stone_vertical_slab[waterlogged=false,type=west]"
    },
    {
      "char": "R",
      "block": "quark:smooth_stone_vertical_slab[waterlogged=false,type=south]"
    },
    {
      "char": "T",
      "block": "minecraft:large_fern[half=upper]"
    },
    {
      "char": "U",
      "block": "quark:black_framed_glass_pane[east=true,waterlogged=false,south=false,north=false,west=true]"
    },
    {
      "char": "V",
      "block": "minecraft:stone_stairs[waterlogged=false,half=bottom,shape=inner_left,facing=west]"
    },
    {
      "char": "W",
      "block": "minecraft:stone_stairs[waterlogged=false,half=bottom,shape=straight,facing=south]"
    }
  ]
}