{
  "name": "multi_cafe_0_floor1_palette",
  "palette": [
    {
      "char": "a",
      "block": "embellishcraft:basalt_large_bricks_wall[east=none,waterlogged=false,south=tall,north=none,west=none,up=true]"
    },
    {
      "char": "b",
      "block": "embellishcraft:basalt_large_bricks_wall[east=tall,waterlogged=false,south=tall,north=tall,west=none,up=true]"
    },
    {
      "char": "c",
      "block": "quark:spruce_vertical_slab[waterlogged=false,type=east]"
    },
    {
      "char": "d",
      "block": "minecraft:smooth_stone_slab[waterlogged=false,type=top]"
    },
    {
      "char": "e",
      "block": "create:dark_oak_window_pane[east=true,waterlogged=false,south=false,north=false,west=true]"
    },
    {
      "char": "f",
      "block": "create:dark_oak_window_pane[east=false,waterlogged=false,south=true,north=false,west=true]"
    },
    {
      "char": "g",
      "block": "embellishcraft:smooth_basalt"
    },
    {
      "char": "h",
      "block": "minecraft:smooth_quartz"
    },
    {
      "char": "i",
      "block": "create:dark_oak_window_pane[east=false,waterlogged=false,south=true,north=true,west=false]"
    },
    {
      "char": "j",
      "block": "minecraft:bricks"
    },
    {
      "char": "k",
      "block": "minecraft:smooth_stone"
    },
    {
      "char": "l",
      "block": "cfm:gray_picket_fence[east=false,waterlogged=false,south=false,north=false,west=false]"
    },
    {
      "char": "m",
      "block": "immersiveengineering:steel_scaffolding_standard[waterlogged=false]"
    },
    {
      "char": "n",
      "block": "minecraft:iron_trapdoor[waterlogged=false,half=top,facing=east,open=false]"
    },
    {
      "char": "o",
      "block": "quark:limestone_stairs[waterlogged=false,half=bottom,shape=straight,facing=south]"
    },
    {
      "char": "p",
      "block": "quark:limestone_vertical_slab[waterlogged=false,type=south]"
    },
    {
      "char": "q",
      "block": "quark:limestone_stairs[waterlogged=false,half=top,shape=straight,facing=south]"
    },
    {
      "char": "r",
      "block": "quark:limestone_stairs[waterlogged=false,half=top,shape=straight,facing=north]"
    },
    {
      "char": "s",
      "block": "minecraft:spruce_stairs[waterlogged=false,half=top,shape=straight,facing=west]"
    },
    {
      "char": "t",
      "block": "minecraft:spruce_slab[waterlogged=false,type=top]"
    },
    {
      "char": "u",
      "block": "embellishcraft:basalt_large_bricks_wall[east=low,waterlogged=false,south=tall,north=tall,west=none,up=true]"
    },
    {
      "char": "w",
      "block": "embellishcraft:air_duct"
    },
    {
      "char": "x",
      "block": "minecraft:cobweb"
    },
    {
      "char": "y",
      "block": "quark:limestone_slab[waterlogged=false,type=top]"
    },
    {
      "char": "z",
      "block": "minecraft:cauldron"
    },
    {
      "char": "A",
      "block": "minecraft:water_cauldron"
    },
    {
      "char": "B",
      "block": "embellishcraft:basalt_large_bricks_wall[east=none,waterlogged=false,south=low,north=none,west=none,up=true]"
    },
    {
      "char": "C",
      "block": "embellishcraft:basalt_large_bricks_slab[waterlogged=false,type=top]"
    },
    {
      "char": "D",
      "block": "embellishcraft:basalt_large_bricks_wall[east=low,waterlogged=false,south=low,north=low,west=none,up=true]"
    },
    {
      "char": "E",
      "block": "embellishcraft:basalt_large_bricks"
    },
    {
      "char": "F",
      "block": "minecraft:spruce_planks"
    },
    {
      "char": "I",
      "block": "embellishcraft:basalt_large_bricks_wall[east=none,waterlogged=false,south=low,north=low,west=none,up=false]"
    },
    {
      "char": "J",
      "block": "minecraft:quartz_slab[waterlogged=false,type=top]"
    },
    {
      "char": "K",
      "block": "embellishcraft:basalt_large_bricks_slab[waterlogged=false,type=bottom]"
    },
    {
      "char": "L",
      "block": "embellishcraft:smooth_basalt_slab[waterlogged=false,type=bottom]"
    },
    {
      "char": "M",
      "block": "embellishcraft:smooth_basalt_slab[waterlogged=false,type=top]"
    },
    {
      "char": "N",
      "block": "embellishcraft:smooth_basalt_slab[waterlogged=false,type=double]"
    },
    {
      "char": "O",
      "block": "quark:black_framed_glass"
    }
  ]
}