{
  "name": "multi_gallery_0_base1_palette",
  "palette": [
    {
      "char": "a",
      "block": "minecraft:dirt"
    },
    {
      "char": "b",
      "block": "embellishcraft:gneiss_bricks"
    },
    {
      "char": "c",
      "block": "embellishcraft:smooth_marble"
    },
    {
      "char": "d",
      "block": "minecraft:polished_andesite"
    },
    {
      "char": "e",
      "block": "minecraft:cyan_terracotta"
    },
    {
      "char": "f",
      "block": "minecraft:white_concrete"
    },
    {
      "char": "g",
      "block": "minecraft:sand"
    },
    {
      "char": "h",
      "block": "minecraft:coarse_dirt"
    },
    {
      "char": "i",
      "block": "minecraft:podzol"
    },
    {
      "char": "j",
      "block": "create:vertical_framed_glass"
    },
    {
      "char": "k",
      "block": "create:framed_glass"
    },
    {
      "char": "l",
      "block": "minecraft:ender_chest[waterlogged=false,facing=west]"
    },
    {
      "char": "m",
      "block": "quark:purpur_chest[waterlogged=false,facing=west,type=single]"
    },
    {
      "char": "n",
      "block": "cfm:andesite_chair[waterlogged=false,facing=north]"
    },
    {
      "char": "o",
      "block": "minecraft:wither_rose"
    },
    {
      "char": "p",
      "block": "minecraft:polished_andesite_slab[waterlogged=false,type=top]"
    },
    {
      "char": "q",
      "block": "simplylight:illuminant_block"
    },
    {
      "char": "r",
      "block": "simplylight:illuminant_block_on"
    }
  ]
}