{
  "name": "multi_hospital_3_ground_palette",
  "palette": [
    {
      "char": "a",
      "block": "minecraft:oak_planks"
    },
    {
      "char": "b",
      "block": "quark:polished_limestone"
    },
    {
      "char": "c",
      "block": "minecraft:smooth_stone"
    },
    {
      "char": "d",
      "block": "minecraft:polished_andesite"
    },
    {
      "char": "e",
      "block": "immersivepetroleum:asphalt_slab[waterlogged=false,type=bottom]"
    },
    {
      "char": "f",
      "block": "minecraft:oak_log[axis=y]"
    },
    {
      "char": "g",
      "block": "minecraft:cyan_terracotta"
    },
    {
      "char": "h",
      "block": "minecraft:stone_slab[waterlogged=true,type=bottom]"
    },
    {
      "char": "i",
      "block": "minecraft:dark_oak_trapdoor[waterlogged=false,half=bottom,facing=west,open=true]"
    },
    {
      "char": "j",
      "block": "quark:stone_vertical_slab[waterlogged=false,type=west]"
    },
    {
      "char": "k",
      "block": "cfm:stripped_oak_chair[waterlogged=false,facing=south]"
    },
    {
      "char": "l",
      "block": "minecraft:fern"
    },
    {
      "char": "m",
      "block": "minecraft:iron_bars[east=true,waterlogged=false,south=true,north=false,west=false]"
    },
    {
      "char": "n",
      "block": "quark:stone_vertical_slab[waterlogged=false,type=north]"
    },
    {
      "char": "o",
      "block": "quark:stone_vertical_slab[waterlogged=false,type=south]"
    },
    {
      "char": "p",
      "block": "minecraft:oak_leaves"
    },
    {
      "char": "q",
      "block": "quark:limestone_wall[east=none,waterlogged=false,south=none,north=none,west=none,up=true]"
    },
    {
      "char": "r",
      "block": "minecraft:oak_fence[east=true,waterlogged=false,south=true,north=false,west=false]"
    },
    {
      "char": "s",
      "block": "minecraft:oak_fence[east=true,waterlogged=false,south=false,north=false,west=true]"
    },
    {
      "char": "t",
      "block": "minecraft:oak_fence[east=false,waterlogged=false,south=true,north=false,west=true]"
    },
    {
      "char": "u",
      "block": "minecraft:oak_fence[east=false,waterlogged=false,south=true,north=true,west=false]"
    },
    {
      "char": "w",
      "block": "minecraft:large_fern[half=lower]"
    },
    {
      "char": "x",
      "block": "minecraft:lilac[half=lower]"
    },
    {
      "char": "y",
      "block": "minecraft:peony[half=lower]"
    },
    {
      "char": "z",
      "block": "minecraft:oak_fence[east=true,waterlogged=false,south=false,north=true,west=false]"
    },
    {
      "char": "A",
      "block": "minecraft:oak_fence[east=false,waterlogged=false,south=false,north=true,west=true]"
    },
    {
      "char": "B",
      "block": "minecraft:azure_bluet"
    },
    {
      "char": "C",
      "block": "quark:polished_limestone_vertical_slab[waterlogged=false,type=east]"
    },
    {
      "char": "D",
      "block": "minecraft:rose_bush[half=lower]"
    },
    {
      "char": "E",
      "block": "create:vertical_framed_glass_pane[east=true,waterlogged=false,south=false,north=false,west=true]"
    },
    {
      "char": "F",
      "block": "minecraft:large_fern[half=upper]"
    },
    {
      "char": "I",
      "block": "minecraft:lilac[half=upper]"
    },
    {
      "char": "J",
      "block": "minecraft:peony[half=upper]"
    },
    {
      "char": "K",
      "block": "minecraft:rose_bush[half=upper]"
    }
  ]
}