{
  "name": "multi_cafe_0_ground_palette",
  "palette": [
    {
      "char": "a",
      "block": "minecraft:polished_andesite"
    },
    {
      "char": "b",
      "block": "minecraft:stripped_dark_oak_log[axis=y]"
    },
    {
      "char": "c",
      "block": "embellishcraft:polished_paving"
    },
    {
      "char": "d",
      "block": "minecraft:dirt"
    },
    {
      "char": "e",
      "block": "minecraft:gray_terracotta"
    },
    {
      "char": "f",
      "block": "minecraft:fern"
    },
    {
      "char": "g",
      "block": "minecraft:azure_bluet"
    },
    {
      "char": "h",
      "block": "minecraft:lily_of_the_valley"
    },
    {
      "char": "i",
      "block": "minecraft:cornflower"
    },
    {
      "char": "j",
      "block": "minecraft:oxeye_daisy"
    },
    {
      "char": "k",
      "block": "minecraft:allium"
    },
    {
      "char": "l",
      "block": "embellishcraft:basalt_large_bricks_wall[east=none,waterlogged=false,south=tall,north=none,west=none,up=true]"
    },
    {
      "char": "m",
      "block": "embellishcraft:basalt_large_bricks_wall[east=tall,waterlogged=false,south=tall,north=tall,west=none,up=true]"
    },
    {
      "char": "n",
      "block": "quark:spruce_vertical_slab[waterlogged=false,type=east]"
    },
    {
      "char": "o",
      "block": "minecraft:dark_oak_leaves"
    },
    {
      "char": "p",
      "block": "quark:quartz_vertical_slab[waterlogged=false,type=east]"
    },
    {
      "char": "q",
      "block": "quark:quartz_vertical_slab[waterlogged=false,type=west]"
    },
    {
      "char": "r",
      "block": "create:dark_oak_window_pane[east=true,waterlogged=false,south=false,north=false,west=true]"
    },
    {
      "char": "s",
      "block": "minecraft:quartz_block"
    },
    {
      "char": "t",
      "block": "minecraft:dark_oak_door[hinge=left,half=lower,facing=north,open=false]"
    },
    {
      "char": "u",
      "block": "minecraft:dark_oak_door[hinge=right,half=lower,facing=north,open=false]"
    },
    {
      "char": "w",
      "block": "create:dark_oak_window_pane[east=false,waterlogged=false,south=true,north=false,west=true]"
    },
    {
      "char": "x",
      "block": "embellishcraft:smooth_basalt"
    },
    {
      "char": "y",
      "block": "minecraft:smooth_quartz"
    },
    {
      "char": "z",
      "block": "minecraft:spruce_trapdoor[waterlogged=false,half=top,facing=east,open=false]"
    },
    {
      "char": "A",
      "block": "cfm:stripped_dark_oak_table[east=false,waterlogged=false,south=false,north=false,west=false]"
    },
    {
      "char": "B",
      "block": "create:dark_oak_window_pane[east=false,waterlogged=false,south=true,north=true,west=false]"
    },
    {
      "char": "C",
      "block": "cfm:light_gray_sofa[waterlogged=false,facing=west,type=single]"
    },
    {
      "char": "D",
      "block": "quark:light_gray_stool[waterlogged=false]"
    },
    {
      "char": "E",
      "block": "embellishcraft:spruce_table[waterlogged=false,table_east=true,table_west=false,table_south=false,table_north=true]"
    },
    {
      "char": "F",
      "block": "minecraft:bricks"
    },
    {
      "char": "I",
      "block": "minecraft:smooth_stone"
    },
    {
      "char": "J",
      "block": "embellishcraft:smooth_basalt_wall[east=none,waterlogged=false,south=none,north=none,west=none,up=true]"
    },
    {
      "char": "K",
      "block": "embellishcraft:spruce_table[waterlogged=false,table_east=false,table_west=false,table_south=false,table_north=false]"
    },
    {
      "char": "L",
      "block": "quark:spruce_ladder[waterlogged=false,facing=south]"
    },
    {
      "char": "M",
      "block": "cfm:brown_kitchen_counter[facing=west,type=default]"
    },
    {
      "char": "N",
      "block": "embellishcraft:spruce_table[waterlogged=false,table_east=false,table_west=true,table_south=true,table_north=false]"
    },
    {
      "char": "O",
      "block": "minecraft:spruce_fence_gate[facing=south,open=false]"
    },
    {
      "char": "P",
      "block": "cfm:brown_kitchen_drawer[facing=west,open=false]",
      "loot": "chestloot"
    },
    {
      "char": "Q",
      "block": "quark:quartz_vertical_slab[waterlogged=false,type=south]"
    },
    {
      "char": "R",
      "block": "minecraft:dark_oak_door[hinge=left,half=upper,facing=north,open=false]"
    },
    {
      "char": "T",
      "block": "minecraft:dark_oak_door[hinge=right,half=upper,facing=north,open=false]"
    },
    {
      "char": "U",
      "block": "cfm:gray_picket_fence[east=false,waterlogged=false,south=false,north=false,west=false]"
    },
    {
      "char": "V",
      "block": "embellishcraft:basalt_large_bricks_wall[east=tall,waterlogged=false,south=low,north=tall,west=none,up=true]"
    },
    {
      "char": "W",
      "block": "embellishcraft:basalt_large_bricks_wall[east=low,waterlogged=false,south=low,north=low,west=none,up=true]"
    },
    {
      "char": "X",
      "block": "minecraft:daylight_detector"
    },
    {
      "char": "Y",
      "block": "embellishcraft:basalt_large_bricks_wall[east=tall,waterlogged=false,south=tall,north=low,west=none,up=true]"
    },
    {
      "char": "Z",
      "block": "minecraft:redstone_torch[lit=true]"
    },
    {
      "char": "0",
      "block": "minecraft:potted_dead_bush"
    },
    {
      "char": "1",
      "block": "minecraft:brewing_stand"
    },
    {
      "char": "2",
      "block": "another_furniture:service_bell[waterlogged=false]"
    },
    {
      "char": "3",
      "block": "minecraft:flower_pot"
    },
    {
      "char": "4",
      "block": "minecraft:quartz_stairs[waterlogged=false,half=top,shape=straight,facing=west]"
    },
    {
      "char": "5",
      "block": "minecraft:quartz_slab[waterlogged=false,type=top]"
    },
    {
      "char": "6",
      "block": "minecraft:quartz_stairs[waterlogged=false,half=top,shape=straight,facing=east]"
    },
    {
      "char": "7",
      "block": "embellishcraft:basalt_large_bricks_wall[east=tall,waterlogged=false,south=none,north=tall,west=none,up=true]"
    },
    {
      "char": "8",
      "block": "embellishcraft:basalt_large_bricks_wall[east=tall,waterlogged=false,south=tall,north=none,west=none,up=true]"
    },
    {
      "char": "9",
      "block": "minecraft:quartz_stairs[waterlogged=false,half=top,shape=straight,facing=north]"
    },
    {
      "char": "@",
      "block": "create:dark_oak_window_pane[east=false,waterlogged=false,south=false,north=true,west=false]"
    },
    {
      "char": "$",
      "block": "create:dark_oak_window_pane[east=false,waterlogged=false,south=true,north=false,west=false]"
    }
  ]
}