{
  "name": "multi_cafe_3_ground_palette",
  "palette": [
    {
      "char": "a",
      "block": "embellishcraft:polished_paving"
    },
    {
      "char": "b",
      "block": "minecraft:stripped_dark_oak_log[axis=y]"
    },
    {
      "char": "c",
      "block": "minecraft:polished_andesite"
    },
    {
      "char": "d",
      "block": "create:small_limestone_brick_slab[waterlogged=false,type=bottom]"
    },
    {
      "char": "e",
      "block": "create:small_limestone_bricks"
    },
    {
      "char": "f",
      "block": "quark:stripped_dark_oak_post[waterlogged=false,axis=y]"
    },
    {
      "char": "g",
      "block": "minecraft:fern"
    },
    {
      "char": "h",
      "block": "quark:polished_limestone"
    },
    {
      "char": "i",
      "block": "embellishcraft:spruce_terrace_table[waterlogged=false]"
    },
    {
      "char": "j",
      "block": "cfm:light_gray_sofa[waterlogged=false,facing=east,type=single]"
    },
    {
      "char": "k",
      "block": "minecraft:peony[half=lower]"
    },
    {
      "char": "l",
      "block": "minecraft:stripped_dark_oak_log[axis=z]"
    },
    {
      "char": "m",
      "block": "minecraft:lily_of_the_valley"
    },
    {
      "char": "n",
      "block": "minecraft:oxeye_daisy"
    },
    {
      "char": "o",
      "block": "minecraft:lilac[half=lower]"
    },
    {
      "char": "p",
      "block": "minecraft:allium"
    },
    {
      "char": "q",
      "block": "minecraft:azure_bluet"
    },
    {
      "char": "r",
      "block": "minecraft:cornflower"
    },
    {
      "char": "s",
      "block": "minecraft:dark_oak_leaves"
    },
    {
      "char": "t",
      "block": "minecraft:stripped_dark_oak_log[axis=x]"
    },
    {
      "char": "u",
      "block": "quark:paper_lantern"
    },
    {
      "char": "w",
      "block": "minecraft:peony[half=upper]"
    },
    {
      "char": "x",
      "block": "cfm:stripped_oak_park_bench[waterlogged=false,facing=north,type=single]"
    },
    {
      "char": "y",
      "block": "minecraft:lilac[half=upper]"
    },
    {
      "char": "z",
      "block": "embellishcraft:spruce_table[waterlogged=false]"
    },
    {
      "char": "A",
      "block": "cfm:stripped_oak_park_bench[waterlogged=false,facing=south,type=single]"
    }
  ]
}