{
  "name": "park_3_palette",
  "palette": [
    {
      "char": "a",
      "block": "quark:dark_oak_leaf_carpet"
    },
    {
      "char": "b",
      "block": "minecraft:stripped_dark_oak_log[axis=y]"
    },
    {
      "char": "c",
      "block": "minecraft:dark_oak_leaves"
    },
    {
      "char": "d",
      "block": "cfm:stripped_dark_oak_park_bench[waterlogged=false,facing=west,type=right]"
    },
    {
      "char": "e",
      "block": "cfm:stripped_dark_oak_park_bench[waterlogged=false,facing=east,type=left]"
    },
    {
      "char": "f",
      "block": "cfm:stripped_dark_oak_park_bench[waterlogged=false,facing=west,type=left]"
    },
    {
      "char": "g",
      "block": "cfm:stripped_dark_oak_park_bench[waterlogged=false,facing=east,type=right]"
    },
    {
      "char": "h",
      "block": "minecraft:smooth_stone_slab[waterlogged=false,type=bottom]"
    },
    {
      "char": "i",
      "block": "quark:potted_large_fern"
    },
    {
      "char": "j",
      "block": "minecraft:potted_dead_bush"
    },
    {
      "char": "k",
      "block": "quark:potted_tall_grass"
    },
    {
      "char": "l",
      "block": "minecraft:potted_fern"
    },
    {
      "char": "m",
      "block": "quark:stripped_dark_oak_post[waterlogged=false,chain_west=false,chain_east=false,chain_north=false,chain_south=false,axis=y]"
    },
    {
      "char": "n",
      "block": "minecraft:torch"
    }
  ]
}