{
  "name": "park_4_palette",
  "palette": [
    {
      "char": "a",
      "block": "quark:oak_leaf_carpet"
    },
    {
      "char": "b",
      "block": "minecraft:oak_leaves"
    },
    {
      "char": "c",
      "block": "minecraft:stripped_oak_log[axis=y]"
    },
    {
      "char": "d",
      "block": "minecraft:smooth_stone_slab[waterlogged=false,type=bottom]"
    },
    {
      "char": "e",
      "block": "minecraft:oak_planks"
    },
    {
      "char": "f",
      "block": "minecraft:sunflower[half=lower]"
    },
    {
      "char": "g",
      "block": "minecraft:lilac[half=lower]"
    },
    {
      "char": "h",
      "block": "minecraft:fern"
    },
    {
      "char": "i",
      "block": "minecraft:sunflower[half=upper]"
    },
    {
      "char": "j",
      "block": "minecraft:lilac[half=upper]"
    }
  ]
}