{
  "name": "park_1_palette",
  "palette": [
    {
      "char": "a",
      "block": "quark:oak_hedge[waterlogged=false]"
    },
    {
      "char": "b",
      "block": "minecraft:green_stained_glass"
    },
    {
      "char": "c",
      "block": "minecraft:melon"
    },
    {
      "char": "d",
      "block": "quark:dark_oak_hedge[waterlogged=false]"
    },
    {
      "char": "e",
      "block": "minecraft:lime_stained_glass"
    },
    {
      "char": "f",
      "block": "minecraft:yellow_stained_glass"
    }
  ]
}