{
  "name": "park_5_palette",
  "palette": [
    {
      "char": "a",
      "block": "quark:oak_leaf_carpet"
    },
    {
      "char": "b",
      "block": "minecraft:coarse_dirt"
    },
    {
      "char": "c",
      "block": "minecraft:dirt"
    },
    {
      "char": "d",
      "block": "immersivepetroleum:asphalt_slab[waterlogged=false,type=bottom]"
    },
    {
      "char": "e",
      "block": "embellishcraft:smooth_basalt_slab[waterlogged=false,type=bottom]"
    }
  ]
}