{
  "name": "park_1_palette",
  "palette": [
    {
      "char": "a",
      "block": "quark:oak_hedge[east=true,waterlogged=false,south=true,north=false,west=false]"
    },
    {
      "char": "b",
      "block": "quark:oak_hedge[east=true,waterlogged=false,south=true,north=false,west=true]"
    },
    {
      "char": "c",
      "block": "quark:oak_hedge[east=true,waterlogged=false,south=false,north=false,west=true]"
    },
    {
      "char": "d",
      "block": "quark:oak_hedge[east=false,waterlogged=false,south=true,north=false,west=true]"
    },
    {
      "char": "e",
      "block": "quark:oak_hedge[east=true,waterlogged=false,south=true,north=true,west=false]"
    },
    {
      "char": "f",
      "block": "quark:oak_hedge[east=true,waterlogged=false,south=true,north=true,west=true]"
    },
    {
      "char": "g",
      "block": "quark:oak_hedge[east=true,waterlogged=false,south=false,north=true,west=true]"
    },
    {
      "char": "h",
      "block": "quark:oak_hedge[east=false,waterlogged=false,south=true,north=true,west=true]"
    },
    {
      "char": "i",
      "block": "minecraft:green_stained_glass"
    },
    {
      "char": "j",
      "block": "quark:oak_hedge[east=false,waterlogged=false,south=true,north=true,west=false]"
    },
    {
      "char": "k",
      "block": "quark:oak_hedge[east=false,waterlogged=false,south=false,north=true,west=false]"
    },
    {
      "char": "l",
      "block": "minecraft:melon"
    },
    {
      "char": "m",
      "block": "quark:dark_oak_hedge[east=false,waterlogged=false,south=true,north=true,west=false]"
    },
    {
      "char": "n",
      "block": "quark:oak_hedge[east=false,waterlogged=false,south=true,north=false,west=false]"
    },
    {
      "char": "o",
      "block": "minecraft:lime_stained_glass"
    },
    {
      "char": "p",
      "block": "quark:oak_hedge[east=true,waterlogged=false,south=false,north=false,west=false]"
    },
    {
      "char": "q",
      "block": "quark:oak_hedge[east=false,waterlogged=false,south=false,north=true,west=true]"
    },
    {
      "char": "r",
      "block": "quark:oak_hedge[east=true,waterlogged=false,south=false,north=true,west=false]"
    },
    {
      "char": "s",
      "block": "quark:oak_hedge[east=false,waterlogged=false,south=false,north=false,west=true]"
    },
    {
      "char": "t",
      "block": "minecraft:yellow_stained_glass"
    }
  ]
}