{
  "name": "rails_bend_palette",
  "palette": [
    {
      "char": "!",
      "block": "minecraft:diamond_block",
      "mob": "easymobs"
    },
    {
      "char": "~",
      "block": "minecraft:command_block"
    },
    {
      "char": "$",
      "block": "minecraft:spawner",
      "mob": "hardmobs"
    },
    {
      "char": "G",
      "block": "minecraft:grass_block"
    },
    {
      "char": "H",
      "block": "immersivepetroleum:asphalt"
    },
    {
      "char": "S",
      "block": "minecraft:stone"
    },
    {
      "char": "=",
      "block": "immersiveengineering:concrete"
    },
    {
      "char": "_",
      "block": "embellishcraft:gneiss_large_bricks_wall"
    },
    {
      "char": "^",
      "block": "minecraft:water"
    },
    {
      "char": "v",
      "block": "minecraft:stone_bricks"
    },
    {
      "char": "#",
      "block": "minecraft:chest",
      "loot": "chestloot"
    },
    {
      "char": " ",
      "block": "minecraft:air"
    },
    {
      "char": "a",
      "block": "minecraft:cyan_terracotta"
    },
    {
      "char": "b",
      "block": "minecraft:glowstone"
    },
    {
      "char": "c",
      "block": "quark:black_framed_glass"
    },
    {
      "char": "d",
      "block": "minecraft:smooth_stone_slab[waterlogged=false,type=bottom]"
    },
    {
      "char": "e",
      "block": "create:track[waterlogged=false,shape=zo]"
    },
    {
      "char": "f",
      "block": "create:track[waterlogged=false,shape=xo]"
    },
    {
      "char": "g",
      "block": "immersiveengineering:slab_steel_scaffolding_standard[waterlogged=false,type=top]"
    },
    {
      "char": "h",
      "block": "minecraft:smooth_quartz"
    },
    {
      "char": "i",
      "block": "minecraft:smooth_stone"
    },
    {
      "char": "j",
      "block": "minecraft:stone_brick_slab[waterlogged=false,type=top]"
    }
  ]
}