{
  "name": "rails_flat_palette",
  "palette": [
    {
      "char": "!",
      "block": "minecraft:diamond_block",
      "mob": "easymobs"
    },
    {
      "char": "~",
      "block": "minecraft:command_block"
    },
    {
      "char": "$",
      "block": "minecraft:spawner",
      "mob": "hardmobs"
    },
    {
      "char": "G",
      "block": "minecraft:grass_block"
    },
    {
      "char": "H",
      "block": "immersivepetroleum:asphalt"
    },
    {
      "char": "S",
      "block": "minecraft:stone"
    },
    {
      "char": "=",
      "block": "immersiveengineering:concrete"
    },
    {
      "char": "_",
      "block": "embellishcraft:gneiss_large_bricks_wall"
    },
    {
      "char": "^",
      "block": "minecraft:water"
    },
    {
      "char": "v",
      "block": "minecraft:stone_bricks"
    },
    {
      "char": "#",
      "block": "minecraft:chest",
      "loot": "chestloot"
    },
    {
      "char": " ",
      "block": "minecraft:air"
    }
  ]
}