{
  "name": "station_open_palette",
  "palette": [
    {
      "char": "!",
      "block": "minecraft:diamond_block",
      "mob": "easymobs"
    },
    {
      "char": "~",
      "block": "minecraft:command_block"
    },
    {
      "char": "G",
      "block": "minecraft:grass_block"
    },
    {
      "char": "H",
      "block": "immersivepetroleum:asphalt"
    },
    {
      "char": "S",
      "block": "minecraft:stone"
    },
    {
      "char": "=",
      "block": "immersiveengineering:concrete"
    },
    {
      "char": "_",
      "block": "embellishcraft:gneiss_large_bricks_wall"
    },
    {
      "char": "^",
      "block": "minecraft:water"
    },
    {
      "char": "v",
      "block": "minecraft:stone_bricks"
    },
    {
      "char": "#",
      "block": "minecraft:chest",
      "loot": "chestloot"
    },
    {
      "char": " ",
      "block": "minecraft:air"
    },
    {
      "char": "a",
      "block": "minecraft:cyan_terracotta"
    },
    {
      "char": "b",
      "block": "embellishcraft:smooth_marble"
    },
    {
      "char": "c",
      "block": "embellishcraft:polished_marble"
    },
    {
      "char": "d",
      "block": "minecraft:smooth_stone_slab[waterlogged=false,type=bottom]"
    },
    {
      "char": "e",
      "block": "create:track_station[waterlogged=false]"
    },
    {
      "char": "f",
      "block": "create:track[waterlogged=false,shape=xo]"
    },
    {
      "char": "g",
      "block": "quark:oak_hedge[east=false,waterlogged=false,south=false,north=false,west=false]"
    },
    {
      "char": "h",
      "block": "cfm:stripped_oak_park_bench[waterlogged=false,facing=north,type=left]"
    },
    {
      "char": "i",
      "block": "cfm:stripped_oak_park_bench[waterlogged=false,facing=north,type=right]"
    },
    {
      "char": "j",
      "block": "create:railway_casing"
    },
    {
      "char": "k",
      "block": "cfm:stripped_oak_park_bench[waterlogged=false,facing=south,type=right]"
    },
    {
      "char": "l",
      "block": "cfm:stripped_oak_park_bench[waterlogged=false,facing=south,type=left]"
    },
    {
      "char": "m",
      "block": "minecraft:spruce_planks"
    },
    {
      "char": "n",
      "block": "minecraft:glass_pane[east=false,waterlogged=false,south=true,north=true,west=false]"
    },
    {
      "char": "o",
      "block": "create:controls[waterlogged=false,facing=east,open=false]"
    },
    {
      "char": "p",
      "block": "create:white_seat[waterlogged=false]"
    },
    {
      "char": "q",
      "block": "create:controls[waterlogged=false,facing=west,open=false]"
    },
    {
      "char": "r",
      "block": "minecraft:glass_pane[east=true,waterlogged=false,south=false,north=false,west=true]"
    },
    {
      "char": "s",
      "block": "minecraft:spruce_stairs[waterlogged=false,half=top,shape=straight,facing=east]"
    },
    {
      "char": "t",
      "block": "minecraft:spruce_stairs[waterlogged=false,half=top,shape=straight,facing=west]"
    },
    {
      "char": "u",
      "block": "minecraft:glass_pane[east=false,waterlogged=false,south=false,north=false,west=false]"
    },
    {
      "char": "w",
      "block": "create:mechanical_plough[facing=north]"
    },
    {
      "char": "x",
      "block": "minecraft:spruce_slab[waterlogged=false,type=double]"
    },
    {
      "char": "y",
      "block": "minecraft:spruce_slab[waterlogged=false,type=top]"
    },
    {
      "char": "z",
      "block": "create:mechanical_plough[facing=south]"
    }
  ]
}