{
  "name": "station_openroof_palette",
  "palette": [
    {
      "char": "!",
      "block": "minecraft:diamond_block",
      "mob": "easymobs"
    },
    {
      "char": "~",
      "block": "minecraft:command_block"
    },
    {
      "char": "G",
      "block": "minecraft:grass_block"
    },
    {
      "char": "H",
      "block": "immersivepetroleum:asphalt"
    },
    {
      "char": "S",
      "block": "minecraft:stone"
    },
    {
      "char": "=",
      "block": "immersiveengineering:concrete"
    },
    {
      "char": "_",
      "block": "embellishcraft:gneiss_large_bricks_wall"
    },
    {
      "char": "^",
      "block": "minecraft:water"
    },
    {
      "char": "v",
      "block": "minecraft:stone_bricks"
    },
    {
      "char": "#",
      "block": "minecraft:chest",
      "loot": "chestloot"
    },
    {
      "char": " ",
      "block": "minecraft:air"
    },
    {
      "char": "a",
      "block": "minecraft:cyan_terracotta"
    },
    {
      "char": "b",
      "block": "embellishcraft:smooth_marble"
    },
    {
      "char": "c",
      "block": "embellishcraft:polished_marble"
    },
    {
      "char": "d",
      "block": "minecraft:smooth_stone_slab[waterlogged=false,type=bottom]"
    },
    {
      "char": "e",
      "block": "create:track[waterlogged=false,shape=xo]"
    },
    {
      "char": "f",
      "block": "minecraft:iron_bars[east=true,waterlogged=false,south=true,north=true,west=false]"
    },
    {
      "char": "g",
      "block": "minecraft:quartz_block"
    },
    {
      "char": "h",
      "block": "minecraft:iron_bars[east=false,waterlogged=false,south=true,north=true,west=true]"
    },
    {
      "char": "i",
      "block": "quark:oak_hedge[east=false,waterlogged=false,south=false,north=false,west=false]"
    },
    {
      "char": "j",
      "block": "cfm:stripped_oak_park_bench[waterlogged=false,facing=north,type=left]"
    },
    {
      "char": "k",
      "block": "cfm:stripped_oak_park_bench[waterlogged=false,facing=north,type=right]"
    },
    {
      "char": "l",
      "block": "cfm:stripped_oak_park_bench[waterlogged=false,facing=south,type=right]"
    },
    {
      "char": "m",
      "block": "cfm:stripped_oak_park_bench[waterlogged=false,facing=south,type=left]"
    },
    {
      "char": "n",
      "block": "minecraft:iron_bars[east=true,waterlogged=false,south=false,north=true,west=false]"
    },
    {
      "char": "o",
      "block": "minecraft:iron_bars[east=false,waterlogged=false,south=false,north=true,west=true]"
    },
    {
      "char": "p",
      "block": "simplylight:wall_lamp[waterlogged=false,facing=down]"
    },
    {
      "char": "q",
      "block": "minecraft:redstone_wall_torch[lit=true,facing=north]"
    },
    {
      "char": "r",
      "block": "minecraft:smooth_quartz_slab[waterlogged=false,type=bottom]"
    },
    {
      "char": "s",
      "block": "minecraft:quartz_stairs[waterlogged=false,half=bottom,shape=straight,facing=south]"
    },
    {
      "char": "t",
      "block": "immersiveengineering:slab_steel_scaffolding_standard[waterlogged=false,type=top]"
    },
    {
      "char": "u",
      "block": "minecraft:quartz_stairs[waterlogged=false,half=bottom,shape=straight,facing=north]"
    },
    {
      "char": "w",
      "block": "minecraft:quartz_slab[waterlogged=false,type=bottom]"
    },
    {
      "char": "x",
      "block": "minecraft:gray_stained_glass"
    },
    {
      "char": "y",
      "block": "minecraft:light_gray_stained_glass"
    }
  ]
}