{
  "name": "station_underground_palette",
  "palette": [
    {
      "char": "!",
      "block": "minecraft:diamond_block",
      "mob": "easymobs"
    },
    {
      "char": "~",
      "block": "minecraft:command_block"
    },
    {
      "char": "$",
      "block": "minecraft:spawner",
      "mob": "hardmobs"
    },
    {
      "char": "G",
      "block": "minecraft:grass_block"
    },
    {
      "char": "H",
      "block": "immersivepetroleum:asphalt"
    },
    {
      "char": "S",
      "block": "minecraft:stone"
    },
    {
      "char": "=",
      "block": "immersiveengineering:concrete"
    },
    {
      "char": "_",
      "block": "embellishcraft:gneiss_large_bricks_wall"
    },
    {
      "char": "^",
      "block": "minecraft:water"
    },
    {
      "char": "v",
      "block": "minecraft:stone_bricks"
    },
    {
      "char": "#",
      "block": "minecraft:chest",
      "loot": "chestloot"
    },
    {
      "char": " ",
      "block": "minecraft:air"
    },
    {
      "char": "a",
      "block": "minecraft:cyan_terracotta"
    },
    {
      "char": "b",
      "block": "embellishcraft:smooth_marble"
    },
    {
      "char": "c",
      "block": "minecraft:glowstone"
    },
    {
      "char": "d",
      "block": "embellishcraft:polished_marble"
    },
    {
      "char": "e",
      "block": "minecraft:smooth_stone_slab[waterlogged=false,type=bottom]"
    },
    {
      "char": "f",
      "block": "immersiveengineering:concrete_quarter"
    },
    {
      "char": "g",
      "block": "minecraft:rail[waterlogged=false,shape=east_west]"
    },
    {
      "char": "h",
      "block": "minecraft:detector_rail[waterlogged=false,shape=east_west]"
    },
    {
      "char": "i",
      "block": "minecraft:powered_rail[waterlogged=false,shape=east_west]"
    },
    {
      "char": "j",
      "block": "immersiveengineering:steel_scaffolding_standard[waterlogged=false]"
    },
    {
      "char": "k",
      "block": "create:polished_cut_dripstone_wall[east=none,waterlogged=false,south=none,north=low,west=none]"
    },
    {
      "char": "l",
      "block": "minecraft:cobweb"
    },
    {
      "char": "m",
      "block": "create:polished_cut_dripstone_wall[east=none,waterlogged=false,south=low,north=none,west=none]"
    },
    {
      "char": "n",
      "block": "immersiveengineering:slab_steel_scaffolding_standard[waterlogged=false,type=top]"
    },
    {
      "char": "o",
      "block": "minecraft:smooth_quartz"
    },
    {
      "char": "p",
      "block": "minecraft:smooth_stone"
    }
  ]
}