{
  "name": "station_openroof_palette",
  "palette": [
    {
      "char": "!",
      "block": "minecraft:diamond_block",
      "mob": "easymobs"
    },
    {
      "char": "~",
      "block": "minecraft:command_block"
    },
    {
      "char": "$",
      "block": "minecraft:spawner",
      "mob": "hardmobs"
    },
    {
      "char": "G",
      "block": "minecraft:grass_block"
    },
    {
      "char": "H",
      "block": "immersivepetroleum:asphalt"
    },
    {
      "char": "S",
      "block": "minecraft:stone"
    },
    {
      "char": "=",
      "block": "immersiveengineering:concrete"
    },
    {
      "char": "_",
      "block": "embellishcraft:gneiss_large_bricks_wall"
    },
    {
      "char": "^",
      "block": "minecraft:water"
    },
    {
      "char": "v",
      "block": "minecraft:stone_bricks"
    },
    {
      "char": "#",
      "block": "minecraft:chest",
      "loot": "chestloot"
    },
    {
      "char": " ",
      "block": "minecraft:air"
    },
    {
      "char": "a",
      "block": "minecraft:cyan_terracotta"
    },
    {
      "char": "b",
      "block": "embellishcraft:smooth_marble"
    },
    {
      "char": "c",
      "block": "embellishcraft:polished_marble"
    },
    {
      "char": "d",
      "block": "minecraft:smooth_stone_slab[waterlogged=false,type=bottom]"
    },
    {
      "char": "e",
      "block": "immersiveengineering:concrete_quarter"
    },
    {
      "char": "f",
      "block": "minecraft:repeater[facing=north]"
    },
    {
      "char": "g",
      "block": "minecraft:rail[waterlogged=false,shape=east_west]"
    },
    {
      "char": "h",
      "block": "minecraft:detector_rail[waterlogged=false,shape=east_west]"
    },
    {
      "char": "i",
      "block": "minecraft:powered_rail[waterlogged=false,shape=east_west]"
    },
    {
      "char": "j",
      "block": "create:cart_assembler[rail_type=powered_rail,waterlogged=false,shape=east_west]"
    },
    {
      "char": "k",
      "block": "minecraft:repeater[facing=south]"
    },
    {
      "char": "l",
      "block": "minecraft:iron_bars[east=true,waterlogged=false,south=true,north=true,west=false]"
    },
    {
      "char": "m",
      "block": "minecraft:quartz_block"
    },
    {
      "char": "n",
      "block": "minecraft:iron_bars[east=false,waterlogged=false,south=true,north=true,west=true]"
    },
    {
      "char": "o",
      "block": "quark:oak_hedge[east=false,waterlogged=false,south=false,north=false,west=false]"
    },
    {
      "char": "p",
      "block": "cfm:stripped_oak_park_bench[waterlogged=false,facing=north,type=left]"
    },
    {
      "char": "q",
      "block": "cfm:stripped_oak_park_bench[waterlogged=false,facing=north,type=right]"
    },
    {
      "char": "r",
      "block": "simplylight:wall_lamp[waterlogged=false,facing=west]"
    },
    {
      "char": "s",
      "block": "minecraft:quartz_stairs[waterlogged=false,half=top,shape=straight,facing=south]"
    },
    {
      "char": "t",
      "block": "minecraft:quartz_stairs[waterlogged=false,half=bottom,shape=straight,facing=north]"
    },
    {
      "char": "u",
      "block": "minecraft:quartz_slab[waterlogged=false,type=bottom]"
    },
    {
      "char": "w",
      "block": "quark:stone_vertical_slab[waterlogged=false,type=east]"
    },
    {
      "char": "x",
      "block": "minecraft:quartz_stairs[waterlogged=false,half=bottom,shape=straight,facing=east]"
    },
    {
      "char": "y",
      "block": "quark:iron_plate_slab[waterlogged=false,type=bottom]"
    },
    {
      "char": "z",
      "block": "minecraft:quartz_stairs[waterlogged=false,half=top,shape=straight,facing=north]"
    },
    {
      "char": "A",
      "block": "minecraft:quartz_stairs[waterlogged=false,half=bottom,shape=straight,facing=south]"
    },
    {
      "char": "B",
      "block": "cfm:stripped_oak_park_bench[waterlogged=false,facing=south,type=right]"
    },
    {
      "char": "C",
      "block": "cfm:stripped_oak_park_bench[waterlogged=false,facing=south,type=left]"
    },
    {
      "char": "D",
      "block": "minecraft:iron_bars[east=true,waterlogged=false,south=false,north=true,west=false]"
    },
    {
      "char": "E",
      "block": "minecraft:iron_bars[east=false,waterlogged=false,south=false,north=true,west=true]"
    },
    {
      "char": "F",
      "block": "quark:oak_vertical_slab[waterlogged=false,type=south]"
    },
    {
      "char": "I",
      "block": "quark:oak_vertical_slab[waterlogged=false,type=east]"
    },
    {
      "char": "J",
      "block": "create:horizontal_framed_glass"
    },
    {
      "char": "K",
      "block": "quark:oak_vertical_slab[waterlogged=false,type=north]"
    },
    {
      "char": "L",
      "block": "simplylight:wall_lamp[waterlogged=false,facing=down]"
    },
    {
      "char": "M",
      "block": "minecraft:quartz_stairs[waterlogged=false,half=top,shape=straight,facing=west]"
    },
    {
      "char": "N",
      "block": "minecraft:quartz_slab[waterlogged=false,type=top]"
    },
    {
      "char": "O",
      "block": "minecraft:quartz_stairs[waterlogged=false,half=top,shape=straight,facing=east]"
    },
    {
      "char": "P",
      "block": "minecraft:redstone_wall_torch[facing=north]"
    },
    {
      "char": "Q",
      "block": "minecraft:smooth_quartz_slab[waterlogged=false,type=bottom]"
    },
    {
      "char": "R",
      "block": "immersiveengineering:slab_steel_scaffolding_standard[waterlogged=false,type=top]"
    },
    {
      "char": "T",
      "block": "minecraft:gray_stained_glass"
    },
    {
      "char": "U",
      "block": "minecraft:light_gray_stained_glass"
    }
  ]
}