{
  "name": "station_staircase_surface_palette",
  "palette": [
    {
      "char": "!",
      "block": "minecraft:diamond_block",
      "mob": "easymobs"
    },
    {
      "char": "~",
      "block": "minecraft:command_block"
    },
    {
      "char": "G",
      "block": "minecraft:grass_block"
    },
    {
      "char": "H",
      "block": "immersivepetroleum:asphalt"
    },
    {
      "char": "S",
      "block": "minecraft:stone"
    },
    {
      "char": "=",
      "block": "immersiveengineering:concrete"
    },
    {
      "char": "_",
      "block": "embellishcraft:gneiss_large_bricks_wall"
    },
    {
      "char": "^",
      "block": "minecraft:water"
    },
    {
      "char": "v",
      "block": "minecraft:stone_bricks"
    },
    {
      "char": "#",
      "block": "minecraft:chest",
      "loot": "chestloot"
    },
    {
      "char": " ",
      "block": "minecraft:air"
    },
    {
      "char": "a",
      "block": "minecraft:smooth_stone"
    },
    {
      "char": "b",
      "block": "immersivepetroleum:asphalt_slab[waterlogged=true,type=bottom]"
    },
    {
      "char": "c",
      "block": "create:polished_cut_tuff"
    },
    {
      "char": "d",
      "block": "create:small_tuff_bricks"
    },
    {
      "char": "e",
      "block": "minecraft:quartz_block"
    },
    {
      "char": "f",
      "block": "minecraft:smooth_quartz"
    },
    {
      "char": "g",
      "block": "minecraft:dark_oak_log[axis=z]"
    },
    {
      "char": "h",
      "block": "embellishcraft:smooth_marble"
    },
    {
      "char": "i",
      "block": "embellishcraft:polished_marble"
    },
    {
      "char": "j",
      "block": "minecraft:smooth_stone_slab[waterlogged=false,type=bottom]"
    },
    {
      "char": "k",
      "block": "minecraft:lilac[half=lower]"
    },
    {
      "char": "l",
      "block": "minecraft:fern"
    },
    {
      "char": "m",
      "block": "quark:iron_rod[facing=up]"
    },
    {
      "char": "n",
      "block": "cfm:stripped_oak_park_bench[waterlogged=false,facing=south,type=right]"
    },
    {
      "char": "o",
      "block": "cfm:stripped_oak_park_bench[waterlogged=false,facing=south,type=left]"
    },
    {
      "char": "p",
      "block": "minecraft:iron_bars[east=true,waterlogged=false,south=false,north=false,west=true]"
    },
    {
      "char": "q",
      "block": "minecraft:iron_bars[east=false,waterlogged=false,south=false,north=false,west=true]"
    },
    {
      "char": "r",
      "block": "minecraft:crafting_table"
    },
    {
      "char": "s",
      "block": "minecraft:iron_bars[east=false,waterlogged=false,south=true,north=true,west=false]"
    },
    {
      "char": "t",
      "block": "minecraft:dark_oak_leaves"
    },
    {
      "char": "u",
      "block": "cfm:stripped_oak_park_bench[waterlogged=false,facing=north,type=left]"
    },
    {
      "char": "w",
      "block": "cfm:stripped_oak_park_bench[waterlogged=false,facing=north,type=right]"
    },
    {
      "char": "x",
      "block": "minecraft:lilac[half=upper]"
    },
    {
      "char": "y",
      "block": "minecraft:soul_lantern[waterlogged=false,hanging=true]"
    },
    {
      "char": "z",
      "block": "quark:stone_vertical_slab[waterlogged=false,type=west]"
    },
    {
      "char": "A",
      "block": "minecraft:stone_slab[waterlogged=false,type=bottom]"
    },
    {
      "char": "B",
      "block": "minecraft:stone_stairs[waterlogged=false,half=bottom,shape=straight,facing=east]"
    },
    {
      "char": "C",
      "block": "simplylight:edge_light_top[east=false,waterlogged=false,south=false,north=false,west=false]"
    },
    {
      "char": "D",
      "block": "minecraft:chain[waterlogged=false,axis=y]"
    },
    {
      "char": "E",
      "block": "minecraft:quartz_slab[waterlogged=false,type=bottom]"
    },
    {
      "char": "F",
      "block": "minecraft:quartz_slab[waterlogged=false,type=top]"
    },
    {
      "char": "I",
      "block": "minecraft:smooth_stone_slab[waterlogged=false,type=top]"
    }
  ]
}