{
  "type": "minecraft:chest",
  "pools": [
    {
      "rolls": {
        "min": 0,
        "max": 5
      },
      "bonus_rolls": {
        "min": 1,
        "max": 2
      },
      "entries": [
        {
          "type": "minecraft:item",
          "weight": 3,
          "name": "farmersdelight:cabbage",
          "functions": [
            {
              "function": "minecraft:set_count",
              "count": {
                "min": 1,
                "max": 4
              },
              "add": true
            }
          ]
        },
        {
          "type": "minecraft:item",
          "weight": 5,
          "name": "minecraft:egg",
          "functions": [
            {
              "function": "minecraft:set_count",
              "count": {
                "min": 1,
                "max": 4
              },
              "add": true
            }
          ]
        },
        {
          "type": "minecraft:item",
          "weight": 5,
          "name": "farmersdelight:minced_beef",
          "functions": [
            {
              "function": "minecraft:set_count",
              "count": {
                "min": 2,
                "max": 6
              },
              "add": true
            }
          ]
        },
        {
          "type": "minecraft:item",
          "weight": 1,
          "name": "farmersdelight:fruit_salad",
          "functions": [
            {
              "function": "minecraft:set_count",
              "count": {
                "min": 1,
                "max": 3
              },
              "add": true
            }
          ]
        },
        {
          "type": "minecraft:item",
          "weight": 3,
          "name": "farmersdelight:onion",
          "functions": [
            {
              "function": "minecraft:set_count",
              "count": {
                "min": 1,
                "max": 4
              },
              "add": true
            }
          ]
        }
      ]
    },
    {
      "rolls": {
        "min": 0,
        "max": 4
      },
      "bonus_rolls": {
        "min": 1,
        "max": 2
      },
      "entries": [
        {
          "type": "minecraft:item",
          "weight": 3,
          "name": "farmersdelight:melon_popsicle",
          "functions": [
            {
              "function": "minecraft:set_count",
              "count": {
                "min": 1,
                "max": 3
              },
              "add": true
            }
          ]
        },
        {
          "type": "minecraft:item",
          "weight": 3,
          "name": "farmersdelight:apple_cider",
          "functions": [
            {
              "function": "minecraft:set_count",
              "count": {
                "min": 1,
                "max": 4
              },
              "add": true
            }
          ]
        },
        {
          "type": "minecraft:item",
          "weight": 10,
          "name": "farmersdelight:melon_juice",
          "functions": [
            {
              "function": "minecraft:set_count",
              "count": {
                "min": 1,
                "max": 5
              },
              "add": true
            }
          ]
        }
      ]
    },
    {
      "rolls": {
        "min": 0,
        "max": 1
      },
      "entries": [
        {
          "type": "minecraft:item",
          "name": "minecraft:apple"
        }
      ]
    }
  ]
}
