{
  "name": "building_apartment1_ground",
  "refpalette": "c70cities:building_apartment1_ground_palette",
  "xsize": 16,
  "zsize": 16,
  "slices": [
    [
      "GGGGGGGGGGGGGGGG",
      "GaaaaaaaaaaaaaaG",
      "GaaaaaaaaaaaaaaG",
      "GaaaaaaaaaaaaaaG",
      "GaaaaaaaaaaaaaaG",
      "GaaaaaaaaaaaaaaG",
      "GaaaaaaaaaaaaaaG",
      "GaaaaaaaaaaaaaaG",
      "GaaaaaaaaaaaaaaG",
      "GaaaaaaaaaaaaaaG",
      "GaaaaaaaaaaaaaaG",
      "GaaaaaaaaaaaaaaG",
      "GaaaaaaaaaaaaaaG",
      "GaaaaaaaaaaaaaaG",
      "GaaaaaaaaaaaaaaG",
      "GGGGGGGGGGGGGGGG"
    ],
    [
      "                ",
      " bbccccccccccbb ",
      " d efgbhib jj d ",
      " d   gb  bkllmd ",
      " d   nbbobkllmd ",
      " bp   b   kllmd ",
      " qr        ss d ",
      " tu   w       d ",
      " xu       #yzpd ",
      " Ar      bbbbbb ",
      " dp      B   C  ",
      " d DDDD  E  FC  ",
      " d I ID  b  rC  ",
      " d      pbJJCC  ",
      " KLLLLLLMb      ",
      "                "
    ],
    [
      "                ",
      " bbbbbbbbbbbbbb ",
      " d   gb Nb    d ",
      " d    b  b    d ",
      " d    bbOb    d ",
      " bp   b       d ",
      " qr           d ",
      " P            d ",
      " Q           pd ",
      " Ar      bbbbbb ",
      " dp      R   T  ",
      " d   U   V   J  ",
      " d       b WFC  ",
      " d      pbCCCC  ",
      " KLLLLLLMb      ",
      "                "
    ],
    [
      "                ",
      " bbLLbbLLbbLLbb ",
      " d    b  b    d ",
      " d    b  b    d ",
      " d    bbXb    d ",
      " b    b       d ",
      " qr           d ",
      " Y            d ",
      " Y            d ",
      " Ar      bbbbbb ",
      " d       Z   C  ",
      " d       Z   C  ",
      " d       br0 C  ",
      " d       bCC12  ",
      " KLLLLLLMb      ",
      "                "
    ],
    [
      "                ",
      " bbccbbccbbccbb ",
      " 3    b  b    3 ",
      " 3    b  b    3 ",
      " 3    bbbb    3 ",
      " b    b  b    3 ",
      " qr      b    3 ",
      "  r      b    3 ",
      "  r      b    3 ",
      " Ar      bbbbbb ",
      " 3       b   1  ",
      " 3       b4  1  ",
      " 3       b0  1  ",
      " 3       b5JJC  ",
      " qMMMMMMMb      ",
      "                "
    ],
    [
      "                ",
      " bbbbbbbbbbbbbb ",
      " bCCCCb66bCCCCb ",
      " bCCCCb66bCCCCb ",
      " bCCCCbbbbCCCCb ",
      " bCCCCbCCbCCCCb ",
      " bCCCCCCCbCCCCb ",
      " bCCC!7CCbCCCCb ",
      " bCCCw8CCbCCCCb ",
      " bCCCCCCCbbbbbb ",
      " bCCCCCCCbr  C  ",
      " bCCCCCCCb9  C  ",
      " bCCCCCCCb   C  ",
      " bCCCCCCCbCCCC  ",
      " bbbbbbbbb      ",
      "                "
    ]
  ]
}