{
  "name": "building_apartment1_ground_270",
  "refpalette": "c70cities:building_apartment1_ground_palette_270",
  "xsize": 16,
  "zsize": 16,
  "slices": [
    [
      "GGGGGGGGGGGGGGGG",
      "GaaaaaaaaaaaaaaG",
      "GaaaaaaaaaaaaaaG",
      "GaaaaaaaaaaaaaaG",
      "GaaaaaaaaaaaaaaG",
      "GaaaaaaaaaaaaaaG",
      "GaaaaaaaaaaaaaaG",
      "GaaaaaaaaaaaaaaG",
      "GaaaaaaaaaaaaaaG",
      "GaaaaaaaaaaaaaaG",
      "GaaaaaaaaaaaaaaG",
      "GaaaaaaaaaaaaaaG",
      "GaaaaaaaaaaaaaaG",
      "GaaaaaaaaaaaaaaG",
      "GaaaaaaaaaaaaaaG",
      "GGGGGGGGGGGGGGGG"
    ],
    [
      "                ",
      " KddddAxtqbdddb ",
      " L   pruurp   b ",
      " L ID        ec ",
      " L  D        fc ",
      " L ID      nggc ",
      " L DD   w bbbbc ",
      " L         b hc ",
      " Mp        o ic ",
      " bbbEBb    bbbc ",
      "  J   b#  kkk c ",
      "  J   by sllljc ",
      "  CrF bz sllljc ",
      "  CCCCbp  mmm b ",
      "      bdddddddb ",
      "                "
    ],
    [
      "                ",
      " KddddAQPqbdddb ",
      " L   pr  rp   b ",
      " L            b ",
      " L            b ",
      " L  U        gb ",
      " L        bbbbb ",
      " L         b  b ",
      " Mp        O Nb ",
      " bbbVRb    bbbb ",
      "  C   b       b ",
      "  CW  b       b ",
      "  CF  b       b ",
      "  CCJTbp      b ",
      "      bdddddddb ",
      "                "
    ],
    [
      "                ",
      " KddddAYYqbdddb ",
      " L    r  r    b ",
      " L            L ",
      " L            L ",
      " L            b ",
      " L        bbbbb ",
      " L         b  L ",
      " M         X  L ",
      " bbbZZb    bbbb ",
      "  Cr  b       b ",
      "  C0  b       L ",
      "  1   b       L ",
      "  2CCCb       b ",
      "      bdddddddb ",
      "                "
    ],
    [
      "                ",
      " q3333A  qb333b ",
      " M    rrrr    b ",
      " M            c ",
      " M            c ",
      " M            b ",
      " M        bbbbb ",
      " M         b  c ",
      " M         b  c ",
      " bbbbbbbbbbbbbb ",
      "  504 b       b ",
      "  J   b       c ",
      "  J   b       c ",
      "  C111b       b ",
      "      b3333333b ",
      "                "
    ],
    [
      "                ",
      " bbbbbbbbbbbbbb ",
      " bCCCCCCCCCCCCb ",
      " bCCCCCCCCCCCCb ",
      " bCCCCCCCCCCCCb ",
      " bCCCCCw!CCCCCb ",
      " bCCCCC87Cbbbbb ",
      " bCCCCCCCCCb66b ",
      " bCCCCCCCCCb66b ",
      " bbbbbbbbbbbbbb ",
      "  C 9rbCCCCCCCb ",
      "  C   bCCCCCCCb ",
      "  C   bCCCCCCCb ",
      "  CCCCbCCCCCCCb ",
      "      bbbbbbbbb ",
      "                "
    ]
  ]
}