{
  "type": "minecraft:chest",
  "pools": [
    {
      "rolls": {
        "min": 1,
        "max": 4
      },
      "bonus_rolls": {
        "min": 1,
        "max": 2
      },
      "entries": [
        {
          "type": "minecraft:item",
          "name": "farmersdelight:fruit_salad",
          "functions": [
            {
              "function": "minecraft:set_count",
              "count": {
                "min": 1,
                "max": 2
              }
            }
          ]
        }
      ]
    },
    {
      "rolls": {
        "min": 1,
        "max": 3
      },
      "bonus_rolls": {
        "min": 1,
        "max": 2
      },
      "entries": [
        {
          "type": "minecraft:item",
          "weight": 5,
          "name": "minecraft:beetroot_soup",
          "functions": [
            {
              "function": "minecraft:set_count",
              "count": {
                "min": 1,
                "max": 3
              },
              "add": true
            }
          ]
        },
        {
          "type": "minecraft:item",
          "weight": 5,
          "name": "farmersdelight:cooked_rice",
          "functions": [
            {
              "function": "minecraft:set_count",
              "count": {
                "min": 1,
                "max": 5
              },
              "add": true
            }
          ]
        }
      ]
    },
    {
      "rolls": {
        "min": 1,
        "max": 3
      },
      "bonus_rolls": {
        "min": 1,
        "max": 2
      },
      "entries": [
        {
          "type": "minecraft:item",
          "weight": 5,
          "name": "arsenals_of_the_apocalypse:canned_fish",
          "functions": [
            {
              "function": "minecraft:set_count",
              "count": {
                "min": 1,
                "max": 5
              },
              "add": true
            }
          ]
        },
        {
          "type": "minecraft:item",
          "weight": 10,
          "name": "arsenals_of_the_apocalypse:canned_tomatos",
          "functions": [
            {
              "function": "minecraft:set_count",
              "count": {
                "min": 1,
                "max": 5
              },
              "add": true
            }
          ]
        }
      ]
    }
  ]
}
