{
  "name": "bridge_1",
  "refpalette": "c70cities:bridge_1_palette",
  "xsize": 16,
  "zsize": 16,
  "slices": [
    [
      "                ",
      "aaaaaaaaaaaaaaaa",
      "bbbbbbbbbbbbbbbb",
      "bbbbbbbbbbbbbbbb",
      "cccdccccccccdccc",
      "aaeeeeeeeeeeeeaa",
      "HHHHHHHHHHHHHHHH",
      "HHHHHHHHHHHHHHHH",
      "HHHHHHHHHHHHHHHH",
      "HHHHHHfHHHHHHHHH",
      "aaeeeeeeeeeeeeaa",
      "cccdccccccccdccc",
      "bbbbbbbbbbbbbbbb",
      "bbbbbbbbbbbbbbbb",
      "aaaaaaaaaaaaaaaa",
      "                "
    ],
    [
      "                ",
      "eaggggggggggggae",
      "                ",
      "                ",
      "  hi        j   ",
      "kallllllllllllam",
      "                ",
      "                ",
      "                ",
      "                ",
      "kallllllllllllam",
      "   i        i   ",
      "                ",
      "                ",
      "eaggggggggggggae",
      "                "
    ],
    [
      "                ",
      " n            n ",
      "                ",
      "                ",
      "   i        j   ",
      "                ",
      "                ",
      "                ",
      "                ",
      "                ",
      "                ",
      "   i        i   ",
      "                ",
      "                ",
      " n            n ",
      "                "
    ],
    [
      "                ",
      "                ",
      "                ",
      "            o   ",
      "   i        j   ",
      "                ",
      "                ",
      "                ",
      "                ",
      "                ",
      "                ",
      "   i        i   ",
      "            p   ",
      "                ",
      "                ",
      "                "
    ],
    [
      "                ",
      "                ",
      "                ",
      "            q   ",
      "   r        r   ",
      "                ",
      "                ",
      "                ",
      "                ",
      "                ",
      "                ",
      "   q        q   ",
      "   r            ",
      "                ",
      "                ",
      "                "
    ]
  ],
  "meta": [
    {
      "key": "support",
      "char": "v"
    }
  ]
}