{
  "name": "bridge_3",
  "refpalette": "c70cities:bridge_3_palette",
  "xsize": 16,
  "zsize": 16,
  "slices": [
    [
      "                ",
      "aaaaaaaaaaaaaaaa",
      "bbbbbbbbbbbbbbbb",
      "bbbbbbbbbbbbbbbb",
      "cddeddddccddeddd",
      "aaffffffaaffffaa",
      "HHHHHHHHHHHHHHHH",
      "HHHHHHHHHHHHHHHH",
      "HHHHHHHHHHHHHHHH",
      "HHHHHHHHHHHHHHHH",
      "aaffffffffffffaa",
      "dddedddcddddedcc",
      "bbbbbbbbbbbbbbbb",
      "bbbbbbbbbbbbbbbb",
      "aaaaaaaaaaaaaaaa",
      "                "
    ],
    [
      "                ",
      "faggggggggh igaf",
      "                ",
      "                ",
      "   jk       l   ",
      "mannnnnnffnnnnao",
      "                ",
      "                ",
      "                ",
      "                ",
      "mannnnnnnnnnnnao",
      "   j       pj   ",
      "                ",
      "                ",
      "faggggggggggggaf",
      "                "
    ],
    [
      "                ",
      " q            q ",
      "                ",
      "                ",
      "   j        l   ",
      "                ",
      "                ",
      "                ",
      "                ",
      "                ",
      "                ",
      "   j        j   ",
      "                ",
      "                ",
      " q            q ",
      "                "
    ],
    [
      "                ",
      "                ",
      "                ",
      "                ",
      "   j            ",
      "                ",
      "                ",
      "                ",
      "                ",
      "                ",
      "                ",
      "   j        j   ",
      "                ",
      "                ",
      "                ",
      "                "
    ],
    [
      "                ",
      "                ",
      "                ",
      "                ",
      "                ",
      "                ",
      "                ",
      "                ",
      "                ",
      "                ",
      "                ",
      "   k        k   ",
      "                ",
      "                ",
      "                ",
      "                "
    ]
  ],
  "meta": [
    {
      "key": "support",
      "char": "v"
    }
  ]
}