{
  "name": "building_hotel1_floor3_270",
  "refpalette": "c70cities:building_hotel1_floor3_palette_270",
  "xsize": 16,
  "zsize": 16,
  "slices": [
    [
      "                ",
      " aadddddddaaaaa ",
      " abbbbbbbbbbbba ",
      " abbbbbbbbbbbba ",
      " abbbbbbbbbbbba ",
      " abbbccccccbbba ",
      " abbbc    cbbba ",
      " abbbc    cbbba ",
      " dbbbc    cbbba ",
      " dbccce   cbbba ",
      " dbbbbbbbdcbbba ",
      " dbbbbbbbbcbbba ",
      " dbbbbbbbbcbbba ",
      " abbbbbbbbcbbba ",
      " aaffffaaaaaaaa ",
      "                "
    ],
    [
      "                ",
      " aaaaaaaaaaaaaa ",
      " a          l a ",
      " a zua      mga ",
      " a zua=qq=    a ",
      " a  #oaaaaon  a ",
      " a Awa    a  ha ",
      " a Bxae   a= ia ",
      " aECyae   a= ia ",
      " aaaaad   a  ja ",
      " aee   sr on  a ",
      " aeD      a   a ",
      " aeD      p  ka ",
      " am    m  a   a ",
      " aattttaaaaaaaa ",
      "                "
    ],
    [
      "                ",
      " aaaaattttaaaaa ",
      " a            a ",
      " O   a      F a ",
      " O   aL  J    a ",
      " O   oaaaaon  a ",
      " O Mtaee  a   a ",
      " O   ad   a   a ",
      " O   a    a   a ",
      " aaaaa    a   a ",
      " a        on  a ",
      " a        a   a ",
      " a        I   a ",
      " aN    K  a   a ",
      " aattttaaaaaaaa ",
      "                "
    ],
    [
      "                ",
      " aaaaaaaaaaaaaa ",
      " a   a        a ",
      " a   a        a ",
      " a   a DD     a ",
      " a  Poaaaaon Pa ",
      " a Mta deea   a ",
      " a   a    a   a ",
      " a   a    a   a ",
      " aaaaa    a   a ",
      " a        on Pa ",
      " a        a   a ",
      " a        a   a ",
      " aN    K  a   a ",
      " aattQ aaaaaaaa ",
      "                "
    ],
    [
      "                ",
      " aaaaaaaaaattaa ",
      " a   a        a ",
      " a   a        a ",
      " a   a        a ",
      " a  Roaaaao  Ra ",
      " attta   da   a ",
      " O   a   ea   a ",
      " O   a   ea   a ",
      " aaaaa    a   a ",
      " a        o  Ra ",
      " a        a   a ",
      " a        a   a ",
      " a        a   a ",
      " aattttaaaaaaaa ",
      "                "
    ],
    [
      "                ",
      " aaaaaaaaaaaaaa ",
      " aTTTaTTTTTTTTa ",
      " aTTTaTTTTTTTTa ",
      " aTTTaTTTTTTTTa ",
      " aTTToaaaaoTTTa ",
      " aTTTa    aTTTa ",
      " aTTTa    aTTTa ",
      " aTTTa   daTTTa ",
      " aaaaa   eaTTTa ",
      " aTTTTTTTToTTTa ",
      " aTTTTTTTTaTTTa ",
      " aTTTTTTTTaTTTa ",
      " aTTTTTTTTaTTTa ",
      " aaffffaaaaaaaa ",
      "                "
    ]
  ]
}