{
  "name": "building_bank1_ground",
  "refpalette": "c70cities:building_bank1_ground_palette",
  "xsize": 16,
  "zsize": 16,
  "slices": [
    [
      "GGGGGGGGGGGGGGGG",
      "GGaGGaaaaGGaaaGG",
      "GabbbbbbbbbbbbaG",
      "GabbbbbbbbbbbbGG",
      "GabbbbbbbbbbbbGG",
      "GGbbbbbbbbbbbbaG",
      "GGbbbbbbbbbbbbaG",
      "GabbbbbbbbbbbbaG",
      "GabbbbbbbbbbbbaG",
      "GabbbbbbbbbbbbGG",
      "GabbbbbbbbbbbbGG",
      "GGbbbbb!bbbbbbaG",
      "GGbcbbbbbbbbbbaG",
      "GabbbbbbbbbbbbaG",
      "GGaaaGGaaaaGGaGG",
      "GGGGGGGGGGGGGGGG"
    ],
    [
      "                ",
      " da  aaaa  aaad ",
      " aeefeeeeefegea ",
      " ae  h       i  ",
      " ae jh       f  ",
      "  f  h       ea ",
      "  e jh       ea ",
      " ae  h       ea ",
      " aek         ea ",
      " alm    nn   i  ",
      " aeaa        f  ",
      "  f o  pqqp  ea ",
      "  e a  pppp  ea ",
      " aeeefeeeeefeea ",
      " daaa  aaaa  ad ",
      "                "
    ],
    [
      "                ",
      " da  aaaa  aaad ",
      " aeefeeeeefegea ",
      " ae          r  ",
      " ae          f  ",
      "  f          ea ",
      "  e          ea ",
      " ae  s       ea ",
      " aet         ea ",
      " alm         r  ",
      " aeaa        f  ",
      "  f u        ea ",
      "  e a        ea ",
      " aeeefeeeeefeea ",
      " daaa  aaaa  ad ",
      "                "
    ],
    [
      "                ",
      " dw  aaaw  aaad ",
      " aefeeeeefeeeex ",
      " ae          f  ",
      " ae          e  ",
      "  e          ea ",
      "  f          ea ",
      " ye          ea ",
      " aet         ex ",
      " alm         f  ",
      " aeaa        e  ",
      "  e a        ea ",
      "  f a        ea ",
      " yeeeefeeeeefea ",
      " daaa  zaaa  zd ",
      "                "
    ],
    [
      "                ",
      " d   aaa   aaad ",
      " aefeeeeefeeee  ",
      " ae          f  ",
      " ae          e  ",
      "  e          ea ",
      "  f          ea ",
      "  e          ea ",
      " ae          e  ",
      " alm         f  ",
      " aeaa        e  ",
      "  e a        ea ",
      "  f a        ea ",
      "  eeeefeeeeefea ",
      " daaa   aaa   d ",
      "                "
    ],
    [
      "                ",
      "    Aaaw  Aaaw  ",
      " yfeeeeefeeeef  ",
      " aeBBBBBBBBBBe  ",
      " aeBBBBBBBBBBeC ",
      " De BBBEEEEBBea ",
      "  e BBBEFFEBBea ",
      "  f BBBEFFEBBex ",
      " ye BBBEFFEBBf  ",
      " almBBBEFFEBBe  ",
      " aeaaBBEEEEBBeC ",
      " DeBaBBBBBBBBea ",
      "  eBaBBBBBBBBea ",
      "  feeeefeeeeefx ",
      "  zaaI  zaaI    ",
      "                "
    ]
  ]
}