{
  "name": "building_apartment1_ground_180",
  "refpalette": "c70cities:building_apartment1_ground_palette_180",
  "xsize": 16,
  "zsize": 16,
  "slices": [
    [
      "GGGGGGGGGGGGGGGG",
      "GaaaaaaaaaaaaaaG",
      "GaaaaaaaaaaaaaaG",
      "GaaaaaaaaaaaaaaG",
      "GaaaaaaaaaaaaaaG",
      "GaaaaaaaaaaaaaaG",
      "GaaaaaaaaaaaaaaG",
      "GaaaaaaaaaaaaaaG",
      "GaaaaaaaaaaaaaaG",
      "GaaaaaaaaaaaaaaG",
      "GaaaaaaaaaaaaaaG",
      "GaaaaaaaaaaaaaaG",
      "GaaaaaaaaaaaaaaG",
      "GaaaaaaaaaaaaaaG",
      "GaaaaaaaaaaaaaaG",
      "GGGGGGGGGGGGGGGG"
    ],
    [
      "                ",
      "      bMLLLLLLK ",
      "  CCJJbp      d ",
      "  Cr  b  DI I d ",
      "  CF  E  DDDD d ",
      "  C   B      pd ",
      " bbbbbb      rA ",
      " dpzy#       ux ",
      " d       w   ut ",
      " d ss        rq ",
      " dmllk   b   pb ",
      " dmllkbobbn   d ",
      " dmllkb  bg   d ",
      " d jj bihbgfe d ",
      " bbccccccccccbb ",
      "                "
    ],
    [
      "                ",
      "      bMLLLLLLK ",
      "  CCCCbp      d ",
      "  CFW b       d ",
      "  J   V   U   d ",
      "  T   R      pd ",
      " bbbbbb      rA ",
      " dp           Q ",
      " d            P ",
      " d           rq ",
      " d       b   pb ",
      " d    bObb    d ",
      " d    b  b    d ",
      " d    bN bg   d ",
      " bbbbbbbbbbbbbb ",
      "                "
    ],
    [
      "                ",
      "      bMLLLLLLK ",
      "  21CCb       d ",
      "  C 0rb       d ",
      "  C   Z       d ",
      "  C   Z       d ",
      " bbbbbb      rA ",
      " d            Y ",
      " d            Y ",
      " d           rq ",
      " d       b    b ",
      " d    bXbb    d ",
      " d    b  b    d ",
      " d    b  b    d ",
      " bbLLbbLLbbLLbb ",
      "                "
    ],
    [
      "                ",
      "      bMMMMMMMq ",
      "  CJJ5b       3 ",
      "  1  0b       3 ",
      "  1  4b       3 ",
      "  1   b       3 ",
      " bbbbbb      rA ",
      " 3    b      r  ",
      " 3    b      r  ",
      " 3    b      rq ",
      " 3    b  b    b ",
      " 3    bbbb    3 ",
      " 3    b  b    3 ",
      " 3    b  b    3 ",
      " bbccbbccbbccbb ",
      "                "
    ],
    [
      "                ",
      "      bbbbbbbbb ",
      "  CCCCbCCCCCCCb ",
      "  C   bCCCCCCCb ",
      "  C  9bCCCCCCCb ",
      "  C  rbCCCCCCCb ",
      " bbbbbbCCCCCCCb ",
      " bCCCCbCC8wCCCb ",
      " bCCCCbCC7!CCCb ",
      " bCCCCbCCCCCCCb ",
      " bCCCCbCCbCCCCb ",
      " bCCCCbbbbCCCCb ",
      " bCCCCb66bCCCCb ",
      " bCCCCb66bCCCCb ",
      " bbbbbbbbbbbbbb ",
      "                "
    ]
  ]
}