{
  "name": "building_bank1_base1_90",
  "refpalette": "c70cities:building_bank1_base1_palette_90",
  "xsize": 16,
  "zsize": 16,
  "slices": [
    [
      "vvvvvvvvvvvvvvvv",
      "vaabbaaaabbaaaav",
      "vabbbbbbbbbbbbav",
      "vabbbbbbbbbbbbbv",
      "vabbbbbbbbbbb!bv",
      "vbbbbbbbbbbbbbav",
      "vbbbbbbbbbbbbbav",
      "vabbbbbbbbbbbbav",
      "vabbbbbbbbbbbbav",
      "vabbbbbbbbbbbbbv",
      "vabbbbbbbbbbbbbv",
      "vbbbbbbbbbbbbbav",
      "vb!bbbbbbbbbbbav",
      "vabbbbbbbbbbbbav",
      "vaaaabbaaaabbaav",
      "vvvvvvvvvvvvvvvv"
    ],
    [
      "vvvvvvvvvvvvvvvv",
      "vaabbaaaabbaaaav",
      "vafccegeeccdggav",
      "va           cbv",
      "va           cbv",
      "vbc          eav",
      "vbc#         eav",
      "vae   e      eav",
      "vae          eav",
      "va       e   cbv",
      "vade         cbv",
      "vbc           av",
      "vbc         h av",
      "va g ccedgecc av",
      "vaaaabbaaaabbaav",
      "vvvvvvvvvvvvvvvv"
    ],
    [
      "vvvvvvvvvvvvvvvv",
      "vaabbaaaabbaaaav",
      "va cc    ccd gav",
      "va           cbv",
      "va           cbv",
      "vbc           av",
      "vbc           av",
      "va           gav",
      "va            av",
      "va           cbv",
      "va           cbv",
      "vbc           av",
      "vbc         h av",
      "va   cc d  cc av",
      "vaaaabbaaaabbaav",
      "vvvvvvvvvvvvvvvv"
    ],
    [
      "vvvvvvvvvvvvvvvv",
      "vaabbaaaabbaaaav",
      "va cc    cc   av",
      "va           cbv",
      "va           cbv",
      "vbc           av",
      "vbc           av",
      "va            av",
      "va            av",
      "va           cbv",
      "va           cbv",
      "vbc           av",
      "vbc         h av",
      "va   cc    cc av",
      "vaaaabbaaaabbaav",
      "vvvvvvvvvvvvvvvv"
    ],
    [
      "vvvvvvvvvvvvvvvv",
      "vaabbaaaabbaaaav",
      "va cc    cc   av",
      "va           cbv",
      "va           cbv",
      "vbc           av",
      "vbc           av",
      "va            av",
      "va            av",
      "va           cbv",
      "va           cbv",
      "vbc           av",
      "vbc         h av",
      "va   cc    cc av",
      "vaaaabbaaaabbaav",
      "vvvvvvvvvvvvvvvv"
    ],
    [
      "vvvvvvvvvvvvvvvv",
      "vaabbaaaabbaaaav",
      "vajcciiiicciifav",
      "vaiiiiiiiiiiicbv",
      "vaiiiiiiiiiiicbv",
      "vbciiiiiiiiiiiav",
      "vbciiiiiiiiiiiav",
      "vaiiiiiiiiiiiiav",
      "vaiiiiiiiiiiiiav",
      "vaiiiiiiiiiiicbv",
      "vaiiiiiiiiiiicbv",
      "vbciiiiiiiiiiiav",
      "vbciiiiiiiiihiav",
      "vafiicciiiicckav",
      "vaaaabbaaaabbaav",
      "vvvvvvvvvvvvvvvv"
    ]
  ]
}