{
  "name": "building_carservice1_base1_270",
  "refpalette": "c70cities:building_carservice1_base1_palette_270",
  "xsize": 16,
  "zsize": 16,
  "slices": [
    [
      "vvvvvvvvvvvvvvvv",
      "vaaaaaaaaaaaaaav",
      "va====aaaaaaaaav",
      "va====aaaaaaaaav",
      "vaaaaaaaaaaaaaav",
      "vaaaaaaaaaaaaaav",
      "vaaaaaaaaaaaaaav",
      "vaaaaaaaaaaaaaav",
      "vaaaaaaaaaaaaaav",
      "vaaaaa!aaaaaaaav",
      "vaaaaaaaaaaaaaav",
      "vaaaaaaaaaaaaaav",
      "vaaaaaaaaaaaaaav",
      "vaaaaaaaaaaaaaav",
      "vaaaaaaaaaaaaaav",
      "vvvvvvvvvvvvvvvv"
    ],
    [
      "vvvvvvvvvvvvvvvv",
      "vvvvvvvvvvvvvvvv",
      "vvp   i=====vvvv",
      "vv    i=====vvvv",
      "vbbnnnbbbb==vvvv",
      "vb       bddvvvv",
      "vbq        dvvvv",
      "vbq   j     vvvv",
      "vb    kh bd!vvvv",
      "vwro  bggbbbbbbv",
      "vbs     e  e  bv",
      "vbt   lcfccfc bv",
      "vbt   mccc#cc bv",
      "vbu   lcfccfc bv",
      "vbbbbbbbbbbbbbbv",
      "vvvvvvvvvvvvvvvv"
    ],
    [
      "vvvvvvvvvvvvvvvv",
      "vvvvvvvvvvvvvvvv",
      "vvp     i===vvvv",
      "vv      i===vvvv",
      "vbbnnnbbbb==vvvv",
      "vb       b  vvvv",
      "vb          vvvv",
      "vb          vvvv",
      "vb       b dvvvv",
      "vwro  bggbbbbbbv",
      "vb            bv",
      "vb     FFCAyx bv",
      "vb     JID zx bv",
      "vb     FFEByx bv",
      "vbbbbbbbbbbbbbbv",
      "vvvvvvvvvvvvvvvv"
    ],
    [
      "vvvvvvvvvvvvvvvv",
      "vvvvvvvvvvvvvvvv",
      "vvK       iivvvv",
      "vvK       iivvvv",
      "vbbnnnbbbb==vvvv",
      "vb       b  vvvv",
      "vb       b  vvvv",
      "vb       b  vvvv",
      "vb       b  vvvv",
      "vwro  bggbbbbbbv",
      "vb            bv",
      "vb       FF   bv",
      "vb       JIJ  bv",
      "vb       FF   bv",
      "vbbbbbbbbbbbbbbv",
      "vvvvvvvvvvvvvvvv"
    ],
    [
      "vvvvvvvvvvvvvvvv",
      "vvvvvvvvvvvvvvvv",
      "vvK         vvvv",
      "vvK         vvvv",
      "vbbbbbbbbb  vvvv",
      "vb       biivvvv",
      "vb       b==vvvv",
      "vb       b==vvvv",
      "vb       b==vvvv",
      "vbbbbbbbbbbbbbbv",
      "vb            bv",
      "vb            bv",
      "vb            bv",
      "vb            bv",
      "vbbbbbbbbbbbbbbv",
      "vvvvvvvvvvvvvvvv"
    ],
    [
      "vvvvvvvvvvvvvvvv",
      "vvvvvvvvvvvvvvvv",
      "vvNNNNNNN   vvvv",
      "vvNNNNNNN   vvvv",
      "vbbbbbbbbb  vvvv",
      "vbMMMMMMMb  vvvv",
      "vbMMMMMMMb  vvvv",
      "vbMMMMMMMbiivvvv",
      "vbMMMMMMMb==vvvv",
      "vbbbbbbbbbbbbbbv",
      "vb MMMMMLMMMMLbv",
      "vbMMMMMMMMMMMMbv",
      "vbMMMMMMMMMMMMbv",
      "vbLMMMMMOMMMM bv",
      "vbbbbbbbbbbbbbbv",
      "vvvvvvvvvvvvvvvv"
    ]
  ]
}