{
  "name": "building_hotel1_floor3_90",
  "refpalette": "c70cities:building_hotel1_floor3_palette_90",
  "xsize": 16,
  "zsize": 16,
  "slices": [
    [
      "                ",
      " aaaaaaaaffffaa ",
      " abbbcbbbbbbbba ",
      " abbbcbbbbbbbbd ",
      " abbbcbbbbbbbbd ",
      " abbbcdbbbbbbbd ",
      " abbbc   ecccbd ",
      " abbbc    cbbbd ",
      " abbbc    cbbba ",
      " abbbc    cbbba ",
      " abbbccccccbbba ",
      " abbbbbbbbbbbba ",
      " abbbbbbbbbbbba ",
      " abbbbbbbbbbbba ",
      " aaaaadddddddaa ",
      "                "
    ],
    [
      "                ",
      " aaaaaaaattttaa ",
      " a   a  m    ma ",
      " ak  p      Dea ",
      " a   a      Dea ",
      " a  no rs   eea ",
      " aj  a   daaaaa ",
      " ai =a   eayCEa ",
      " ai =a   eaxB a ",
      " ah  a    awA a ",
      " a  noaaaao#  a ",
      " a    =qq=auz a ",
      " agm      auz a ",
      " a l          a ",
      " aaaaaaaaaaaaaa ",
      "                "
    ],
    [
      "                ",
      " aaaaaaaattttaa ",
      " a   a  K    Na ",
      " a   I        a ",
      " a   a        a ",
      " a  no        a ",
      " a   a    aaaaa ",
      " a   a    a   O ",
      " a   a   da   O ",
      " a   a  eeatM O ",
      " a  noaaaao   O ",
      " a    J  La   O ",
      " a F      a   O ",
      " a            a ",
      " aaaaattttaaaaa ",
      "                "
    ],
    [
      "                ",
      " aaaaaaaa Qttaa ",
      " a   a  K    Na ",
      " a   a        a ",
      " a   a        a ",
      " aP no        a ",
      " a   a    aaaaa ",
      " a   a    a   a ",
      " a   a    a   a ",
      " a   aeed atM a ",
      " aP noaaaaoP  a ",
      " a     DD a   a ",
      " a        a   a ",
      " a        a   a ",
      " aaaaaaaaaaaaaa ",
      "                "
    ],
    [
      "                ",
      " aaaaaaaattttaa ",
      " a   a        a ",
      " a   a        a ",
      " a   a        a ",
      " aR  o        a ",
      " a   a    aaaaa ",
      " a   ae   a   O ",
      " a   ae   a   O ",
      " a   ad   attta ",
      " aR  oaaaaoR  a ",
      " a        a   a ",
      " a        a   a ",
      " a        a   a ",
      " aattaaaaaaaaaa ",
      "                "
    ],
    [
      "                ",
      " aaaaaaaaffffaa ",
      " aTTTaTTTTTTTTa ",
      " aTTTaTTTTTTTTa ",
      " aTTTaTTTTTTTTa ",
      " aTTToTTTTTTTTa ",
      " aTTTae   aaaaa ",
      " aTTTad   aTTTa ",
      " aTTTa    aTTTa ",
      " aTTTa    aTTTa ",
      " aTTToaaaaoTTTa ",
      " aTTTTTTTTaTTTa ",
      " aTTTTTTTTaTTTa ",
      " aTTTTTTTTaTTTa ",
      " aaaaaaaaaaaaaa ",
      "                "
    ]
  ]
}