{
  "name": "building_bank1_ground_180",
  "refpalette": "c70cities:building_bank1_ground_palette_180",
  "xsize": 16,
  "zsize": 16,
  "slices": [
    [
      "GGGGGGGGGGGGGGGG",
      "GGaGGaaaaGGaaaGG",
      "GabbbbbbbbbbbbaG",
      "GabbbbbbbbbbcbGG",
      "Gabbbbbb!bbbbbGG",
      "GGbbbbbbbbbbbbaG",
      "GGbbbbbbbbbbbbaG",
      "GabbbbbbbbbbbbaG",
      "GabbbbbbbbbbbbaG",
      "GabbbbbbbbbbbbGG",
      "GabbbbbbbbbbbbGG",
      "GGbbbbbbbbbbbbaG",
      "GGbbbbbbbbbbbbaG",
      "GabbbbbbbbbbbbaG",
      "GGaaaGGaaaaGGaGG",
      "GGGGGGGGGGGGGGGG"
    ],
    [
      "                ",
      " da  aaaa  aaad ",
      " aeefeeeeefeeea ",
      " ae  pppp  a e  ",
      " ae  pqqp  o f  ",
      "  f        aaea ",
      "  i   nn    mla ",
      " ae         kea ",
      " ae       h  ea ",
      " ae       hj e  ",
      " ae       h  f  ",
      "  f       hj ea ",
      "  i       h  ea ",
      " aegefeeeeefeea ",
      " daaa  aaaa  ad ",
      "                "
    ],
    [
      "                ",
      " da  aaaa  aaad ",
      " aeefeeeeefeeea ",
      " ae        a e  ",
      " ae        u f  ",
      "  f        aaea ",
      "  r         mla ",
      " ae         tea ",
      " ae       s  ea ",
      " ae          e  ",
      " ae          f  ",
      "  f          ea ",
      "  r          ea ",
      " aegefeeeeefeea ",
      " daaa  aaaa  ad ",
      "                "
    ],
    [
      "                ",
      " dz  aaaz  aaad ",
      " aefeeeeefeeeey ",
      " ae        a f  ",
      " ae        a e  ",
      "  e        aaea ",
      "  f         mla ",
      " xe         tea ",
      " ae          ey ",
      " ae          f  ",
      " ae          e  ",
      "  e          ea ",
      "  f          ea ",
      " xeeeefeeeeefea ",
      " daaa  waaa  wd ",
      "                "
    ],
    [
      "                ",
      " d   aaa   aaad ",
      " aefeeeeefeeee  ",
      " ae        a f  ",
      " ae        a e  ",
      "  e        aaea ",
      "  f         mla ",
      "  e          ea ",
      " ae          e  ",
      " ae          f  ",
      " ae          e  ",
      "  e          ea ",
      "  f          ea ",
      "  eeeefeeeeefea ",
      " daaa   aaa   d ",
      "                "
    ],
    [
      "                ",
      "    Iaaz  Iaaz  ",
      " xfeeeeefeeeef  ",
      " aeBBBBBBBBaBe  ",
      " aeBBBBBBBBaBeD ",
      " CeBBEEEEBBaaea ",
      "  eBBEFFEBBBmla ",
      "  fBBEFFEBBB ey ",
      " xeBBEFFEBBB f  ",
      " aeBBEFFEBBB e  ",
      " aeBBEEEEBBB eD ",
      " CeBBBBBBBBBBea ",
      "  eBBBBBBBBBBea ",
      "  feeeefeeeeefy ",
      "  waaA  waaA    ",
      "                "
    ]
  ]
}