{
  "name": "building_bank1_top_90",
  "refpalette": "c70cities:building_bank1_top_palette_90",
  "xsize": 16,
  "zsize": 16,
  "slices": [
    [
      "                ",
      "  abbbc abbbc   ",
      "  SddddSdddddSa ",
      " cddddddddddddb ",
      " bddddddddddddb ",
      " bddddddddddddb ",
      " bddddddddddddc ",
      " adddddddddddS  ",
      "  Sddddddddddda ",
      " cddddddddddddb ",
      " bddddddddddddb ",
      " bddddddddddddb ",
      " bddd     ddddc ",
      " aSdddddSddddS  ",
      "   cbbba cbbba  ",
      "                "
    ],
    [
      "                ",
      " fbcc abbcc abw ",
      " bgggghggggghgb ",
      " ah  #     qtgc ",
      "  g      p qsgc ",
      " cg  j m p qsg  ",
      " cg  j   o qsha ",
      " bg  illln qrgb ",
      " bg        qrgb ",
      " ah   k k  qsgc ",
      "  g        qsgc ",
      " cg        qsg  ",
      " cg        qrha ",
      " bghggggghggggb ",
      " eba ccbba ccbu ",
      "                "
    ],
    [
      "                ",
      " ybbbbbbbbbbbbC ",
      " bgggghggggghgb ",
      " bh         sgb ",
      " bg      p  sgb ",
      " bg      p  sgb ",
      " bg         shb ",
      " bg  z   A  sgb ",
      " bg         sgb ",
      " bh         sgb ",
      " bg         sgb ",
      " bg         sgb ",
      " bg         shb ",
      " bghggggghggggb ",
      " xbbbbbbbbbbbbB ",
      "                "
    ],
    [
      "                ",
      "                ",
      "   gghggggghg   ",
      "  gg        gg  ",
      "  h          g  ",
      "  g          h  ",
      "  g          g  ",
      "  g          g  ",
      "  g          g  ",
      "  g          g  ",
      "  h          g  ",
      "  g          h  ",
      "  gg        gg  ",
      "   ghggggghgg   ",
      "                ",
      "                "
    ],
    [
      "                ",
      "                ",
      "                ",
      "    gggggggg    ",
      "   gggggggggg   ",
      "   gggD   ggg   ",
      "   gg      gg   ",
      "   gg      gg   ",
      "   gg      gg   ",
      "   gg      gg   ",
      "   ggg   Dggg   ",
      "   gggggggggg   ",
      "    gggggggg    ",
      "                ",
      "                ",
      "                "
    ],
    [
      "                ",
      "                ",
      "                ",
      "                ",
      "                ",
      "      gggg      ",
      "     gggggg     ",
      "     gggggg     ",
      "     gggggg     ",
      "     gggggg     ",
      "      gggg      ",
      "                ",
      "                ",
      "                ",
      "                ",
      "                "
    ]
  ]
}