{
  "name": "building_hotel1_floor3",
  "refpalette": "c70cities:building_hotel1_floor3_palette",
  "xsize": 16,
  "zsize": 16,
  "slices": [
    [
      "                ",
      " aaaaaaaaaaaaaa ",
      " abbbbbbbbbbbba ",
      " abbbbbbbbbbbba ",
      " abbbbbbbbbbbba ",
      " abbbccccccccca ",
      " dbbbc    dbbba ",
      " dbbbc    bbbba ",
      " dbbbc    bbbba ",
      " dbbbc   ebbbbf ",
      " dbbbcccccbbbbf ",
      " dbbbbbbbcbbbbf ",
      " dbbbbbbbcbbbbf ",
      " abbbbbbbbbbbba ",
      " aaaaaaadddddaa ",
      "                "
    ],
    [
      "                ",
      " aaaaaaaaaaaaaa ",
      " a g  hiij  k a ",
      " alm          a ",
      " a   n == n   a ",
      " a   oaaaaoapaa ",
      " a  =a        a ",
      " a  qa    r   a ",
      " a  qa    s  ma ",
      " a  =a eed    t ",
      " a aaoaaaa    t ",
      " a uu#wxya    t ",
      " a zz ABCaeDD t ",
      " a      Eaeeema ",
      " aaaaaaaaaaaaaa ",
      "                "
    ],
    [
      "                ",
      " aaaaaaaaaaaaaa ",
      " a            a ",
      " a F          a ",
      " a   n    n   a ",
      " a   oaaaaoaIaa ",
      " t  Ja        a ",
      " t   a        a ",
      " t   ae      Ka ",
      " t  Laed      t ",
      " a aaoaaaa    t ",
      " a    t  a    t ",
      " a    M  a    t ",
      " a       a   Na ",
      " aaOOOOOOaaaaaa ",
      "                "
    ],
    [
      "                ",
      " aaaaaaaaaaaaaa ",
      " a   P    P   a ",
      " a            a ",
      " a   n    n   a ",
      " a   oaaaaoaaaa ",
      " a   ae       a ",
      " a  Dae       a ",
      " a  Dad      Ka ",
      " a   a          ",
      " aaaaoaaaa    Q ",
      " a   Pt  a    t ",
      " a    M  a    t ",
      " a       a   Na ",
      " aaaaaaaaaaaaaa ",
      "                "
    ],
    [
      "                ",
      " aaaaaaaaaaaaaa ",
      " a   R    R   a ",
      " t            a ",
      " t            a ",
      " a   oaaaaoaaaa ",
      " a   adee     a ",
      " a   a        a ",
      " a   a        a ",
      " a   a        t ",
      " aaaaoaaaa    t ",
      " a   Rt  a    t ",
      " a    t  a    t ",
      " a    t  a    a ",
      " aaaaaaOOaaaaaa ",
      "                "
    ],
    [
      "                ",
      " aaaaaaaaaaaaaa ",
      " aTTTTTTTTTTTTa ",
      " aTTTTTTTTTTTTa ",
      " aTTTTTTTTTTTTa ",
      " aTTToaaaaoaaaa ",
      " aTTTa  deTTTTa ",
      " aTTTa    TTTTa ",
      " aTTTa    TTTTa ",
      " aTTTa    TTTTf ",
      " aaaaoaaaaTTTTf ",
      " aTTTTTTTaTTTTf ",
      " aTTTTTTTaTTTTf ",
      " aTTTTTTTaTTTTa ",
      " aaaaaaaaaaaaaa ",
      "                "
    ]
  ]
}