{
  "name": "building_apartment1_floor2_270",
  "refpalette": "c70cities:building_apartment1_floor2_palette_270",
  "xsize": 16,
  "zsize": 16,
  "slices": [
    [
      "                ",
      " aaaaaaaaaaaaaa ",
      " abbbbbbbbbbbba ",
      " abbbbbbbbbbbba ",
      " abbbbbbbbbbbba ",
      " abbbbbbbbbbbba ",
      " abbbbbbbbbbbba ",
      " abbbbbbbbbbbba ",
      " abbbbbbbbbbbba ",
      " abbbbbbbbbbbba ",
      "  d  cbbbbbbbba ",
      "  g bbbbbbbbbba ",
      "  hfbbbbbbbbbba ",
      "  ieedbbbbbbbba ",
      "      aaaaaaaaa ",
      "                "
    ],
    [
      "                ",
      " Ummmmmmmmmmmmj ",
      " VROKqp rp   nk ",
      " V   Jp qpy tok ",
      " V    BDBpz tok ",
      " V       A   #k ",
      " V LL E  pppupk ",
      " V    F  x w qk ",
      " V PM F  p x rk ",
      " Vppppp  p w  k ",
      "  T   p  p wppk ",
      "  T   pDpp   !k ",
      "  dQN I Cpy  nk ",
      "  ddddp Cpz tok ",
      "      ssssssssl ",
      "                "
    ],
    [
      "                ",
      " %33331331pWWWp ",
      " &$9  p 4p   Xp ",
      " *   7p  p    p ",
      " *    B5Bp    p ",
      " *       2    p ",
      " *       pppZpp ",
      " *       0 w  p ",
      " & 88    p 0 Yp ",
      " pppppp  p w  p ",
      "  d   p  p wppp ",
      "  d@  p5pp    p ",
      "  dN  6  p    p ",
      "  ddThp  p    p ",
      "      pppppWWWp ",
      "                "
    ],
    [
      "                ",
      " %WWW31WW1pWWWp ",
      " &    p  p [+(p ",
      " *\\   p  p    * ",
      " *|   BBBp    * ",
      " *`      p    p ",
      " *:      pppppp ",
      " *;      p w  * ",
      " & {{    p w  * ",
      " pppppp  p w  p ",
      "  dQ  p  p wppp ",
      "  d}  pppp    * ",
      "  '   p  p    * ",
      "  ,dddp  p ]-)p ",
      "      pWWppWWWp ",
      "                "
    ],
    [
      "                ",
      " %33331331p333p ",
      " &    p  p    p ",
      " &    p  p    k ",
      " &    BBBp    k ",
      " &       p    p ",
      " &    .  pppppp ",
      " &       p w  k ",
      " &       p w  k ",
      " pppppp  p w  p ",
      "  e}/ p  p wppp ",
      "  T   pppp    k ",
      "  T   pf p    k ",
      "  d'''p  p    p ",
      "      p33pp333p ",
      "                "
    ],
    [
      "                ",
      " pppppppppppppp ",
      " pddddd<<pddddp ",
      " pddddd<<pddddp ",
      " pdddddddpddddp ",
      " pdddddddpddddp ",
      " pdddddddpppppp ",
      " pdddddddpdd<<p ",
      " pdddddddpdd<<p ",
      " ppppppddpdd<<p ",
      "  d cQpddpddddp ",
      "  d   ppppddddp ",
      "  d   pddpddddp ",
      "  ddddpddpddddp ",
      "      ppppppppp ",
      "                "
    ]
  ]
}