{
  "name": "building_hotel1_floor2",
  "refpalette": "c70cities:building_hotel1_floor2_palette",
  "xsize": 16,
  "zsize": 16,
  "slices": [
    [
      "                ",
      " aaaaaaaaaaaaaa ",
      " abbbbbbbbbbbba ",
      " abbbbbbbbbbbba ",
      " abbbbbbbbbbbba ",
      " abbbccccccccca ",
      " dbbbc    dbbba ",
      " dbbbc    bbbba ",
      " dbbbc    bbbba ",
      " dbbbc   ebbbbf ",
      " dbbbcccccbbbbf ",
      " dbbbbbbbcbbbbf ",
      " dbbbbbbbcbbbbf ",
      " abbbbbbbbbbbba ",
      " aaaaaaadddddaa ",
      "                "
    ],
    [
      "                ",
      " aaaaaaaaaaaaaa ",
      " a g  hiij  k a ",
      " alm          a ",
      " a   n == n   a ",
      " a  #oaaaaoapaa ",
      " a  =a        a ",
      " a  qa    r   a ",
      " a  qa    r  ma ",
      " a  =a eed    f ",
      " a aaoaaaa    f ",
      " a ss ftua    f ",
      " a ww fxyaezz f ",
      " a      Aaeeema ",
      " aaaaaaaaaaaaaa ",
      "                "
    ],
    [
      "                ",
      " aaaaaaaaaaaaaa ",
      " a            a ",
      " a B          a ",
      " a   n  C n   a ",
      " a   oaaaaoaDaa ",
      " f  Ea        a ",
      " f   a        a ",
      " f   ae      Fa ",
      " f  Iaed      f ",
      " a aaoaaaa    f ",
      " a    f  a    f ",
      " a    f  a    f ",
      " a       a   Fa ",
      " aaffffffaaaaaa ",
      "                "
    ],
    [
      "                ",
      " aaaaaaaaaaaaaa ",
      " a   I    I   a ",
      " a            a ",
      " a            a ",
      " a   oaaaaoaaaa ",
      " a   ae       a ",
      " a  zae       a ",
      " a  zad      Fa ",
      " a   a        f ",
      " aaaaoaaaa    f ",
      " a   If  a    f ",
      " a    f  a    f ",
      " a       a   Fa ",
      " aaaaaaaaaaaaaa ",
      "                "
    ],
    [
      "                ",
      " aaaaaaaaaaaaaa ",
      " a   J    J   a ",
      " f            a ",
      " f            a ",
      " a   oaaaaoaaaa ",
      " a   adee     a ",
      " a   a        a ",
      " a   a        a ",
      " a   a        f ",
      " aaaaoaaaa    f ",
      " a   Jf  a    f ",
      " a    f  a    f ",
      " a    f  a    a ",
      " aaaaaaffaaaaaa ",
      "                "
    ],
    [
      "                ",
      " aaaaaaaaaaaaaa ",
      " aKKKKKKKKKKKKa ",
      " aKKKKKKKKKKKKa ",
      " aKKKKKKKKKKKKa ",
      " aKKKoaaaaoaaaa ",
      " aKKKa  deKKKKa ",
      " aKKKa    KKKKa ",
      " aKKKa    KKKKa ",
      " aKKKa    KKKKf ",
      " aKKKoaaaaKKKKf ",
      " aKKKKKKKaKKKKf ",
      " aKKKKKKKaKKKKf ",
      " aKKKKKKKaKKKKa ",
      " aaaaaaaaaaaaaa ",
      "                "
    ]
  ]
}