{
  "name": "building_carservice1_ground",
  "refpalette": "c70cities:building_carservice1_ground_palette",
  "xsize": 16,
  "zsize": 16,
  "slices": [
    [
      "GGGGGGGGGGGGGGGG",
      "GavvvavvvavvvaGG",
      "GvvvvvvvvvvvvvHH",
      "GvvvvvvvvvvvvvHH",
      "Gv      bcdee=HH",
      "Gv      bcdee=HH",
      "GafffafffafffafG",
      "GfggggggggggggfG",
      "Gfg  g  ggggggfG",
      "Gfggggg ggggggfG",
      "Gfg ggggggggggfG",
      "Gfg  g  ggggggfG",
      "GfggggggggggggGG",
      "Gf!ggggg!ggggGGG",
      "GafffafffaffGGGG",
      "GGGGGGGGGGGGGGGG"
    ],
    [
      "                ",
      " a   a   a   a  ",
      "            Hh  ",
      " ijjjjjjjjjjHh  ",
      " k              ",
      " k              ",
      " afffafffalllaf ",
      " fmmmn# o    pf ",
      " q           rf ",
      " q           rf ",
      " q           sf ",
      " q           tf ",
      " q          tu  ",
      " fwxxyxxz Atu   ",
      " afffafffaff    ",
      "                "
    ],
    [
      "                ",
      " a   a   a   a  ",
      " S       SHh    ",
      " B       BHh    ",
      " B       B      ",
      " B       B      ",
      " afffafffalllaf ",
      " f  CD        q ",
      " q            q ",
      " q            q ",
      " q           sf ",
      " q           tf ",
      " q          tu  ",
      " fw     z Atu   ",
      " afffafffaff    ",
      "                "
    ],
    [
      "                ",
      " a   a   a   a  ",
      "        Hh      ",
      "        Hh      ",
      "                ",
      "                ",
      " afffafffalllaf ",
      " f            f ",
      " q            f ",
      " q            f ",
      " q            f ",
      " q           tf ",
      " q          tu  ",
      " f        Atu   ",
      " afffafffaff    ",
      "                "
    ],
    [
      "                ",
      " a   aBBBaBBBa  ",
      "     SHh     S  ",
      "     BHh     B  ",
      "     B       B  ",
      "     B       B  ",
      " afffafffafffaf ",
      " f            f ",
      " E            f ",
      " E            f ",
      " E            f ",
      " E           tf ",
      " E          tu  ",
      " f        Atu   ",
      " afffafffaff    ",
      "                "
    ],
    [
      "                ",
      " a   a   a   a  ",
      "    Hh          ",
      "    Hh          ",
      "     F          ",
      "     a          ",
      " afffafffafffaf ",
      " f            f ",
      " f            f ",
      " fBBBBBBBBBBB f ",
      " fBBBBBBBBBB  f ",
      " fBBBBBBBBB  tf ",
      " fBBBBBBBB  tu  ",
      " fBBBBBBB Atu   ",
      " afffafffaff    ",
      "                "
    ]
  ]
}