{
  "name": "building_hotel1_floor1_270",
  "refpalette": "c70cities:building_hotel1_floor1_palette_270",
  "xsize": 16,
  "zsize": 16,
  "slices": [
    [
      "                ",
      " aadddddddaaaaa ",
      " abbbbbbbbcbbba ",
      " abbbbbbbbcbbba ",
      " abbbbbbbbcbbba ",
      " abbbbbbbbcbbba ",
      " abbbb    cbbba ",
      " abbbb    cbbba ",
      " dbbbb    cbbba ",
      " dbbbbe   cbbba ",
      " dbbbbbbbdcbbba ",
      " dbbbbbbbbcbbba ",
      " dbbbbbbbbcbbba ",
      " abbbbbbbbcbbba ",
      " aaffffaaaaaaaa ",
      "                "
    ],
    [
      "                ",
      " aaaaaaaaaaaaaa ",
      " ao   o o ai ga ",
      " ar    r  ai  a ",
      " ap   p p aj  a ",
      " a        aj  a ",
      " ao       aj  a ",
      " ar   e   ak  a ",
      " ap   e   al  a ",
      " a    d   a   a ",
      " ao    qq a   a ",
      " ar          ha ",
      " ap       nm ha ",
      " ar    r  n  ha ",
      " aaffffaaaaaaaa ",
      "                "
    ],
    [
      "                ",
      " aaaaaffffaaaaa ",
      " a        a   a ",
      " ft   ttt a   a ",
      " f        a   a ",
      " f        a   a ",
      " f    ee  a   a ",
      " ft   d   a   a ",
      " f        as  a ",
      " a        a   a ",
      " a        a   a ",
      " at           a ",
      " a            a ",
      " au    u      a ",
      " aaffffaaaaaaaa ",
      "                "
    ],
    [
      "                ",
      " aaaaaaaaaaaaaa ",
      " a        a   a ",
      " a        a   a ",
      " a        a   a ",
      " a        a   a ",
      " a     deea   a ",
      " a        a   a ",
      " a        a   a ",
      " a        a   a ",
      " a        a   a ",
      " a            a ",
      " a            a ",
      " au    u      a ",
      " aaffffaaaaaaaa ",
      "                "
    ],
    [
      "                ",
      " aaaaaaaaaaffaa ",
      " a        a   a ",
      " a        a   a ",
      " a        a   a ",
      " a        a   a ",
      " a       da   a ",
      " f       ea   a ",
      " f       ea   a ",
      " a        a   a ",
      " a        a   a ",
      " a        a   a ",
      " a        a   a ",
      " a        a   a ",
      " aaffffaaaaaaaa ",
      "                "
    ],
    [
      "                ",
      " aaaaaaaaaaaaaa ",
      " awwwwwwwwawwwa ",
      " awwwwwwwwawwwa ",
      " awwwwwwwwawwwa ",
      " awwwwwwwwawwwa ",
      " awwww    awwwa ",
      " awwww    awwwa ",
      " awwww   dawwwa ",
      " awwww   eawwwa ",
      " awwwwwwwwawwwa ",
      " awwwwwwwwawwwa ",
      " awwwwwwwwawwwa ",
      " awwwwwwwwawwwa ",
      " aaffffaaaaaaaa ",
      "                "
    ]
  ]
}