{
  "name": "building_hotel1_ground_90",
  "refpalette": "c70cities:building_hotel1_ground_palette_90",
  "xsize": 16,
  "zsize": 16,
  "slices": [
    [
      "GGGGGGGGGGGGGGGG",
      "GbbbbbbbbddddbbG",
      "GbccccccccccccbG",
      "GbccccccccccccbG",
      "abccccccccccccbG",
      "GbccccccccccccbG",
      "GbccccGGGdccccbG",
      "GbccccGGGdccccbG",
      "GbccccGGGdccccbG",
      "Gbcccc!dddccccbG",
      "GbccccccccccccbG",
      "abccccccccccccbG",
      "GbccccccccccccbG",
      "Gbccccccccccc!bG",
      "GbbbbbbbbbbbbbbG",
      "GGGGGGGGGGGGGGGG"
    ],
    [
      "                ",
      "ebbbbbbbbo  obb ",
      "ebggg   lnpsnlb ",
      "ebgig         b ",
      "eb            b ",
      "ebhh        uyb ",
      "eb    eeem rt b ",
      "ebgig e  g  txb ",
      "ebggg e  g rt b ",
      "eb    kkkk  t b ",
      "ebf           b ",
      "ebf        bbbb ",
      "ebf        q  b ",
      "ebffjj     b wb ",
      "ebbbbbbbbbbbbbb ",
      "                "
    ],
    [
      "                ",
      " bbbbbbbbo  obb ",
      " b      znACnzb ",
      " b            b ",
      " b            b ",
      " b            b ",
      " b            b ",
      " b            o ",
      " b       m    o ",
      " b    kkgg    o ",
      " b            o ",
      " bf        bbbo ",
      " bf        B  o ",
      " bff       b  b ",
      " bbbbboooobbbbb ",
      "                "
    ],
    [
      "                ",
      " bbbbbbbboooobb ",
      " b      znnnnzb ",
      " b            b ",
      " b            b ",
      " b            b ",
      " b            b ",
      " b            b ",
      " b            b ",
      " b    ggm     b ",
      " b            b ",
      " b         bbbb ",
      " bD        b  b ",
      " bf        b Db ",
      " bbbbbbbbbbbbbb ",
      "                "
    ],
    [
      "                ",
      " bbbbbbbboooobb ",
      " b       nnnn b ",
      " b            b ",
      " b            b ",
      " b            b ",
      " b            b ",
      " b    g       o ",
      " b    g       o ",
      " b    m       b ",
      " b            b ",
      " b         bbbb ",
      " bD        b  b ",
      " bD       DbDDb ",
      " bboobbbbbbbbbb ",
      "         ~      "
    ],
    [
      "                ",
      " bbbbbbbboooobb ",
      " bEEEEEEEEEEEEb ",
      " bEEEEEEEEEEEEb ",
      " bEEEEEEEEEEEEb ",
      " bEEEEEEEEEEEEb ",
      " bEEEEg   EEEEb ",
      " bEEEEm   EEEEb ",
      " bEEEE    EEEEb ",
      " bEEEE    EEEEb ",
      " bEEEEEEEEEEEEb ",
      " bEEEEEEEEEbbbb ",
      " bEEEEEEEEEbEEb ",
      " bEEEEEEEEEbEEb ",
      " bbbbbbbbbbbbbb ",
      "                "
    ]
  ]
}