{
  "name": "building_hotel1_floor1_90",
  "refpalette": "c70cities:building_hotel1_floor1_palette_90",
  "xsize": 16,
  "zsize": 16,
  "slices": [
    [
      "                ",
      " aaaaaaaaffffaa ",
      " abbbcbbbbbbbba ",
      " abbbcbbbbbbbbd ",
      " abbbcbbbbbbbbd ",
      " abbbcdbbbbbbbd ",
      " abbbc   ebbbbd ",
      " abbbc    bbbbd ",
      " abbbc    bbbba ",
      " abbbc    bbbba ",
      " abbbcbbbbbbbba ",
      " abbbcbbbbbbbba ",
      " abbbcbbbbbbbba ",
      " abbbcbbbbbbbba ",
      " aaaaadddddddaa ",
      "                "
    ],
    [
      "                ",
      " aaaaaaaauuuuaa ",
      " ah  o  s    sa ",
      " ah no       qa ",
      " ah          sa ",
      " a   a rt    pa ",
      " a   a   d    a ",
      " a  ma   e   qa ",
      " a  la   e   sa ",
      " a  ka       pa ",
      " a  ka        a ",
      " a  ja q q   qa ",
      " a  ia  s    sa ",
      " ag ia p p   pa ",
      " aaaaaaaaaaaaaa ",
      "                "
    ],
    [
      "                ",
      " aaaaaaaauuuuaa ",
      " a      z    Aa ",
      " a            a ",
      " a           ya ",
      " a   a        a ",
      " a   a        a ",
      " a  xa        B ",
      " a   a   d   yB ",
      " a   a  ee    B ",
      " a   a        B ",
      " a  wa        B ",
      " a   a yyy   yB ",
      " a   a        a ",
      " aaaaauuuuaaaaa ",
      "                "
    ],
    [
      "                ",
      " aaaaaaaauuuuaa ",
      " a      z    Aa ",
      " a            a ",
      " a            a ",
      " a   a        a ",
      " a   a        a ",
      " a   a        a ",
      " a   a        a ",
      " a   aeed     a ",
      " a   a        a ",
      " a   a        a ",
      " a   a        a ",
      " a   a        a ",
      " aaaaaaaaaaaaaa ",
      "                "
    ],
    [
      "                ",
      " aaaaaaaauuuuaa ",
      " a   a        a ",
      " a   a        a ",
      " a   a        a ",
      " a   a        a ",
      " a   a        a ",
      " a   ae       B ",
      " a   ae       B ",
      " a   ad       a ",
      " a   a        a ",
      " a   a        a ",
      " a   a        a ",
      " a   a        a ",
      " aauuaaaaaaaaaa ",
      "                "
    ],
    [
      "                ",
      " aaaaaaaaffffaa ",
      " aCCCaCCCCCCCCa ",
      " aCCCaCCCCCCCCa ",
      " aCCCaCCCCCCCCa ",
      " aCCCaCCCCCCCCa ",
      " aCCCae   CCCCa ",
      " aCCCad   CCCCa ",
      " aCCCa    CCCCa ",
      " aCCCa    CCCCa ",
      " aCCCaCCCCCCCCa ",
      " aCCCaCCCCCCCCa ",
      " aCCCaCCCCCCCCa ",
      " aCCCaCCCCCCCCa ",
      " aaaaaaaaaaaaaa ",
      "                "
    ]
  ]
}