{
  "name": "building_carservice1_floor2_180",
  "refpalette": "c70cities:building_carservice1_floor2_palette_180",
  "xsize": 16,
  "zsize": 16,
  "slices": [
    [
      "                ",
      "    ffafffafffa ",
      "   kjlg   hhhgf ",
      "  kjcgg   hihgf ",
      " fjcggg   hihgf ",
      " fcgggg ! hhhgf ",
      " fggggggggggggf ",
      " fggggggggggggf ",
      " fccccccccccccf ",
      " faeeeaeedaccca ",
      "         Hbbbb  ",
      "         Hbbbb  ",
      "            bb  ",
      "            bb  ",
      "  a   a   a   a ",
      "                "
    ],
    [
      "                ",
      "    ffafffafffa ",
      "   Azl x xuwu f ",
      "  Az       y  r ",
      " fz        y  r ",
      " f     x xuwutr ",
      " fs           r ",
      " fp           r ",
      " f#qqponn     f ",
      " fafffafffa   a ",
      "      SHb     S ",
      "      mHb     m ",
      "      m       m ",
      "      m       m ",
      "  a   ammmammma ",
      "                "
    ],
    [
      "                ",
      "    ffafffafffa ",
      "   AzlIFFF J If ",
      "  Az   FbFE E r ",
      " fz    FbFE E r ",
      " f     FFF E  r ",
      " r            r ",
      " r            r ",
      " r D  C       f ",
      " fafffafffa   a ",
      "     Hb         ",
      "     Hb         ",
      "      B         ",
      "      a         ",
      "  a   a   a   a ",
      "                "
    ],
    [
      "                ",
      "    ffafffafffa ",
      "   Azl        f ",
      "  Az          r ",
      " fz           r ",
      " f            r ",
      " f            r ",
      " f            r ",
      " f            f ",
      " fafffafffaKKKa ",
      "   bb           ",
      "   bb           ",
      "   bbbbH        ",
      "   bbbbH        ",
      "  a   a   a   a ",
      "                "
    ],
    [
      "                ",
      "    ffafffafffa ",
      "   Azl        f ",
      "  Az          L ",
      " fz           L ",
      " f            L ",
      " f            L ",
      " f            L ",
      " f            f ",
      " fafffafffafffa ",
      "  m       m     ",
      "  m       m     ",
      "  m     bHm     ",
      "  S     bHS     ",
      "  ammmammma   a ",
      "                "
    ],
    [
      "                ",
      "    ffafffafffa ",
      "   Azl mmmmmmmf ",
      "  Az  mmmmmmmmf ",
      " fz  mmmmmmmmmf ",
      " f  mmmmmmmmmmf ",
      " f mmmmmmmmmmmf ",
      " f            f ",
      " f            f ",
      " fafffafffafffa ",
      "          a     ",
      "          B     ",
      "          bH    ",
      "          bH    ",
      "  a   a   a   a ",
      "                "
    ]
  ]
}