{
  "name": "building_hotel1_ground_270",
  "refpalette": "c70cities:building_hotel1_ground_palette_270",
  "xsize": 16,
  "zsize": 16,
  "slices": [
    [
      "GGGGGGGGGGGGGGGG",
      "GbbbbbbbbbbbbbbG",
      "Gb!cccccccccccbG",
      "GbccccccccccccbG",
      "Gbccccccccccccba",
      "GbccccccccccccbG",
      "Gbccccddd!ccccbG",
      "GbccccdGGGccccbG",
      "GbccccdGGGccccbG",
      "GbccccdGGGccccbG",
      "GbccccccccccccbG",
      "Gbccccccccccccba",
      "GbccccccccccccbG",
      "GbccccccccccccbG",
      "GbbddddbbbbbbbbG",
      "GGGGGGGGGGGGGGGG"
    ],
    [
      "                ",
      " bbbbbbbbbbbbbbe",
      " bw b     jjffbe",
      " b  q        fbe",
      " bbbb        fbe",
      " b           fbe",
      " b t  kkkk    be",
      " b tr g  e gggbe",
      " bxt  g  e gigbe",
      " b tr meee    be",
      " byu        hhbe",
      " b            be",
      " b         gigbe",
      " blnspnl   gggbe",
      " bbo  obbbbbbbbe",
      "                "
    ],
    [
      "                ",
      " bbbbboooobbbbb ",
      " b  b       ffb ",
      " o  B        fb ",
      " obbb        fb ",
      " o            b ",
      " o    ggkk    b ",
      " o    m       b ",
      " o            b ",
      " b            b ",
      " b            b ",
      " b            b ",
      " b            b ",
      " bznCAnz      b ",
      " bbo  obbbbbbbb ",
      "                "
    ],
    [
      "                ",
      " bbbbbbbbbbbbbb ",
      " bD b        fb ",
      " b  b        Db ",
      " bbbb         b ",
      " b            b ",
      " b     mgg    b ",
      " b            b ",
      " b            b ",
      " b            b ",
      " b            b ",
      " b            b ",
      " b            b ",
      " bznnnnz      b ",
      " bboooobbbbbbbb ",
      "                "
    ],
    [
      "      ~         ",
      " bbbbbbbbbboobb ",
      " bDDbD       Db ",
      " b  b        Db ",
      " bbbb         b ",
      " b            b ",
      " b       m    b ",
      " o       g    b ",
      " o       g    b ",
      " b            b ",
      " b            b ",
      " b            b ",
      " b            b ",
      " b nnnn       b ",
      " bboooobbbbbbbb ",
      "                "
    ],
    [
      "                ",
      " bbbbbbbbbbbbbb ",
      " bEEbEEEEEEEEEb ",
      " bEEbEEEEEEEEEb ",
      " bbbbEEEEEEEEEb ",
      " bEEEEEEEEEEEEb ",
      " bEEEE    EEEEb ",
      " bEEEE    EEEEb ",
      " bEEEE   mEEEEb ",
      " bEEEE   gEEEEb ",
      " bEEEEEEEEEEEEb ",
      " bEEEEEEEEEEEEb ",
      " bEEEEEEEEEEEEb ",
      " bEEEEEEEEEEEEb ",
      " bboooobbbbbbbb ",
      "                "
    ]
  ]
}