{
  "name": "building_carservice1_floor2_90",
  "refpalette": "c70cities:building_carservice1_floor2_palette_90",
  "xsize": 16,
  "zsize": 16,
  "slices": [
    [
      "                ",
      "      eeeeee    ",
      " a    acffcdd   ",
      "      dcfffcdd  ",
      "      dcffffcde ",
      "      dcfffffie ",
      " a    acffffffa ",
      "      dcff    e ",
      "      dcff!   e ",
      "    HHdcff    e ",
      " a  bbacffgggga ",
      "    bbccffghhge ",
      "  bbbbccffgggge ",
      "  bbbbccffffffe ",
      " a    aeeeeeeea ",
      "                "
    ],
    [
      "                ",
      "      eeeeee    ",
      " a    a#nq pp   ",
      "      eo    pp  ",
      "      eo     pe ",
      "      en     ie ",
      " ajjjSam      a ",
      " j  HHel  u  ue ",
      " j  bbel      e ",
      " j    e   u  ue ",
      " a    a   s  sa ",
      " j    k   twwte ",
      " j    k   s  se ",
      " j    k   r   e ",
      " ajjjSaepppppea ",
      "                "
    ],
    [
      "                ",
      "      epppee    ",
      " a    a    pp   ",
      "      ez    pp  ",
      "      e      pe ",
      "    HHe      ie ",
      " aaxbbay     Ca ",
      "      e   BBBBe ",
      "      e   BbbBe ",
      "      e   BBBBe ",
      " a    a    AA a ",
      "      k   A  De ",
      "      k    AA e ",
      "      k      Ce ",
      " a    aepppppea ",
      "                "
    ],
    [
      "                ",
      "      eeeeee    ",
      " a    a    pp   ",
      "  bbbbe     pp  ",
      "  bbbbe      pe ",
      "  bb  e      ie ",
      " abb  a       a ",
      "  HH  e       e ",
      "      e       e ",
      "      e       e ",
      " a    a       a ",
      "      k       e ",
      "      k       e ",
      "      k       e ",
      " a    aepppppea ",
      "                "
    ],
    [
      "                ",
      "      eeeeee    ",
      " aSjjja    pp   ",
      " j    e     pp  ",
      " j    e      pe ",
      " j    e      ie ",
      " a    a       a ",
      " j    e       e ",
      " jbb  e       e ",
      " jHH  e       e ",
      " aSjjja       a ",
      "      e       e ",
      "      e       e ",
      "      e       e ",
      " a    aeEEEEEea ",
      "                "
    ],
    [
      "                ",
      "      eeeeee    ",
      " a    a    pp   ",
      "      e  j  pp  ",
      "      e  jj  pe ",
      "      e  jjj ie ",
      " a    a  jjjj a ",
      "      e  jjjjje ",
      "      e  jjjjje ",
      "      e  jjjjje ",
      " abbxaa  jjjjja ",
      "  HH  e  jjjjje ",
      "      e  jjjjje ",
      "      e  jjjjje ",
      " a    aeeeeeeea ",
      "                "
    ]
  ]
}