{
  "name": "building_hotel1_top_90",
  "refpalette": "c70cities:building_hotel1_top_palette_90",
  "xsize": 16,
  "zsize": 16,
  "slices": [
    [
      "                ",
      " aaaaaaaeeeeeaa ",
      " a^bbbbbbbbbb^a ",
      " abccbbbbccccbd ",
      " abccbbbbccccbd ",
      " abccbdbbbbccbd ",
      " abccb    bccbd ",
      " abbbb    bbbbd ",
      " abbbb    bbbba ",
      " abccb    bccba ",
      " abccbbbbbbccba ",
      " abccccbbccccba ",
      " abccccbbccccba ",
      " a^bbbbbbbbbb^a ",
      " aaaaadddddddaa ",
      "                "
    ],
    [
      "                ",
      " aaaaaakkkkkkaa ",
      " a            a ",
      " a#           a ",
      " a            a ",
      " a   h jiim   a ",
      " a   g    g   a ",
      " a   g    g   a ",
      " a   g    g   a ",
      " a   g    g   a ",
      " a   fiiiil   a ",
      " a            a ",
      " a            a ",
      " a            a ",
      " aaaaaaaaaaaaaa ",
      "                "
    ],
    [
      "                ",
      " aaaaakkkkkkkaa ",
      " a            a ",
      " a            a ",
      " a            a ",
      " a            a ",
      " a            a ",
      " a            n ",
      " a            n ",
      " a            n ",
      " a            n ",
      " a            n ",
      " a            n ",
      " a            a ",
      " aaaaakkkkaaaaa ",
      "                "
    ],
    [
      "                ",
      " aaaakkkkkkkkaa ",
      " a            a ",
      " a            a ",
      " a            a ",
      " a            a ",
      " a            a ",
      " a            a ",
      " a            a ",
      " a            a ",
      " a            a ",
      " a            a ",
      " a            a ",
      " a            a ",
      " aaaaaaaaaaaaaa ",
      "                "
    ],
    [
      "                ",
      " aaaoooooooooaa ",
      " aooooooooooooa ",
      " aoppppppppppoa ",
      " aoppppppppppoa ",
      " aoppppppppppoa ",
      " aoppppppppppoa ",
      " aoppppppppppoa ",
      " aoppppppppppoa ",
      " aoppppppppppoa ",
      " aoppppppppppoa ",
      " aoppppppppppoa ",
      " aoppppppppppoa ",
      " aooooooooooooa ",
      " aaaaaaaaaaaaaa ",
      "                "
    ],
    [
      "                ",
      " aa          aa ",
      " a            a ",
      " a            a ",
      " a            a ",
      " a            a ",
      " a            a ",
      " a            a ",
      " a            a ",
      " a            a ",
      " a            a ",
      " a            a ",
      " a            a ",
      " a            a ",
      " aaaaaaaaaaaaaa ",
      "                "
    ]
  ]
}