{
  "name": "building_carservice1_floor2",
  "refpalette": "c70cities:building_carservice1_floor2_palette",
  "xsize": 16,
  "zsize": 16,
  "slices": [
    [
      "                ",
      " a   a   a   a  ",
      "  bb            ",
      "  bb            ",
      "  bbbbH         ",
      "  bbbbH         ",
      " acccadeeaeeeaf ",
      " fccccccccccccf ",
      " fggggggggggggf ",
      " fggggggggggggf ",
      " fghhh ! ggggcf ",
      " fghih   gggcjf ",
      " fghih   ggcjk  ",
      " fghhh   gljk   ",
      " afffafffaff    ",
      "                "
    ],
    [
      "                ",
      " ammmammma   a  ",
      " m       m      ",
      " m       m      ",
      " m     bHm      ",
      " S     bHS      ",
      " annnafffafffaf ",
      " f     oopqrr#f ",
      " s           qf ",
      " s           tf ",
      " suwxwy y     f ",
      " s  z        Af ",
      " s  z       AB  ",
      " f wxwy y lAB   ",
      " afffafffaff    ",
      "                "
    ],
    [
      "                ",
      " a   a   a   a  ",
      "         a      ",
      "         C      ",
      "         bH     ",
      "         bH     ",
      " annnafffafffaf ",
      " f       D  E s ",
      " s            s ",
      " s            s ",
      " s  F III     f ",
      " s F FIbI    Af ",
      " s F FIbI   AB  ",
      " fJ K IIIJlAB   ",
      " afffafffaff    ",
      "                "
    ],
    [
      "                ",
      " a   a   a   a  ",
      "        Hbbbb   ",
      "        Hbbbb   ",
      "           bb   ",
      "           bb   ",
      " annnafffafffaf ",
      " f            f ",
      " s            f ",
      " s            f ",
      " s            f ",
      " s           Af ",
      " s          AB  ",
      " f        lAB   ",
      " afffafffaff    ",
      "                "
    ],
    [
      "                ",
      " a   ammmammma  ",
      "     SHb     S  ",
      "     mHb     m  ",
      "     m       m  ",
      "     m       m  ",
      " afffafffafffaf ",
      " f            f ",
      " L            f ",
      " L            f ",
      " L            f ",
      " L           Af ",
      " L          AB  ",
      " f        lAB   ",
      " afffafffaff    ",
      "                "
    ],
    [
      "                ",
      " a   a   a   a  ",
      "    Hb          ",
      "    Hb          ",
      "     C          ",
      "     a          ",
      " afffafffafffaf ",
      " f            f ",
      " f            f ",
      " fmmmmmmmmmmm f ",
      " fmmmmmmmmmm  f ",
      " fmmmmmmmmm  Af ",
      " fmmmmmmmm  AB  ",
      " fmmmmmmm lAB   ",
      " afffafffaff    ",
      "                "
    ]
  ]
}