{
  "name": "building_carservice1_ground_180",
  "refpalette": "c70cities:building_carservice1_ground_palette_180",
  "xsize": 16,
  "zsize": 16,
  "slices": [
    [
      "GGGGGGGGGGGGGGGG",
      "GGGGffafffafffaG",
      "GGGgggg!ggggg!fG",
      "GGggggggggggggfG",
      "Gfgggggg  g  gfG",
      "Gfgggggggggg gfG",
      "Gfgggggg gggggfG",
      "Gfgggggg  g  gfG",
      "GfggggggggggggfG",
      "GfafffafffafffaG",
      "HH=eedcb      vG",
      "HH=eedcb      vG",
      "HHvvvvvvvvvvvvvG",
      "HHvvvvvvvvvvvvvG",
      "GGavvvavvvavvvaG",
      "GGGGGGGGGGGGGGGG"
    ],
    [
      "                ",
      "    ffafffafffa ",
      "   utA zxxyxxwf ",
      "  ut          q ",
      " ft           q ",
      " fs           q ",
      " fr           q ",
      " fr           q ",
      " fp    o #nmmmf ",
      " falllafffafffa ",
      "              k ",
      "              k ",
      "  hHjjjjjjjjjji ",
      "  hH            ",
      "  a   a   a   a ",
      "                "
    ],
    [
      "                ",
      "    ffafffafffa ",
      "   utA z     wf ",
      "  ut          q ",
      " ft           q ",
      " fs           q ",
      " q            q ",
      " q            q ",
      " q        DC  f ",
      " falllafffafffa ",
      "      B       B ",
      "      B       B ",
      "    hHB       B ",
      "    hHS       S ",
      "  a   a   a   a ",
      "                "
    ],
    [
      "                ",
      "    ffafffafffa ",
      "   utA        f ",
      "  ut          q ",
      " ft           q ",
      " f            q ",
      " f            q ",
      " f            q ",
      " f            f ",
      " falllafffafffa ",
      "                ",
      "                ",
      "      hH        ",
      "      hH        ",
      "  a   a   a   a ",
      "                "
    ],
    [
      "                ",
      "    ffafffafffa ",
      "   utA        f ",
      "  ut          E ",
      " ft           E ",
      " f            E ",
      " f            E ",
      " f            E ",
      " f            f ",
      " fafffafffafffa ",
      "  B       B     ",
      "  B       B     ",
      "  B     hHB     ",
      "  S     hHS     ",
      "  aBBBaBBBa   a ",
      "                "
    ],
    [
      "                ",
      "    ffafffafffa ",
      "   utA BBBBBBBf ",
      "  ut  BBBBBBBBf ",
      " ft  BBBBBBBBBf ",
      " f  BBBBBBBBBBf ",
      " f BBBBBBBBBBBf ",
      " f            f ",
      " f            f ",
      " fafffafffafffa ",
      "          a     ",
      "          F     ",
      "          hH    ",
      "          hH    ",
      "  a   a   a   a ",
      "                "
    ]
  ]
}