{
  "name": "building_hotel1_top_180",
  "refpalette": "c70cities:building_hotel1_top_palette_180",
  "xsize": 16,
  "zsize": 16,
  "slices": [
    [
      "                ",
      " aadddddaaaaaaa ",
      " a^bbbbbbbbbb^a ",
      " ebccccbbccccbd ",
      " ebccccbbccccbd ",
      " ebccbbbbbbccbd ",
      " ebccb    bccbd ",
      " ebbbb    bbbbd ",
      " abbbb    bbbbd ",
      " abbbd    bccbd ",
      " abbbbbbbbbccba ",
      " abccccbbccccba ",
      " abccccbbccccba ",
      " a^bbbbbbbbbb^a ",
      " aaaaaaaaaaaaaa ",
      "                "
    ],
    [
      "                ",
      " aaaaaaaaaaaaaa ",
      " a            a ",
      " e            a ",
      " e            a ",
      " e   ffffff   a ",
      " e   f    f   a ",
      " e   f    f   a ",
      " e   f    f   a ",
      " a        f   a ",
      " a   ffffff   a ",
      " a            a ",
      " a            a ",
      " a #          a ",
      " aaaaaaaaaaaaaa ",
      "                "
    ],
    [
      "                ",
      " aaaaaaeeeeeeaa ",
      " a            a ",
      " e            a ",
      " e            a ",
      " e            a ",
      " e            e ",
      " e            e ",
      " e            e ",
      " e            e ",
      " a            a ",
      " a            a ",
      " a            a ",
      " a            a ",
      " aaaaaaaaaaaaaa ",
      "                "
    ],
    [
      "                ",
      " aaaaaaaaaaaaaa ",
      " a            a ",
      " e            a ",
      " e            a ",
      " e            a ",
      " e            a ",
      " e            a ",
      " e            a ",
      " e            a ",
      " e            a ",
      " a            a ",
      " a            a ",
      " a            a ",
      " aaaaaaaaaaaaaa ",
      "                "
    ],
    [
      "                ",
      " aaaaaaaaaaaaaa ",
      " agggggggggggga ",
      " gghhhhhhhhhhga ",
      " gghhhhhhhhhhga ",
      " gghhhhhhhhhhga ",
      " gghhhhhhhhhhga ",
      " gghhhhhhhhhhga ",
      " gghhhhhhhhhhga ",
      " gghhhhhhhhhhga ",
      " gghhhhhhhhhhga ",
      " gghhhhhhhhhhga ",
      " aghhhhhhhhhhga ",
      " agggggggggggga ",
      " aaaaaaaaaaaaaa ",
      "                "
    ],
    [
      "                ",
      " aaaaaaaaaaaaaa ",
      " a            a ",
      "              a ",
      "              a ",
      "              a ",
      "              a ",
      "              a ",
      "              a ",
      "              a ",
      "              a ",
      "              a ",
      "              a ",
      " a            a ",
      " aaaaaaaaaaaaaa ",
      "                "
    ]
  ]
}