{
  "name": "building_carservice1_floor2",
  "refpalette": "c70cities:building_carservice1_floor2_palette",
  "xsize": 16,
  "zsize": 16,
  "slices": [
    [
      "                ",
      " a   a   a   a  ",
      "  bb            ",
      "  bb            ",
      "  bbbbH         ",
      "  bbbbH         ",
      " acccadeeaeeeaf ",
      " fccccccccccccf ",
      " fggggggggggggf ",
      " fggggggggggggf ",
      " fghhh ! ggggcf ",
      " fghih   gggcjf ",
      " fghih   ggcjk  ",
      " fghhh   gljk   ",
      " afffafffaff    ",
      "                "
    ],
    [
      "                ",
      " ammmammma   a  ",
      " m       m      ",
      " m       m      ",
      " m     bHm      ",
      " S     bHS      ",
      " a   afffafffaf ",
      " f     nnopqq#f ",
      " r           pf ",
      " r           sf ",
      " rtuwux x     f ",
      " r  y        zf ",
      " r  y       zA  ",
      " f uwux x lzA   ",
      " afffafffaff    ",
      "                "
    ],
    [
      "                ",
      " a   a   a   a  ",
      "         a      ",
      "         B      ",
      "         bH     ",
      "         bH     ",
      " a   afffafffaf ",
      " f       C  D r ",
      " r            r ",
      " r            r ",
      " r  E FFF     f ",
      " r E EFbF    zf ",
      " r E EFbF   zA  ",
      " fI J FFFIlzA   ",
      " afffafffaff    ",
      "                "
    ],
    [
      "                ",
      " a   a   a   a  ",
      "        Hbbbb   ",
      "        Hbbbb   ",
      "           bb   ",
      "           bb   ",
      " aKKKafffafffaf ",
      " f            f ",
      " r            f ",
      " r            f ",
      " r            f ",
      " r           zf ",
      " r          zA  ",
      " f        lzA   ",
      " afffafffaff    ",
      "                "
    ],
    [
      "                ",
      " a   ammmammma  ",
      "     SHb     S  ",
      "     mHb     m  ",
      "     m       m  ",
      "     m       m  ",
      " afffafffafffaf ",
      " f            f ",
      " L            f ",
      " L            f ",
      " L            f ",
      " L           zf ",
      " L          zA  ",
      " f        lzA   ",
      " afffafffaff    ",
      "                "
    ],
    [
      "                ",
      " a   a   a   a  ",
      "    Hb          ",
      "    Hb          ",
      "     B          ",
      "     a          ",
      " afffafffafffaf ",
      " f            f ",
      " f            f ",
      " fmmmmmmmmmmm f ",
      " fmmmmmmmmmm  f ",
      " fmmmmmmmmm  zf ",
      " fmmmmmmmm  zA  ",
      " fmmmmmmm lzA   ",
      " afffafffaff    ",
      "                "
    ]
  ]
}