{
  "name": "building_carservice1_floor1_270",
  "refpalette": "c70cities:building_carservice1_floor1_palette_270",
  "xsize": 16,
  "zsize": 16,
  "slices": [
    [
      "                ",
      " aeeeeeeea    a ",
      " effffffccbbbb  ",
      " eggggffccbbbb  ",
      " egbbhffccbb    ",
      " aghh!ffcabb  a ",
      " eggggffcdHH    ",
      " egiigffcd      ",
      " eggggffcd      ",
      " affffffca    a ",
      " ejfffffcd      ",
      " edcffffcd      ",
      "  ddcfffcd      ",
      "   ddcffca    a ",
      "    eeeeee      ",
      "                "
    ],
    [
      "                ",
      " aepppppeaSkkka ",
      " e   ss  l    k ",
      " e       l    k ",
      " e       l    k ",
      " at  t   a    a ",
      " emuum   e    k ",
      " euxxu   ebb  k ",
      " emuuw   eHH  k ",
      " ay    qmaSkkka ",
      " ej     ne      ",
      " ep     oe      ",
      "  pp    oe      ",
      "   pp rroa    a ",
      "    eeeeee      ",
      "                "
    ],
    [
      "                ",
      " aepppppea    a ",
      " e       l      ",
      " e       l      ",
      " e       l      ",
      " a       a    a ",
      " eDE C   e      ",
      " eF  DB  e      ",
      " eDC E   e      ",
      " aI      abbzaa ",
      " ej      eHH    ",
      " ep     Ae      ",
      "  pp    Ae      ",
      "   pp    a    a ",
      "    eepppe      ",
      "                "
    ],
    [
      "                ",
      " aepppppea    a ",
      " e       l      ",
      " e       l      ",
      " e       l      ",
      " a       a    a ",
      " eKJJJ   e      ",
      " e   J   e      ",
      " eKJJJ   e  HH  ",
      " a       a  bba ",
      " ej      e  bb  ",
      " ep      ebbbb  ",
      "  pp     ebbbb  ",
      "   pp    a    a ",
      "    eeeeee      ",
      "                "
    ],
    [
      "                ",
      " aeLLLLLea    a ",
      " e       e      ",
      " e       e      ",
      " e       e      ",
      " a       akkkSa ",
      " e       e  HHk ",
      " e       e  bbk ",
      " e       e    k ",
      " a       a    a ",
      " ej      e    k ",
      " ep      e    k ",
      "  pp     e    k ",
      "   pp    akkkSa ",
      "    eeeeee      ",
      "                "
    ],
    [
      "                ",
      " aeeeeeeea    a ",
      " ekkkkk  e      ",
      " ekkkkk  e      ",
      " ekkkkk  e  HH  ",
      " akkkkk  aazbba ",
      " ekkkkk  e      ",
      " ekkkkk  e      ",
      " ekkkkk  e      ",
      " a kkkk  a    a ",
      " ej kkk  e      ",
      " ep  kk  e      ",
      "  pp  k  e      ",
      "   pp    a    a ",
      "    eeeeee      ",
      "                "
    ]
  ]
}