{
  "name": "building_carservice1_top_180",
  "refpalette": "c70cities:building_carservice1_top_palette_180",
  "xsize": 16,
  "zsize": 16,
  "slices": [
    [
      "                ",
      "    eeaeeeaeeea ",
      "   ddgffffffffe ",
      "  ddcfffffffffe ",
      " edcffffffffffe ",
      " ecfffffffffffe ",
      " effffffffffffe ",
      " effffffffffffe ",
      " ecccccccccccce ",
      " eadddadddaccca ",
      "           bbb  ",
      "           bbb  ",
      "            bb  ",
      "            bb  ",
      "  a   a   a   a ",
      "                "
    ],
    [
      "                ",
      "    eeaeeeaeeea ",
      "   nn   w  w  e ",
      "  nn   usttsrrn ",
      " en    rrr#trrn ",
      " e     usttsrrn ",
      " e  o   q  q  n ",
      " e po         n ",
      " eml!lkjjj    e ",
      " eaeeeaeeeaiiia ",
      "      S       S ",
      "      h       h ",
      "      h       h ",
      "      h       h ",
      "  a   ahhhahhha ",
      "                "
    ],
    [
      "                ",
      "    eeaeeeaeeea ",
      "   nn         e ",
      "  nn         yn ",
      " en      yzytrn ",
      " e           yn ",
      " n            n ",
      " n            n ",
      " n lllkx      e ",
      " eaeeeaeeeaiiia ",
      "                ",
      "                ",
      "                ",
      "                ",
      "  a   a   a   a ",
      "                "
    ],
    [
      "                ",
      "    eeaeeeaeeea ",
      "   nn A   A   a ",
      "  nn  A   A   a ",
      " en   A   A   a ",
      " e    A   A   a ",
      " e    A   A   a ",
      " e    A   A   a ",
      " e BBBA   A   a ",
      " eaeeeaeeeaiiia ",
      "  A   A   A   A ",
      "  A   A   A   A ",
      "  A   A   A   A ",
      "  A   A   A   A ",
      "  a   a   a   a ",
      "                "
    ],
    [
      "                ",
      "    eeeeeeeeeee ",
      "   CCCCCCCCCCCe ",
      "  CCCCCCCCCCCCe ",
      " eCCCCCCCCCCCCe ",
      " eCCCCCCCCCCCCe ",
      " eCCCCCCCCCCCCe ",
      " eCCCCCCCCCCCCe ",
      " eCCCCCCCCCCCCe ",
      " eeeeeeeeeeeeee ",
      "                ",
      "                ",
      "                ",
      "                ",
      "                ",
      "                "
    ],
    [
      "                ",
      "    eeeeeeeeeee ",
      "              e ",
      "              e ",
      " e            e ",
      " e            e ",
      " e            e ",
      " e            e ",
      " e            e ",
      " eeeeeeeeeeeeee ",
      "                ",
      "                ",
      "                ",
      "                ",
      "                ",
      "                "
    ]
  ]
}