{
  "name": "building_carservice1_floor2_270",
  "refpalette": "c70cities:building_carservice1_floor2_palette_270",
  "xsize": 16,
  "zsize": 16,
  "slices": [
    [
      "                ",
      " afffffffa    a ",
      " fggggggccbbbb  ",
      " fhhhhggccbbbb  ",
      " fhiihggccbb    ",
      " ahhhhggcabb  a ",
      " f    ggcdHH    ",
      " f   !ggce      ",
      " f    ggce      ",
      " aggggggca    a ",
      " flgggggce      ",
      " fjcggggce      ",
      "  kjcgggce      ",
      "   kjcggca    a ",
      "    ffffff      ",
      "                "
    ],
    [
      "                ",
      " afsssssfaSmmma ",
      " f   u   n    m ",
      " fw  w   n    m ",
      " fxzzx   n    m ",
      " aw  w   a    a ",
      " fy  y   f    m ",
      " f      ofbb  m ",
      " fy  y  ofHH  m ",
      " a      paSmmma ",
      " fl     qf      ",
      " fA     rf      ",
      "  BA    rf      ",
      "   BA tq#a    a ",
      "    ffffff      ",
      "                "
    ],
    [
      "                ",
      " afsssssfa    a ",
      " fJ      n      ",
      " f FF    n      ",
      " fK  F   n      ",
      " a FF    a    a ",
      " fIIII   f      ",
      " fIbbI   f      ",
      " fIIII   f      ",
      " aJ     DabbCaa ",
      " fl      fHH    ",
      " fA      f      ",
      "  BA    Ef      ",
      "   BA    a    a ",
      "    ffsssf      ",
      "                "
    ],
    [
      "                ",
      " afsssssfa    a ",
      " f       n      ",
      " f       n      ",
      " f       n      ",
      " a       a    a ",
      " f       f      ",
      " f       f      ",
      " f       f  HH  ",
      " a       a  bba ",
      " fl      f  bb  ",
      " fA      fbbbb  ",
      "  BA     fbbbb  ",
      "   BA    a    a ",
      "    ffffff      ",
      "                "
    ],
    [
      "                ",
      " afLLLLLfa    a ",
      " f       f      ",
      " f       f      ",
      " f       f      ",
      " a       ammmSa ",
      " f       f  HHm ",
      " f       f  bbm ",
      " f       f    m ",
      " a       a    a ",
      " fl      f    m ",
      " fA      f    m ",
      "  BA     f    m ",
      "   BA    ammmSa ",
      "    ffffff      ",
      "                "
    ],
    [
      "                ",
      " afffffffa    a ",
      " fmmmmm  f      ",
      " fmmmmm  f      ",
      " fmmmmm  f  HH  ",
      " ammmmm  aaCbba ",
      " fmmmmm  f      ",
      " fmmmmm  f      ",
      " fmmmmm  f      ",
      " a mmmm  a    a ",
      " fl mmm  f      ",
      " fA  mm  f      ",
      "  BA  m  f      ",
      "   BA    a    a ",
      "    ffffff      ",
      "                "
    ]
  ]
}