{
  "name": "building_bank1_floor1_180",
  "refpalette": "c70cities:building_bank1_floor1_palette_180",
  "xsize": 16,
  "zsize": 16,
  "slices": [
    [
      "                ",
      "   jbbi  jbbi   ",
      "  SddddSdddddS  ",
      " hddddddddddddg ",
      " bddddddddddddb ",
      " bddddddddddddb ",
      " fdddddddddd de ",
      "  dddddddddd S  ",
      "  Sddddddddd d  ",
      " hdddddddddd dg ",
      " bdddddddddd db ",
      " bddddddddddddb ",
      " fdddddddddddde ",
      "  SdddddSddddS  ",
      "   cbba  cbba   ",
      "                "
    ],
    [
      "                ",
      "  jbbi  jbbi    ",
      "  kkkklkkkkklkg ",
      "  l     b    kb ",
      " hk    #bD   kb ",
      " bkA z CbB   ke ",
      " bkA z xby r l  ",
      " fk    xbw r k  ",
      "  k   utb  r kg ",
      "  l   ssb  r kb ",
      " hk     b  rqpb ",
      " bk     o    ke ",
      " bkn    m    l  ",
      " fklkkkkklkkkk  ",
      "    cbba  cbba  ",
      "                "
    ],
    [
      "                ",
      " Ebbi  jbbi  jE ",
      " fkkklkkkkklkkb ",
      "  k     b    kb ",
      "  l     b    ke ",
      " hk     b    l  ",
      " bk     bK r k  ",
      " bk     b    kg ",
      " fk     b  r kb ",
      "  k   Jsb   qpb ",
      "  l     b  r ke ",
      " hk     I    l  ",
      " bkn    F    k  ",
      " bkklkkkkklkkkg ",
      " Ea  cbba  cbbE ",
      "                "
    ],
    [
      "                ",
      " Ebi  jbbi  jbE ",
      " bkklkkkkklkkkb ",
      " fk     b    ke ",
      "  k     b    l  ",
      "  l     b    k  ",
      " hk     bK r kg ",
      " bk     b    kb ",
      " bk     b  rqpb ",
      " fk   ssb     e ",
      "  k     b  r l  ",
      "  l     b    k  ",
      " hkn    b    kg ",
      " bkkklkkkkklkkb ",
      " Eba  cbba  cbE ",
      "                "
    ],
    [
      "                ",
      " Ei  jbbi  jbbE ",
      " bklkkkkklkkkke ",
      " bk     b    l  ",
      " fk     b    k  ",
      "  k     b    kg ",
      "  l     b  r kb ",
      " hk     b   qpb ",
      " bk     b  r  e ",
      " bk     b    l  ",
      " fk     b  r k  ",
      "  k     b    kg ",
      "  l     b    kb ",
      " hkkkklkkkkklkb ",
      " Ebba  cbba  cE ",
      "                "
    ],
    [
      "                ",
      "    jbbi  jbbi  ",
      " hlkkkkklkkkkl  ",
      " bkLLLLLbLLLLk  ",
      " bkLLLLLbLLLLkg ",
      " fkLMMMLbLLLLkb ",
      "  kLM!MLbLLrqpb ",
      "  lLM!MLbLL   e ",
      " hkLMMMLbLLr l  ",
      " bkLLLLLbLL  k  ",
      " bkLLLLLbLLr kg ",
      " fkLLLLLbLLLLkb ",
      "  kLLLLLbLLLLkb ",
      "  lkkkklkkkkkle ",
      "  cbba  cbba    ",
      "                "
    ]
  ]
}