{
  "name": "building_bank1_floor2_270",
  "refpalette": "c70cities:building_bank1_floor2_palette_270",
  "xsize": 16,
  "zsize": 16,
  "slices": [
    [
      "                ",
      "   gbbe  gbbe   ",
      "  SddddSdddddS  ",
      " idddd     ddda ",
      " bddddddddddddb ",
      " bddddddddddddb ",
      " jddddddddddddc ",
      "  dddddddddddS  ",
      "  Sddddddd!ddd  ",
      " idddddddddddda ",
      " bddddd!ddddddb ",
      " bddddddddddddb ",
      " jddddddddddddc ",
      "  SdddddSddddS  ",
      "   hbbf  hbbf   ",
      "                "
    ],
    [
      "                ",
      "  gbbe  gbbe    ",
      "  kkkklkkkqklka ",
      "  l       r  kb ",
      " ik   sssss  kb ",
      " bk          kc ",
      " bk          l  ",
      " jkmmm    tn k  ",
      "  k    y mmmmka ",
      "  l xz m     kb ",
      " ik  A m wuo kb ",
      " bk Bp m x p kc ",
      " bk    m     l  ",
      " jklkkkkklkkkk  ",
      "    hbbf  hbbf  ",
      "                "
    ],
    [
      "                ",
      " Cbbe  gbbe  gC ",
      " jkkklkkkqklkkb ",
      "  k      r   kb ",
      "  l   s s s  kc ",
      " ik          l  ",
      " bk          k  ",
      " bkmmm       ka ",
      " jk    D mmmmkb ",
      "  k    m     kb ",
      "  l    m     kc ",
      " ik    m     l  ",
      " bk    m     k  ",
      " bkklkkkkklkkka ",
      " Cf  hbbf  hbbC ",
      "                "
    ],
    [
      "                ",
      " Cbe  gbbe  gbC ",
      " bkklkkkqklkkkb ",
      " jk     r    kc ",
      "  k   s s s  l  ",
      "  l          k  ",
      " ik          ka ",
      " bk          kb ",
      " bk    D     kb ",
      " jk          kc ",
      "  k          l  ",
      "  l          k  ",
      " ik          ka ",
      " bkkklkkkkklkkb ",
      " Cbf  hbbf  hbC ",
      "                "
    ],
    [
      "                ",
      " Ce  gbbe  gbbC ",
      " bklkkkqklkkkkc ",
      " bk    r     l  ",
      " jk   s s s  k  ",
      "  k          ka ",
      "  l          kb ",
      " ik          kb ",
      " bk          kc ",
      " bk          l  ",
      " jk          k  ",
      "  k          ka ",
      "  l          kb ",
      " ikkkklkkkkklkb ",
      " Cbbf  hbbf  hC ",
      "                "
    ],
    [
      "                ",
      "    gbbe  gbbe  ",
      " ilkkkqklkkkkl  ",
      " bkEEEr    EEk  ",
      " bkEEEs s sEEka ",
      " jkEEEEEEEEEEkb ",
      "  kEEEEEEEEEEkb ",
      "  lEEEEEEEEEEkc ",
      " ikEEEEEEEEEEl  ",
      " bkEEEEEEEEEEk  ",
      " bkEEEEEEEEEEka ",
      " jkEEEEEEEEEEkb ",
      "  kEEEEEEEEEEkb ",
      "  lkkkklkkkkklc ",
      "  hbbf  hbbf    ",
      "                "
    ]
  ]
}