{
  "name": "building_hotel1_ground_180",
  "refpalette": "c70cities:building_hotel1_ground_palette_180",
  "xsize": 16,
  "zsize": 16,
  "slices": [
    [
      "GGGGGGGGGGGGGGGG",
      "GbbbbbbbbbbbbbbG",
      "Gbccccccccccc!bG",
      "GdccccccccccccbG",
      "GdccccccccccccbG",
      "GdccccccccccccbG",
      "GdccccddddccccbG",
      "GbccccGGGdccccbG",
      "GbccccGGGdccccbG",
      "GbccccGGG!ccccbG",
      "GbccccccccccccbG",
      "GbccccccccccccbG",
      "GbccccccccccccbG",
      "GbccccccccccccbG",
      "GbbbbbbbbbbbbbbG",
      "GGGGaGGGGGGaGGGG"
    ],
    [
      "                ",
      " bbbbbbbbbbbbbb ",
      " bl  y x   b wb ",
      " on  utttt b  b ",
      "  s   r r  bqbb ",
      "  p           b ",
      " on   mggk    b ",
      " bl   e  k    b ",
      " b    e  k    b ",
      " b    eeek    b ",
      " b           jb ",
      " bgg   gg    jb ",
      " bgi h ig    fb ",
      " bgg h gg ffffb ",
      " bbbbbbbbbbbbbb ",
      " eeeeeeeeeeeeee "
    ],
    [
      "                ",
      " bbbbbboooooobb ",
      " bz        b  b ",
      " on        b  b ",
      "  C        bBbb ",
      "  A           b ",
      " on     mg    o ",
      " bz      g    o ",
      " b       k    o ",
      " b       k    o ",
      " b            b ",
      " b            b ",
      " b           fb ",
      " b         fffb ",
      " bbbbbbbbbbbbbb ",
      "                "
    ],
    [
      "                ",
      " bbbbbbbbbbbbbb ",
      " bz        b Db ",
      " on        b  b ",
      " on        bbbb ",
      " on           b ",
      " on           b ",
      " bz      m    b ",
      " b       g    b ",
      " b       g    b ",
      " b            b ",
      " b            b ",
      " b            b ",
      " b          Dfb ",
      " bbbbbbbbbbbbbb ",
      "                "
    ],
    [
      "                ",
      " bbbbbboobbbbbb ",
      " b         b Db ",
      " on        b Db ",
      " on        bbbb ",
      " on          Db ",
      " on           b~",
      " b            b ",
      " b            b ",
      " b     ggm    b ",
      " b            b ",
      " b            o ",
      " b            o ",
      " b          DDb ",
      " bbbbbbbbbbbbbb ",
      "                "
    ],
    [
      "                ",
      " bbbbbbbbbbbbbb ",
      " bEEEEEEEEEbEEb ",
      " oEEEEEEEEEbEEb ",
      " oEEEEEEEEEbbbb ",
      " oEEEEEEEEEEEEb ",
      " oEEEE    EEEEb ",
      " bEEEE    EEEEb ",
      " bEEEE    EEEEb ",
      " bEEEEgm  EEEEb ",
      " bEEEEEEEEEEEEb ",
      " bEEEEEEEEEEEEb ",
      " bEEEEEEEEEEEEb ",
      " bEEEEEEEEEEEEb ",
      " bbbbbbbbbbbbbb ",
      "                "
    ]
  ]
}