{
  "name": "building_carservice1_top_180",
  "refpalette": "c70cities:building_carservice1_top_palette_180",
  "xsize": 16,
  "zsize": 16,
  "slices": [
    [
      "                ",
      "    eeaeeeaeeea ",
      "   hgiffffffffe ",
      "  hgcfffffffffe ",
      " egcffffffffffe ",
      " ecfffffffffffe ",
      " effffffffffffe ",
      " effffffffffffe ",
      " ecccccccccccce ",
      " eadddadddaccca ",
      "           bbb  ",
      "           bbb  ",
      "            bb  ",
      "            bb  ",
      "  a   a   a   a ",
      "                "
    ],
    [
      "                ",
      "    eeaeeeaeeea ",
      "   Az   B  B  e ",
      "  Az   ywxxwuut ",
      " ez    uuu#xuut ",
      " e     ywxxwuut ",
      " e  q   s  s  p ",
      " e rq         p ",
      " eon!nmlll    e ",
      " eaeeeaeeeakkka ",
      "      S       S ",
      "      j       j ",
      "      j       j ",
      "      j       j ",
      "  a   ajjjajjja ",
      "                "
    ],
    [
      "                ",
      "    eeaeeeaeeea ",
      "   Az         e ",
      "  Az         Dp ",
      " ez      DEDxut ",
      " e           Dp ",
      " p            p ",
      " p            p ",
      " p nnnmC      e ",
      " eaeeeaeeeakkka ",
      "                ",
      "                ",
      "                ",
      "                ",
      "  a   a   a   a ",
      "                "
    ],
    [
      "                ",
      "    eeaeeeaeeea ",
      "   Az F   F   a ",
      "  Az  F   F   a ",
      " ez   F   F   a ",
      " e    F   F   a ",
      " e    F   F   a ",
      " e    F   F   a ",
      " e KJIF   F   a ",
      " eaeeeaeeeakkka ",
      "  F   F   F   F ",
      "  F   F   F   F ",
      "  F   F   F   F ",
      "  F   F   F   F ",
      "  a   a   a   a ",
      "                "
    ],
    [
      "                ",
      "    eeeeeeeeeee ",
      "   LLLLLLLLLLLe ",
      "  LLLLLLLLLLLLe ",
      " eLLLLLLLLLLLLe ",
      " eLLLLLLLLLLLLe ",
      " eLLLLLLLLLLLLe ",
      " eLLLLLLLLLLLLe ",
      " eLLLLLLLLLLLLe ",
      " eeeeeeeeeeeeee ",
      "                ",
      "                ",
      "                ",
      "                ",
      "                ",
      "                "
    ],
    [
      "                ",
      "    eeeeeeeeeee ",
      "              e ",
      "              e ",
      " e            e ",
      " e            e ",
      " e            e ",
      " e            e ",
      " e            e ",
      " eeeeeeeeeeeeee ",
      "                ",
      "                ",
      "                ",
      "                ",
      "                ",
      "                "
    ]
  ]
}