{
  "name": "building_hotel1_floor3_180",
  "refpalette": "c70cities:building_hotel1_floor3_palette_180",
  "xsize": 16,
  "zsize": 16,
  "slices": [
    [
      "                ",
      " aadddddaaaaaaa ",
      " abbbbbbbbbbbba ",
      " fbbbbcbbbbbbbd ",
      " fbbbbcbbbbbbbd ",
      " fbbbbcccccbbbd ",
      " fbbbbe   cbbbd ",
      " abbbb    cbbbd ",
      " abbbb    cbbbd ",
      " abbbd    cbbbd ",
      " acccccccccbbba ",
      " abbbbbbbbbbbba ",
      " abbbbbbbbbbbba ",
      " abbbbbbbbbbbba ",
      " aaaaaaaaaaaaaa ",
      "                "
    ],
    [
      "                ",
      " aaaaaaaaaaaaaa ",
      " ameeeaE      a ",
      " t DDeaCBA zz a ",
      " t    ayxw#uu a ",
      " t    aaaaoaa a ",
      " t    dee a=  a ",
      " am  s    aq  a ",
      " a   r    aq  a ",
      " a        a=  a ",
      " aapaoaaaao   a ",
      " a   n == n   a ",
      " a          mla ",
      " a k  jiih  g a ",
      " aaaaaaaaaaaaaa ",
      "                "
    ],
    [
      "                ",
      " aaaaaaOOOOOOaa ",
      " aN   a       a ",
      " t    a  M    a ",
      " t    a  t    a ",
      " t    aaaaoaa a ",
      " t      deaL  t ",
      " aK      ea   t ",
      " a        a   t ",
      " a        aJ  t ",
      " aaIaoaaaao   a ",
      " a   n    n   a ",
      " a          F a ",
      " a            a ",
      " aaaaaaaaaaaaaa ",
      "                "
    ],
    [
      "                ",
      " aaaaaaaaaaaaaa ",
      " aN   a       a ",
      " t    a  M    a ",
      " t    a  tP   a ",
      " Q    aaaaoaaaa ",
      "          a   a ",
      " aK      daD  a ",
      " a       eaD  a ",
      " a       ea   a ",
      " aaaaoaaaao   a ",
      " a   n    n   a ",
      " a            a ",
      " a   P    P   a ",
      " aaaaaaaaaaaaaa ",
      "                "
    ],
    [
      "                ",
      " aaaaaaOOaaaaaa ",
      " a    a  t    a ",
      " t    a  t    a ",
      " t    a  tR   a ",
      " t    aaaaoaaaa ",
      " t        a   a ",
      " a        a   a ",
      " a        a   a ",
      " a     eeda   a ",
      " aaaaoaaaao   a ",
      " a            t ",
      " a            t ",
      " a   R    R   a ",
      " aaaaaaaaaaaaaa ",
      "                "
    ],
    [
      "                ",
      " aaaaaaaaaaaaaa ",
      " aTTTTaTTTTTTTa ",
      " fTTTTaTTTTTTTa ",
      " fTTTTaTTTTTTTa ",
      " fTTTTaaaaoaaaa ",
      " fTTTT    aTTTa ",
      " aTTTT    aTTTa ",
      " aTTTT    aTTTa ",
      " aTTTTed  aTTTa ",
      " aaaaoaaaaoTTTa ",
      " aTTTTTTTTTTTTa ",
      " aTTTTTTTTTTTTa ",
      " aTTTTTTTTTTTTa ",
      " aaaaaaaaaaaaaa ",
      "                "
    ]
  ]
}