{
  "name": "building_carservice1_base1_180",
  "refpalette": "c70cities:building_carservice1_base1_palette_180",
  "xsize": 16,
  "zsize": 16,
  "slices": [
    [
      "vvvvvvvvvvvvvvvv",
      "vaaaaaaaaaaaaaav",
      "vaaaaaaaaaaa==av",
      "vaaaaaaaaaaa==av",
      "vaaaaaaaaaaa==av",
      "vaaaaaaaaaaa==av",
      "vaaaaa!aaaaaaaav",
      "vaaaaaaaaaaaaaav",
      "vaaaaaaaaaaaaaav",
      "vaaaaaaaaaaaaaav",
      "vaaaaaaaaaaaaaav",
      "vaaaaaaaaaaaaaav",
      "vaaaaaaaaaaaaaav",
      "vaaaaaaaaaaaaaav",
      "vaaaaaaaaaaaaaav",
      "vvvvvvvvvvvvvvvv"
    ],
    [
      "vvvvvvvvvvvvvvvv",
      "vbbbbbtbbbbbvvvv",
      "vbsrrqm po b nvv",
      "vb    m    m  vv",
      "vb         m  vv",
      "vb         m  vv",
      "vbklk bjj  biivv",
      "vbccc gh   b==vv",
      "vbfcfeg    b==vv",
      "vbccc bb  bb==vv",
      "vbc#c bd  d===vv",
      "vbfcfeb! dd===vv",
      "vbccc bvvvvvvvvv",
      "vb    bvvvvvvvvv",
      "vbbbbbbvvvvvvvvv",
      "vvvvvvvvvvvvvvvv"
    ],
    [
      "vvvvvvvvvvvvvvvv",
      "vbbbbbtbbbbbvvvv",
      "vb    m    b nvv",
      "vb    m    m  vv",
      "vb         m  vv",
      "vb         m  vv",
      "vb    b    b  vv",
      "vbzBz g    b  vv",
      "vbzAz g    biivv",
      "vbyyy bb  bb==vv",
      "vby y b    ===vv",
      "vbwxw bd   ===vv",
      "vbuuu bvvvvvvvvv",
      "vb    bvvvvvvvvv",
      "vbbbbbbvvvvvvvvv",
      "vvvvvvvvvvvvvvvv"
    ],
    [
      "vvvvvvvvvvvvvvvv",
      "vbbbbbtbbbbbvvvv",
      "vb    m    bnnvv",
      "vb    m    m  vv",
      "vb         m  vv",
      "vb         m  vv",
      "vb    b    b  vv",
      "vb    g    b  vv",
      "vb    g    b  vv",
      "vbzBz bbbbbb  vv",
      "vbzAz b    =iivv",
      "vb B  b    =iivv",
      "vb    bvvvvvvvvv",
      "vb    bvvvvvvvvv",
      "vbbbbbbvvvvvvvvv",
      "vvvvvvvvvvvvvvvv"
    ],
    [
      "vvvvvvvvvvvvvvvv",
      "vbbbbbbbbbbbvvvv",
      "vb    b    bnnvv",
      "vb    b    b  vv",
      "vb    b    b  vv",
      "vb    b    b  vv",
      "vb    b    b  vv",
      "vb    b    b  vv",
      "vb    b    b  vv",
      "vb    bbbbbb  vv",
      "vb    b===i   vv",
      "vb    b===i   vv",
      "vb    bvvvvvvvvv",
      "vb    bvvvvvvvvv",
      "vbbbbbbvvvvvvvvv",
      "vvvvvvvvvvvvvvvv"
    ],
    [
      "vvvvvvvvvvvvvvvv",
      "vbbbbbbbbbbbvvvv",
      "vbCDD bDDDDbEEvv",
      "vbDDDDbDDDDbEEvv",
      "vbDDDDbDDDDbEEvv",
      "vbDDDDbDDDDbEEvv",
      "vbDDDDbDDDDbEEvv",
      "vbDDDDbDDDDbEEvv",
      "vbFDDCbDDDDbEEvv",
      "vbDDDDbbbbbb  vv",
      "vbDDDDb=i     vv",
      "vbDDDDb=i     vv",
      "vbDDDDbvvvvvvvvv",
      "vb DDCbvvvvvvvvv",
      "vbbbbbbvvvvvvvvv",
      "vvvvvvvvvvvvvvvv"
    ]
  ]
}