{
  "name": "building_hotel1_floor1_180",
  "refpalette": "c70cities:building_hotel1_floor1_palette_180",
  "xsize": 16,
  "zsize": 16,
  "slices": [
    [
      "                ",
      " aadddddaaaaaaa ",
      " abbbbbbbbbbbba ",
      " fbbbbbbbbbbbbd ",
      " fbbbbbbbbbbbbd ",
      " fbbbbbbbbbbbbd ",
      " fbbbbe   bbbbd ",
      " abbbb    bbbbd ",
      " abbbb    bbbbd ",
      " abbbd    bbbbd ",
      " acccccccccccca ",
      " abbbbbbbbbbbba ",
      " abbbbbbbbbbbba ",
      " abbbbbbbbbbbba ",
      " aaaaaaaaaaaaaa ",
      "                "
    ],
    [
      "                ",
      " aaaaaaaaaaaaaa ",
      " arpro pro proa ",
      " t            a ",
      " t            a ",
      " t            a ",
      " t    dee  p oa ",
      " ar  s      r a ",
      " a   q     p oa ",
      " a            a ",
      " ann aaaaaaaaaa ",
      " a m   lkjjjiia ",
      " a            a ",
      " ahhh        ga ",
      " aaaaaaaaaaaaaa ",
      "                "
    ],
    [
      "                ",
      " aaaaaazzzzzzaa ",
      " ay w   w   w a ",
      " t            a ",
      " t            a ",
      " t            a ",
      " t      de  w t ",
      " ax      e  w t ",
      " a          w t ",
      " a            t ",
      " a   aaaaaaaaaa ",
      " a     u      a ",
      " a            a ",
      " a            a ",
      " aaaaaaaaaaaaaa ",
      "                "
    ],
    [
      "                ",
      " aaaaaaaaaaaaaa ",
      " ay           a ",
      " t            a ",
      " t            a ",
      " t            a ",
      " t            a ",
      " ax      d    a ",
      " a       e    a ",
      " a       e    a ",
      " a   aaaaaaaaaa ",
      " a            a ",
      " a            a ",
      " a            a ",
      " aaaaaaaaaaaaaa ",
      "                "
    ],
    [
      "                ",
      " aaaaaazzaaaaaa ",
      " a            a ",
      " t            a ",
      " t            a ",
      " t            a ",
      " t            a ",
      " a            a ",
      " a            a ",
      " a     eed    a ",
      " aaaaaaaaaaaaaa ",
      " a            t ",
      " a            t ",
      " a            a ",
      " aaaaaaaaaaaaaa ",
      "                "
    ],
    [
      "                ",
      " aaaaaaaaaaaaaa ",
      " aAAAAAAAAAAAAa ",
      " fAAAAAAAAAAAAa ",
      " fAAAAAAAAAAAAa ",
      " fAAAAAAAAAAAAa ",
      " fAAAA    AAAAa ",
      " aAAAA    AAAAa ",
      " aAAAA    AAAAa ",
      " aAAAAed  AAAAa ",
      " aaaaaaaaaaaaaa ",
      " aAAAAAAAAAAAAa ",
      " aAAAAAAAAAAAAa ",
      " aAAAAAAAAAAAAa ",
      " aaaaaaaaaaaaaa ",
      "                "
    ]
  ]
}