{
  "name": "building_carservice1_top_270",
  "refpalette": "c70cities:building_carservice1_top_palette_270",
  "xsize": 16,
  "zsize": 16,
  "slices": [
    [
      "                ",
      " aeeeeeeea    a ",
      " effffffccbbbb  ",
      " effffffccbbbb  ",
      " effffffccbb    ",
      " affffffca    a ",
      " effffffcd      ",
      " effffffcd      ",
      " effffffcd      ",
      " affffffca    a ",
      " eifffffcd      ",
      " egcffffcd      ",
      "  hgcfffcd      ",
      "   hgcffca    a ",
      "    eeeeee      ",
      "                "
    ],
    [
      "                ",
      " aetttppeaSjjja ",
      " e uuu   k    j ",
      " e uuu   k    j ",
      " eBwxws  k    j ",
      " a x#x   a    a ",
      " e xux  le    j ",
      " eBwuws le    j ",
      " e yuy  le    j ",
      " a      maSjjja ",
      " e      ne      ",
      " ez   qq!e      ",
      "  Az   rne      ",
      "   Az   oa    a ",
      "    eeeeee      ",
      "                "
    ],
    [
      "                ",
      " aeptpppea    a ",
      " e DuD   k      ",
      " e  x    k      ",
      " e  D    k      ",
      " a  E    a    a ",
      " e  D    e      ",
      " e       e      ",
      " e      Ce      ",
      " a      ma    a ",
      " e      ne      ",
      " ez     ne      ",
      "  Az    ne      ",
      "   Az    a    a ",
      "    eepppe      ",
      "                "
    ],
    [
      "                ",
      " aaaaaaaaaFFFFa ",
      " e       k      ",
      " e       k      ",
      " e       k      ",
      " aFFFFFFFaFFFFa ",
      " e       e      ",
      " e       e      ",
      " e       e      ",
      " aFFFFFFFaFFFFa ",
      " e      Ie      ",
      " ez     Je      ",
      "  Az    Ke      ",
      "   Az    aFFFFa ",
      "    eeeeee      ",
      "                "
    ],
    [
      "                ",
      " eeeeeeeee      ",
      " eLLLLLLLe      ",
      " eLLLLLLLe      ",
      " eLLLLLLLe      ",
      " eLLLLLLLe      ",
      " eLLLLLLLe      ",
      " eLLLLLLLe      ",
      " eLLLLLLLe      ",
      " eLLLLLLLe      ",
      " eLLLLLLLe      ",
      " eLLLLLLLe      ",
      "  LLLLLLLe      ",
      "   LLLLLLe      ",
      "    eeeeee      ",
      "                "
    ],
    [
      "                ",
      " eeeeeeeee      ",
      " e       e      ",
      " e       e      ",
      " e       e      ",
      " e       e      ",
      " e       e      ",
      " e       e      ",
      " e       e      ",
      " e       e      ",
      " e       e      ",
      " e       e      ",
      "         e      ",
      "         e      ",
      "    eeeeee      ",
      "                "
    ]
  ]
}