{
  "name": "building_hotel2_floor1",
  "refpalette": "c70cities:building_hotel2_floor1_palette",
  "xsize": 16,
  "zsize": 16,
  "slices": [
    [
      "                ",
      " aaaaaaaaaaaaaa ",
      " abccccccc!d    ",
      " abccccccccd    ",
      " a=ccccccccd    ",
      " acc!ccccccd    ",
      " acccccccccd    ",
      " acccccccccd    ",
      " acccccccccd    ",
      " acccccccccd    ",
      " acccccccccd    ",
      " acccccccccd    ",
      " acccccccccd    ",
      " adddddddddd    ",
      " a              ",
      "                "
    ],
    [
      "                ",
      " aaaaaaaaaaaaaa ",
      " ab  e  ffgh    ",
      " ab  i    jh    ",
      " a=aaa   j h    ",
      " aklga  m mh    ",
      " ano a     h    ",
      " aaapaj   jh    ",
      " a#        h    ",
      " a==       h    ",
      " a=q  rst uh    ",
      " a==  rst uh    ",
      " a         h    ",
      " awwwwwwwwwx    ",
      " a              ",
      "                "
    ],
    [
      "                ",
      " aaaaaaaaaaaaaa ",
      " ab  y     h    ",
      " ab  z    Ah    ",
      " a=aaa  AAAh    ",
      " a   a     h    ",
      " a   a     h    ",
      " aaaBaC   Dh    ",
      " a         h    ",
      " a         h    ",
      " a    r    h    ",
      " a    r    h    ",
      " a         h    ",
      " awwwwwwwwwx    ",
      " a              ",
      "                "
    ],
    [
      "                ",
      " aaaaaaaaaaaaaa ",
      " ab  a     h    ",
      " ab  a     h    ",
      " a=aaa     h    ",
      " a   a     h    ",
      " a   a     h    ",
      " aaaaaC   Dh    ",
      " a         h    ",
      " a         h    ",
      " a         h    ",
      " a         h    ",
      " a         h    ",
      " awwwwwwwwwx    ",
      " a              ",
      "                "
    ],
    [
      "                ",
      " aaaaaaaaaaaaaa ",
      " ab  a     h    ",
      " ab  a     h    ",
      " a=aaa  E  h    ",
      " a   a  F  h    ",
      " a   a  E  h    ",
      " aaaaa     h    ",
      " a      F  h    ",
      " a      E  h    ",
      " a      E  h    ",
      " a         h    ",
      " a         h    ",
      " awwwwwwwwwx    ",
      " a              ",
      "                "
    ],
    [
      "                ",
      " aaaaaaaaaaaaaa ",
      " abIIaIIIIIA    ",
      " abIIaIIIIIA    ",
      " a=aaaIIIIIA    ",
      " aIIIaIIIIIA    ",
      " aIIIaIIIIIA    ",
      " aaaaaIIIIIA    ",
      " aIIIIIIIIIA    ",
      " aIIIIIIIIIA    ",
      " aIIIIIIIIIA    ",
      " aIIIIIIIIIA    ",
      " aIIIIIIIIIA    ",
      " aAAAAAAAAAA    ",
      " a              ",
      "                "
    ]
  ]
}