{
  "name": "building_bank1_floor2",
  "refpalette": "c70cities:building_bank1_floor2_palette",
  "xsize": 16,
  "zsize": 16,
  "slices": [
    [
      "                ",
      "   abbc  abbc   ",
      "  SddddSdddddS  ",
      " eddddddddddddf ",
      " bddddddddddddb ",
      " bd dddd!dddddb ",
      " gd ddddddddddh ",
      "  d dddddddddS  ",
      "  S dddddd!ddd  ",
      " ed ddddddddddf ",
      " bddddddddddddb ",
      " bddddddddddddb ",
      " gddddddddddddh ",
      "  SdddddSddddS  ",
      "   ibbj  ibbj   ",
      "                "
    ],
    [
      "                ",
      "  abbc  abbc    ",
      "  kkkklkkkkklkf ",
      "  l     m    kb ",
      " ek    nm op kb ",
      " bqrs  nm t  kh ",
      " bk u   m wx l  ",
      " gk u        k  ",
      "  k u   ymmmmkf ",
      "  l z        kb ",
      " ek    m ABp kb ",
      " bk    m x C kh ",
      " bk    m     l  ",
      " gklkkkkklkkkk  ",
      "    ibbj  ibbj  ",
      "                "
    ],
    [
      "                ",
      " Dbbc  abbc  aE ",
      " gkkklkkkkklkkb ",
      "  k     m    kb ",
      "  l     m    kh ",
      " ek F   m    l  ",
      " bqr    m    k  ",
      " bk F        kf ",
      " gk     Immmmkb ",
      "  k F        kb ",
      "  l    m     kh ",
      " ek    m     l  ",
      " bk    m     k  ",
      " bkklkkkkklkkkf ",
      " Jj  ibbj  ibbK ",
      "                "
    ],
    [
      "                ",
      " Dbc  abbc  abE ",
      " bkklkkkkklkkkb ",
      " gk          kh ",
      "  k          l  ",
      "  l F        k  ",
      " ek          kf ",
      " bqrF        kb ",
      " bk     L    kb ",
      " gk F        kh ",
      "  k          l  ",
      "  l          k  ",
      " ek          kf ",
      " bkkklkkkkklkkb ",
      " Jbj  ibbj  ibK ",
      "                "
    ],
    [
      "                ",
      " Mc  abbc  abbN ",
      " bklkkkkklkkkkh ",
      " bk          l  ",
      " gk          k  ",
      "  k F        kf ",
      "  l          kb ",
      " ek F        kb ",
      " bqr         kh ",
      " bk F        l  ",
      " gk          k  ",
      "  k          kf ",
      "  l          kb ",
      " ekkkklkkkkklkb ",
      " Obbj  ibbj  iP ",
      "                "
    ],
    [
      "                ",
      "    abbc  abbc  ",
      " elkkkkklkkkkl  ",
      " bkQQQQQQQQQQk  ",
      " bkQQQQQQQQQQkf ",
      " gk FQQQQQQQQkb ",
      "  k  QQQQQQQQkb ",
      "  l FQQQQQQQQkh ",
      " ek  QQQQQQQQl  ",
      " bqrFQQQQQQQQk  ",
      " bkQQQQQQQQQQkf ",
      " gkQQQQQQQQQQkb ",
      "  kQQQQQQQQQQkb ",
      "  lkkkklkkkkklh ",
      "  ibbj  ibbj    ",
      "                "
    ]
  ]
}