{
  "name": "building_hotel1_ground",
  "refpalette": "c70cities:building_hotel1_ground_palette",
  "xsize": 16,
  "zsize": 16,
  "slices": [
    [
      "GGGGaGGGGGGaGGGG",
      "GbbbbbbbbbbbbbbG",
      "GbccccccccccccbG",
      "GbccccccccccccbG",
      "GbccccccccccccbG",
      "GbccccccccccccbG",
      "Gbcccc!GGGccccbG",
      "GbccccdGGGccccbG",
      "GbccccdGGGccccbG",
      "GbccccddddccccdG",
      "GbccccccccccccdG",
      "GbccccccccccccdG",
      "GbccccccccccccdG",
      "Gb!cccccccccccbG",
      "GbbbbbbbbbbbbbbG",
      "GGGGGGGGGGGGGGGG"
    ],
    [
      " eeeeeeeeeeeeee ",
      " bbbbbbbbbbbbbb ",
      " bffff gg h ggb ",
      " bf    gi h igb ",
      " bj    gg   ggb ",
      " bj           b ",
      " b    keee    b ",
      " b    l  e    b ",
      " b    l  e   mb ",
      " b    nggo   pq ",
      " b           r  ",
      " bbsb  t t   u  ",
      " b  b wwwwx  py ",
      " bz b   A B  mb ",
      " bbbbbbbbbbbbbb ",
      "                "
    ],
    [
      "                ",
      " bbbbbbbbbbbbbb ",
      " bfff         b ",
      " bf           b ",
      " b            b ",
      " b            b ",
      " C    k       b ",
      " C    l       b ",
      " C    g      Db ",
      " C    go     pq ",
      " b           E  ",
      " bbFb        I  ",
      " b  b        py ",
      " b  b        Jb ",
      " bbKLKKKKbbbbbb ",
      "                "
    ],
    [
      "                ",
      " bbbbbbbbbbbbbb ",
      " bfM          b ",
      " b            b ",
      " b            b ",
      " b            b ",
      " b    g       b ",
      " b    g       b ",
      " b    o      Db ",
      " b           pN ",
      " b           pN ",
      " bbbb        pN ",
      " b  b        pN ",
      " bM b        Jb ",
      " bbbbbbbbbbbbbb ",
      "                "
    ],
    [
      "                ",
      " bbbbbbbbbbbbbb ",
      " bMM          b ",
      " C            b ",
      " C            b ",
      " b            b ",
      " b    ogg     b ",
      " b            b ",
      " b            b ",
      "~b           pN ",
      " bM          pN ",
      " bbbb        pN ",
      " bM b        pN ",
      " bM b         b ",
      " bbbbbbKKbbbbbb ",
      "                "
    ],
    [
      "                ",
      " bbbbbbbbbbbbbb ",
      " bOOOOOOOOOOOOb ",
      " bOOOOOOOOOOOOb ",
      " bOOOOOOOOOOOOb ",
      " bOOOOOOOOOOOOb ",
      " bOOOO  ogOOOOb ",
      " bOOOO    OOOOb ",
      " bOOOO    OOOOb ",
      " bOOOO    OOOON ",
      " bOOOOOOOOOOOON ",
      " bbbbOOOOOOOOON ",
      " bOObOOOOOOOOON ",
      " bOObOOOOOOOOOb ",
      " bbbbbbbbbbbbbb ",
      "                "
    ]
  ]
}