{
  "name": "building_hotel1_ground",
  "refpalette": "c70cities:building_hotel1_ground_palette",
  "xsize": 16,
  "zsize": 16,
  "slices": [
    [
      "GGGGaGGGGGGaGGGG",
      "GbbbbbbbbbbbbbbG",
      "GbccccccccccccbG",
      "GbccccccccccccbG",
      "GbccccccccccccbG",
      "GbccccccccccccbG",
      "Gbcccc!GGGccccbG",
      "GbccccdGGGccccbG",
      "GbccccdGGGccccbG",
      "GbccccddddccccdG",
      "GbccccccccccccdG",
      "GbccccccccccccdG",
      "GbccccccccccccdG",
      "Gb!cccccccccccbG",
      "GbbbbbbbbbbbbbbG",
      "GGGGGGGGGGGGGGGG"
    ],
    [
      " eeeeeeeeeeeeee ",
      " bbbbbbbbbbbbbb ",
      " bffff gg h ggb ",
      " bf    gi h igb ",
      " bj    gg   ggb ",
      " bj           b ",
      " b    keee    b ",
      " b    k  e    b ",
      " b    k  e   lb ",
      " b    kggm   no ",
      " b           p  ",
      " bbqb  r r   s  ",
      " b  b ttttu  no ",
      " bw b   x y  lb ",
      " bbbbbbbbbbbbbb ",
      "                "
    ],
    [
      "                ",
      " bbbbbbbbbbbbbb ",
      " bfff         b ",
      " bf           b ",
      " b            b ",
      " b            b ",
      " o    k       b ",
      " o    k       b ",
      " o    g      zb ",
      " o    gm     no ",
      " b           A  ",
      " bbBb        C  ",
      " b  b        no ",
      " b  b        zb ",
      " bboooooobbbbbb ",
      "                "
    ],
    [
      "                ",
      " bbbbbbbbbbbbbb ",
      " bfD          b ",
      " b            b ",
      " b            b ",
      " b            b ",
      " b    g       b ",
      " b    g       b ",
      " b    m      zb ",
      " b           no ",
      " b           no ",
      " bbbb        no ",
      " b  b        no ",
      " bD b        zb ",
      " bbbbbbbbbbbbbb ",
      "                "
    ],
    [
      "                ",
      " bbbbbbbbbbbbbb ",
      " bDD          b ",
      " o            b ",
      " o            b ",
      " b            b ",
      " b    mgg     b ",
      " b            b ",
      " b            b ",
      "~b           no ",
      " bD          no ",
      " bbbb        no ",
      " bD b        no ",
      " bD b         b ",
      " bbbbbboobbbbbb ",
      "                "
    ],
    [
      "                ",
      " bbbbbbbbbbbbbb ",
      " bEEEEEEEEEEEEb ",
      " bEEEEEEEEEEEEb ",
      " bEEEEEEEEEEEEb ",
      " bEEEEEEEEEEEEb ",
      " bEEEE  mgEEEEb ",
      " bEEEE    EEEEb ",
      " bEEEE    EEEEb ",
      " bEEEE    EEEEo ",
      " bEEEEEEEEEEEEo ",
      " bbbbEEEEEEEEEo ",
      " bEEbEEEEEEEEEo ",
      " bEEbEEEEEEEEEb ",
      " bbbbbbbbbbbbbb ",
      "                "
    ]
  ]
}