{
  "name": "building_carservice1_floor2_90",
  "refpalette": "c70cities:building_carservice1_floor2_palette_90",
  "xsize": 16,
  "zsize": 16,
  "slices": [
    [
      "                ",
      "      ffffff    ",
      " a    acggcjk   ",
      "      ecgggcjk  ",
      "      ecggggcjf ",
      "      ecggggglf ",
      " a    acgggggga ",
      "      ecgg    f ",
      "      ecgg!   f ",
      "    HHdcgg    f ",
      " a  bbacgghhhha ",
      "    bbccgghiihf ",
      "  bbbbccgghhhhf ",
      "  bbbbccggggggf ",
      " a    afffffffa ",
      "                "
    ],
    [
      "                ",
      "      ffffff    ",
      " a    a#ps zA   ",
      "      fq    zA  ",
      "      fq     zf ",
      "      fp     lf ",
      " ammmSao      a ",
      " m  HHfn  x  xf ",
      " m  bbfn      f ",
      " m    f   x  xf ",
      " a    a   u  ua ",
      " m        wyywf ",
      " m        u  uf ",
      " m        t   f ",
      " ammmSafrrrrrfa ",
      "                "
    ],
    [
      "                ",
      "      frrrff    ",
      " a    a    zA   ",
      "      fD    zA  ",
      "      f      zf ",
      "    HHf      lf ",
      " aaBbbaC     Ia ",
      "      f   FFFFf ",
      "      f   FbbFf ",
      "      f   FFFFf ",
      " a    a    EE a ",
      "          E  Jf ",
      "           EE f ",
      "             If ",
      " a    afrrrrrfa ",
      "                "
    ],
    [
      "                ",
      "      ffffff    ",
      " a    a    zA   ",
      "  bbbbf     zA  ",
      "  bbbbf      zf ",
      "  bb  f      lf ",
      " abb  a       a ",
      "  HH  f       f ",
      "      f       f ",
      "      f       f ",
      " a    a       a ",
      "      K       f ",
      "      K       f ",
      "      K       f ",
      " a    afrrrrrfa ",
      "                "
    ],
    [
      "                ",
      "      ffffff    ",
      " aSmmma    zA   ",
      " m    f     zA  ",
      " m    f      zf ",
      " m    f      lf ",
      " a    a       a ",
      " m    f       f ",
      " mbb  f       f ",
      " mHH  f       f ",
      " aSmmma       a ",
      "      f       f ",
      "      f       f ",
      "      f       f ",
      " a    afLLLLLfa ",
      "                "
    ],
    [
      "                ",
      "      ffffff    ",
      " a    a    zA   ",
      "      f  m  zA  ",
      "      f  mm  zf ",
      "      f  mmm lf ",
      " a    a  mmmm a ",
      "      f  mmmmmf ",
      "      f  mmmmmf ",
      "      f  mmmmmf ",
      " abbBaa  mmmmma ",
      "  HH  f  mmmmmf ",
      "      f  mmmmmf ",
      "      f  mmmmmf ",
      " a    afffffffa ",
      "                "
    ]
  ]
}