{
  "name": "building_carservice1_ground_90",
  "refpalette": "c70cities:building_carservice1_ground_palette_90",
  "xsize": 16,
  "zsize": 16,
  "slices": [
    [
      "GGHHHHGGGGGGGGGG",
      "GGHHHHeeeeeeGGGG",
      "Gavv==affffffGGG",
      "GvvvddefffffffGG",
      "GvvvddefffffffeG",
      "GvvvccefffffffeG",
      "GavvbbafffffffaG",
      "Gvvv  effffff!eG",
      "Gvvv  effff ffeG",
      "Gvvv  efff fffeG",
      "Gavv  aff kmffaG",
      "Gvvv  effhjlffeG",
      "Gvvv  effgi ffeG",
      "Gvvv  effffff!eG",
      "GavvvvaeeeeeeeaG",
      "GGGGGGGGGGGGGGGG"
    ],
    [
      "                ",
      "      eeeeee    ",
      " ann  auxxyzA   ",
      "  HH        zA  ",
      "   p         ze ",
      "   p         Fe ",
      " a p  a       a ",
      "   p  et     Ee ",
      "   p  e      Ce ",
      "   p  e#     Ce ",
      " a p  as     Da ",
      "   p  er     Ce ",
      "   p  er     Ce ",
      "   p  er     Be ",
      " a oqqaewwwwwea ",
      "                "
    ],
    [
      "                ",
      "      ewwwee    ",
      " a    a   yzA   ",
      "            zA  ",
      "  nn         ze ",
      "  HH         Fe ",
      " aSIIIa       a ",
      "      e      Ee ",
      "      e       e ",
      "      e       e ",
      " a    aK      a ",
      "      eJ      e ",
      "      e       e ",
      "      e      Be ",
      " aSIIIaewwwwwea ",
      "                "
    ],
    [
      "                ",
      "      eeeeee    ",
      " a    a    zA   ",
      "      L     zA  ",
      "      L      ze ",
      "      L      Fe ",
      " ann  a       a ",
      "  HH  e       e ",
      "      e       e ",
      "      e       e ",
      " a    a       a ",
      "      e       e ",
      "      e       e ",
      "      e       e ",
      " a    aewwwwwea ",
      "                "
    ],
    [
      "                ",
      "      eeeeee    ",
      " aSIIIa    zA   ",
      " I    e     zA  ",
      " I    e      ze ",
      " I    e      Fe ",
      " a    a       a ",
      " I    e       e ",
      " Inn  e       e ",
      " IHH  e       e ",
      " aSIIIa       a ",
      "      e       e ",
      "      e       e ",
      "      e       e ",
      " a    aeMMMMMea ",
      "                "
    ],
    [
      "                ",
      "      eeeeee    ",
      " a    a    zA   ",
      "      e  I  zA  ",
      "      e  II  ze ",
      "      e  III Fe ",
      " a    a  IIII a ",
      "      e  IIIIIe ",
      "      e  IIIIIe ",
      "      e  IIIIIe ",
      " annNaa  IIIIIa ",
      "  HH  e  IIIIIe ",
      "      e  IIIIIe ",
      "      e  IIIIIe ",
      " a    aeeeeeeea ",
      "                "
    ]
  ]
}