{
  "name": "building_bank1_top_90",
  "refpalette": "c70cities:building_bank1_top_palette_90",
  "xsize": 16,
  "zsize": 16,
  "slices": [
    [
      "                ",
      "  abbbc abbbc   ",
      "  SddddSdddddSa ",
      " cddddddddddddb ",
      " bddddddddddddb ",
      " bddddddddddddb ",
      " bddddddddddddc ",
      " adddddddddddS  ",
      "  Sddddddddddda ",
      " cddddddddddddb ",
      " bddddddddddddb ",
      " bddddddddddddb ",
      " bddd     ddddc ",
      " aSdddddSddddS  ",
      "   cbbba cbbba  ",
      "                "
    ],
    [
      "                ",
      " ebcc abbcc abe ",
      " bffffgfffffgfb ",
      " ag  #     psfc ",
      "  f      o prfc ",
      " cf  i l o prf  ",
      " cf  i   n prga ",
      " bf  hkkkm pqfb ",
      " bf        pqfb ",
      " ag   j j  prfc ",
      "  f        prfc ",
      " cf        prf  ",
      " cf        pqga ",
      " bfgfffffgffffb ",
      " eba ccbba ccbe ",
      "                "
    ],
    [
      "                ",
      " ebbbbbbbbbbbbe ",
      " bffffgfffffgfb ",
      " bg         rfb ",
      " bf      o  rfb ",
      " bf      o  rfb ",
      " bf         rgb ",
      " bf  t   u  rfb ",
      " bf         rfb ",
      " bg         rfb ",
      " bf         rfb ",
      " bf         rfb ",
      " bf         rgb ",
      " bfgfffffgffffb ",
      " ebbbbbbbbbbbbe ",
      "                "
    ],
    [
      "                ",
      "                ",
      "   ffgfffffgf   ",
      "  ff        ff  ",
      "  g          f  ",
      "  f          g  ",
      "  f          f  ",
      "  f          f  ",
      "  f          f  ",
      "  f          f  ",
      "  g          f  ",
      "  f          g  ",
      "  ff        ff  ",
      "   fgfffffgff   ",
      "                ",
      "                "
    ],
    [
      "                ",
      "                ",
      "                ",
      "    ffffffff    ",
      "   ffffffffff   ",
      "   fffw   fff   ",
      "   ff      ff   ",
      "   ff      ff   ",
      "   ff      ff   ",
      "   ff      ff   ",
      "   fff   wfff   ",
      "   ffffffffff   ",
      "    ffffffff    ",
      "                ",
      "                ",
      "                "
    ],
    [
      "                ",
      "                ",
      "                ",
      "                ",
      "                ",
      "      ffff      ",
      "     ffffff     ",
      "     ffffff     ",
      "     ffffff     ",
      "     ffffff     ",
      "      ffff      ",
      "                ",
      "                ",
      "                ",
      "                ",
      "                "
    ]
  ]
}