{
  "name": "building_hotel1_floor2_270",
  "refpalette": "c70cities:building_hotel1_floor2_palette_270",
  "xsize": 16,
  "zsize": 16,
  "slices": [
    [
      "                ",
      " aadddddddaaaaa ",
      " abbbbbbbbbbbba ",
      " abbbbbbbbbbbba ",
      " abbbbbbbbbbbba ",
      " abbbccccccbbba ",
      " abbbc    cbbba ",
      " abbbc    cbbba ",
      " dbbbc    cbbba ",
      " dbccce   cbbba ",
      " dbbbbbbbdcbbba ",
      " dbbbbbbbbcbbba ",
      " dbbbbbbbbcbbba ",
      " abbbbbbbbcbbba ",
      " aaffffaaaaaaaa ",
      "                "
    ],
    [
      "                ",
      " aaaaaaaaaaaaaa ",
      " a          l a ",
      " a zua      mga ",
      " a zua=qq=#   a ",
      " a   oaaaaon  a ",
      " a Awa    a  ha ",
      " a Bxae   a= ia ",
      " aECyae   a= ia ",
      " aaaaad   a  ja ",
      " aee   sr on  a ",
      " aeD      a   a ",
      " aeD      p  ka ",
      " am    m  a   a ",
      " aattttaaaaaaaa ",
      "                "
    ],
    [
      "                ",
      " aaaaattttaaaaa ",
      " a            a ",
      " P   a      F a ",
      " P   aM  K    a ",
      " P   oaaaaon  a ",
      " P Ntaee  a   a ",
      " P   ad   a   a ",
      " P   a    aI  a ",
      " aaaaa    a   a ",
      " a        on  a ",
      " a        a   a ",
      " a        J   a ",
      " aO    L  a   a ",
      " aattttaaaaaaaa ",
      "                "
    ],
    [
      "                ",
      " aaaaaaaaaaaaaa ",
      " a   a        a ",
      " a   a        a ",
      " a   a DD     a ",
      " a  Qoaaaao  Qa ",
      " a Nta deea   a ",
      " a   a    a   a ",
      " a   a    a   a ",
      " aaaaa    a   a ",
      " a        o  Qa ",
      " a        a   a ",
      " a        a   a ",
      " aO    L  a   a ",
      " aattttaaaaaaaa ",
      "                "
    ],
    [
      "                ",
      " aaaaaaaaaattaa ",
      " a   a        a ",
      " a   a        a ",
      " a   a        a ",
      " a  Roaaaao  Ra ",
      " attta   da   a ",
      " P   a   ea   a ",
      " P   a   ea   a ",
      " aaaaa    a   a ",
      " a        o  Ra ",
      " a        a   a ",
      " a        a   a ",
      " a        a   a ",
      " aattttaaaaaaaa ",
      "                "
    ],
    [
      "                ",
      " aaaaaaaaaaaaaa ",
      " aTTTTTTTTTTTTa ",
      " aTTTTTTTTTTTTa ",
      " aTTTTTTTTTTTTa ",
      " aTTToaaaaoTTTa ",
      " aTTTa    aTTTa ",
      " aTTTa    aTTTa ",
      " aTTTa   daTTTa ",
      " aaaaa   eaTTTa ",
      " aTTTTTTTToTTTa ",
      " aTTTTTTTTaTTTa ",
      " aTTTTTTTTaTTTa ",
      " aTTTTTTTTaTTTa ",
      " aaffffaaaaaaaa ",
      "                "
    ]
  ]
}