{
  "name": "building_carservice1_base1",
  "refpalette": "c70cities:building_carservice1_base1_palette",
  "xsize": 16,
  "zsize": 16,
  "slices": [
    [
      "vvvvvvvvvvvvvvvv",
      "vaaaaaaaaaaaaaav",
      "vaaaaaaaaaaaaaav",
      "vaaaaaaaaaaaaaav",
      "vaaaaaaaaaaaaaav",
      "vaaaaaaaaaaaaaav",
      "vaaaaaaaaaaaaaav",
      "vaaaaaaaaaaaaaav",
      "vaaaaaaaaaaaaaav",
      "vaaaaaaaa!aaaaav",
      "va==aaaaaaaaaaav",
      "va==aaaaaaaaaaav",
      "va==aaaaaaaaaaav",
      "va==aaaaaaaaaaav",
      "vaaaaaaaaaaaaaav",
      "vvvvvvvvvvvvvvvv"
    ],
    [
      "vvvvvvvvvvvvvvvv",
      "vvvvvvvvvbbbbbbv",
      "vvvvvvvvvb    bv",
      "vvvvvvvvvb cccbv",
      "vv===dd !befcfbv",
      "vv===d  db c#cbv",
      "vv==bb  bb cccbv",
      "vv==b    gefcfbv",
      "vv==b   hg cccbv",
      "vviib  jjb klkbv",
      "vv  m         bv",
      "vv  m         bv",
      "vv  m    m    bv",
      "vvn b op mqrrsbv",
      "vvvvbbbbbtbbbbbv",
      "vvvvvvvvvvvvvvvv"
    ],
    [
      "vvvvvvvvvvvvvvvv",
      "vvvvvvvvvbbbbbbv",
      "vvvvvvvvvb    bv",
      "vvvvvvvvvb uuubv",
      "vv===   db wxwbv",
      "vv===    b y ybv",
      "vv==bb  bb yyybv",
      "vviib    g zAzbv",
      "vv  b    g zBzbv",
      "vv  b    b    bv",
      "vv  m         bv",
      "vv  m         bv",
      "vv  m    m    bv",
      "vvn b    m    bv",
      "vvvvbbbbbtbbbbbv",
      "vvvvvvvvvvvvvvvv"
    ],
    [
      "vvvvvvvvvvvvvvvv",
      "vvvvvvvvvbbbbbbv",
      "vvvvvvvvvb    bv",
      "vvvvvvvvvb    bv",
      "vvii=    b  B bv",
      "vvii=    b zAzbv",
      "vv  bbbbbb zBzbv",
      "vv  b    g    bv",
      "vv  b    g    bv",
      "vv  b    b    bv",
      "vv  m         bv",
      "vv  m         bv",
      "vv  m    m    bv",
      "vvnnb    m    bv",
      "vvvvbbbbbtbbbbbv",
      "vvvvvvvvvvvvvvvv"
    ],
    [
      "vvvvvvvvvvvvvvvv",
      "vvvvvvvvvbbbbbbv",
      "vvvvvvvvvb    bv",
      "vvvvvvvvvb    bv",
      "vv   i===b    bv",
      "vv   i===b    bv",
      "vv  bbbbbb    bv",
      "vv  b    b    bv",
      "vv  b    b    bv",
      "vv  b    b    bv",
      "vv  b    b    bv",
      "vv  b    b    bv",
      "vv  b    b    bv",
      "vvnnb    b    bv",
      "vvvvbbbbbbbbbbbv",
      "vvvvvvvvvvvvvvvv"
    ],
    [
      "vvvvvvvvvvvvvvvv",
      "vvvvvvvvvbbbbbbv",
      "vvvvvvvvvbCDD bv",
      "vvvvvvvvvbDDDDbv",
      "vv     i=bDDDDbv",
      "vv     i=bDDDDbv",
      "vv  bbbbbbDDDDbv",
      "vvEEbDDDDbCDDFbv",
      "vvEEbDDDDbDDDDbv",
      "vvEEbDDDDbDDDDbv",
      "vvEEbDDDDbDDDDbv",
      "vvEEbDDDDbDDDDbv",
      "vvEEbDDDDbDDDDbv",
      "vvEEbDDDDb DDCbv",
      "vvvvbbbbbbbbbbbv",
      "vvvvvvvvvvvvvvvv"
    ]
  ]
}