{
  "name": "building_bank1_ground_270",
  "refpalette": "c70cities:building_bank1_ground_palette_270",
  "xsize": 16,
  "zsize": 16,
  "slices": [
    [
      "GGGGGGGGGGGGGGGG",
      "GGaGGaaaaGGaaaGG",
      "GabbbbbbbbbbbbaG",
      "GabcbbbbbbbbbbGG",
      "GabbbbbbbbbbbbGG",
      "GGbbbbbbbbbbbbaG",
      "GGbbbbbbbbbbbbaG",
      "Gabb!bbbbbbbbbaG",
      "GabbbbbbbbbbbbaG",
      "GabbbbbbbbbbbbGG",
      "GabbbbbbbbbbbbGG",
      "GGbbbbbbbbbbbbaG",
      "GGbbbbbbbbbbbbaG",
      "GabbbbbbbbbbbbaG",
      "GGaaaGGaaaaGGaGG",
      "GGGGGGGGGGGGGGGG"
    ],
    [
      "                ",
      " da  aaaa  aaad ",
      " aeefeleeefeeea ",
      " ae  amk     e  ",
      " aeaoa   j j f  ",
      "  f     hhhhhea ",
      "  e          ea ",
      " aepp        ea ",
      " aepq n      ea ",
      " aepq n      e  ",
      " aepp        f  ",
      "  f          ea ",
      "  e          ga ",
      " aeeefieeeefiea ",
      " daaa  aaaa  ad ",
      "                "
    ],
    [
      "                ",
      " da  aaaa  aaad ",
      " aeefeleeefeeea ",
      " ae  amt     e  ",
      " aeaua       f  ",
      "  f     s    ea ",
      "  e          ea ",
      " ae          ea ",
      " ae          ea ",
      " ae          e  ",
      " ae          f  ",
      "  f          ea ",
      "  e          ga ",
      " aeeefreeeefrea ",
      " daaa  aaaa  ad ",
      "                "
    ],
    [
      "                ",
      " dy  aaay  aaad ",
      " aefeeleefeeeew ",
      " ae  amt     f  ",
      " aeaaa       e  ",
      "  e          ea ",
      "  f          ea ",
      " ze          ea ",
      " ae          ew ",
      " ae          f  ",
      " ae          e  ",
      "  e          ea ",
      "  f          ea ",
      " zeeeefeeeeefea ",
      " daaa  xaaa  xd ",
      "                "
    ],
    [
      "                ",
      " d   aaa   aaad ",
      " aefeeleefeeee  ",
      " ae  am      f  ",
      " aeaaa       e  ",
      "  e          ea ",
      "  f          ea ",
      "  e          ea ",
      " ae          e  ",
      " ae          f  ",
      " ae          e  ",
      "  e          ea ",
      "  f          ea ",
      "  eeeefeeeeefea ",
      " daaa   aaa   d ",
      "                "
    ],
    [
      "                ",
      "    Daay  Daay  ",
      " zfeeelefeeeef  ",
      " aeBBam    BBe  ",
      " aeaaaBBBBBBBeA ",
      " IeBBBBBBBBBBea ",
      "  eBBBBBBBBBBea ",
      "  fBBEEEEEEBBew ",
      " zeBBEFFFFEBBf  ",
      " aeBBEFFFFEBBe  ",
      " aeBBEEEEEEBBeA ",
      " IeBBBBBBBBBBea ",
      "  eBBBBBBBBBBea ",
      "  feeeefeeeeefw ",
      "  xaaC  xaaC    ",
      "                "
    ]
  ]
}