{
  "name": "building_carservice1_base1_90",
  "refpalette": "c70cities:building_carservice1_base1_palette_90",
  "xsize": 16,
  "zsize": 16,
  "slices": [
    [
      "vvvvvvvvvvvvvvvv",
      "vaaaaaaaaaaaaaav",
      "vaaaaaaaaaaaaaav",
      "vaaaaaaaaaaaaaav",
      "vaaaaaaaaaaaaaav",
      "vaaaaaaaaaaaaaav",
      "vaaaaaaaa!aaaaav",
      "vaaaaaaaaaaaaaav",
      "vaaaaaaaaaaaaaav",
      "vaaaaaaaaaaaaaav",
      "vaaaaaaaaaaaaaav",
      "vaaaaaaaaaaaaaav",
      "vaaaaaaaaa====av",
      "vaaaaaaaaa====av",
      "vaaaaaaaaaaaaaav",
      "vvvvvvvvvvvvvvvv"
    ],
    [
      "vvvvvvvvvvvvvvvv",
      "vbbbbbbbbbbbbbbv",
      "vb cfccfcl   ubv",
      "vb cc#cccm   tbv",
      "vb cfccfcl   tbv",
      "vb  e  e     sbv",
      "vbbbbbbggb  orwv",
      "vvvv!db hk    bv",
      "vvvv     j   qbv",
      "vvvvd        qbv",
      "vvvvddb       bv",
      "vvvv==bbbbnnnbbv",
      "vvvv=====i    vv",
      "vvvv=====i   pvv",
      "vvvvvvvvvvvvvvvv",
      "vvvvvvvvvvvvvvvv"
    ],
    [
      "vvvvvvvvvvvvvvvv",
      "vbbbbbbbbbbbbbbv",
      "vb xyBEFF     bv",
      "vb xz DIJ     bv",
      "vb xyACFF     bv",
      "vb            bv",
      "vbbbbbbggb  orwv",
      "vvvvd b       bv",
      "vvvv          bv",
      "vvvv          bv",
      "vvvv  b       bv",
      "vvvv==bbbbnnnbbv",
      "vvvv===i      vv",
      "vvvv===i     pvv",
      "vvvvvvvvvvvvvvvv",
      "vvvvvvvvvvvvvvvv"
    ],
    [
      "vvvvvvvvvvvvvvvv",
      "vbbbbbbbbbbbbbbv",
      "vb   FF       bv",
      "vb  JIJ       bv",
      "vb   FF       bv",
      "vb            bv",
      "vbbbbbbggb  orwv",
      "vvvv  b       bv",
      "vvvv  b       bv",
      "vvvv  b       bv",
      "vvvv  b       bv",
      "vvvv==bbbbnnnbbv",
      "vvvvii       Kvv",
      "vvvvii       Kvv",
      "vvvvvvvvvvvvvvvv",
      "vvvvvvvvvvvvvvvv"
    ],
    [
      "vvvvvvvvvvvvvvvv",
      "vbbbbbbbbbbbbbbv",
      "vb            bv",
      "vb            bv",
      "vb            bv",
      "vb            bv",
      "vbbbbbbbbbbbbbbv",
      "vvvv==b       bv",
      "vvvv==b       bv",
      "vvvv==b       bv",
      "vvvviib       bv",
      "vvvv  bbbbbbbbbv",
      "vvvv         Kvv",
      "vvvv         Kvv",
      "vvvvvvvvvvvvvvvv",
      "vvvvvvvvvvvvvvvv"
    ],
    [
      "vvvvvvvvvvvvvvvv",
      "vbbbbbbbbbbbbbbv",
      "vb MMMMOMMMMMLbv",
      "vbMMMMMMMMMMMMbv",
      "vbMMMMMMMMMMMMbv",
      "vbLMMMMLMMMMM bv",
      "vbbbbbbbbbbbbbbv",
      "vvvv==bMMMMMMMbv",
      "vvvviibMMMMMMMbv",
      "vvvv  bMMMMMMMbv",
      "vvvv  bMMMMMMMbv",
      "vvvv  bbbbbbbbbv",
      "vvvv   NNNNNNNvv",
      "vvvv   NNNNNNNvv",
      "vvvvvvvvvvvvvvvv",
      "vvvvvvvvvvvvvvvv"
    ]
  ]
}