{
  "name": "building_bank1_floor1_90",
  "refpalette": "c70cities:building_bank1_floor1_palette_90",
  "xsize": 16,
  "zsize": 16,
  "slices": [
    [
      "                ",
      "   fbbh  fbbh   ",
      "  SddddSdddddS  ",
      " cddddddddddddj ",
      " bddddddddddddb ",
      " bddddddddddddb ",
      " addddddddddddi ",
      "  dddddddddddS  ",
      "  Sddddddddddd  ",
      " cddddddddddddj ",
      " bddddddddddddb ",
      " bddddddddddddb ",
      " addd     ddddi ",
      "  SdddddSddddS  ",
      "   ebbg  ebbg   ",
      "                "
    ],
    [
      "                ",
      "  fbbh  fbbh    ",
      "  kkkklkkkkklkj ",
      "  ln     AA  kb ",
      " ck          kb ",
      " bk      zz  ki ",
      " bk   su     l  ",
      " ak   stxxC# k  ",
      "  kmobbbbbbbbkj ",
      "  l     wyBD kb ",
      " ck          kb ",
      " bk  rrrrr   ki ",
      " bk  q       l  ",
      " aklkpkkklkkkk  ",
      "    ebbg  ebbg  ",
      "                "
    ],
    [
      "                ",
      " Ebbh  fbbh  fE ",
      " akkklkkkkklkkb ",
      "  kn         kb ",
      "  l          ki ",
      " ck          l  ",
      " bk   J      k  ",
      " bk   s      kj ",
      " akFIbbbbbbbbkb ",
      "  k      K   kb ",
      "  l          ki ",
      " ck  r r r   l  ",
      " bk   q      k  ",
      " bkklkpkkklkkkj ",
      " Eg  ebbg  ebbE ",
      "                "
    ],
    [
      "                ",
      " Ebh  fbbh  fbE ",
      " bkklkkkkklkkkb ",
      " akn         ki ",
      "  k          l  ",
      "  l          k  ",
      " ck   s      kj ",
      " bk   s      kb ",
      " bkbbbbbbbbbbkb ",
      " ak      K   ki ",
      "  k          l  ",
      "  l  r r r   k  ",
      " ck    q     kj ",
      " bkkkl pkkklkkb ",
      " Ebg  ebbg  ebE ",
      "                "
    ],
    [
      "                ",
      " Eh  fbbh  fbbE ",
      " bklkkkkklkkkki ",
      " bk          l  ",
      " ak          k  ",
      "  k          kj ",
      "  l          kb ",
      " ck          kb ",
      " bkbbbbbbbbbbki ",
      " bk          l  ",
      " ak          k  ",
      "  k  r r r   kj ",
      "  l     q    kb ",
      " ckkkkl pkkklkb ",
      " Ebbg  ebbg  eE ",
      "                "
    ],
    [
      "                ",
      "    fbbh  fbbh  ",
      " clkkkkklkkkkl  ",
      " bkLLLLLLLLLLk  ",
      " bkLLLLMMMMLLkj ",
      " akLLLLM!!MLLkb ",
      "  kLLLLMMMMLLkb ",
      "  lLLLLLLLLLLki ",
      " ckbbbbbbbbbbl  ",
      " bkLLLLLLLLLLk  ",
      " bkLLLLLLLLLLkj ",
      " akLLr r rLLLkb ",
      "  kLL    qLLLkb ",
      "  lkkkkl pkkkli ",
      "  ebbg  ebbg    ",
      "                "
    ]
  ]
}