{
  "name": "building_bank1_ground_90",
  "refpalette": "c70cities:building_bank1_ground_palette_90",
  "xsize": 16,
  "zsize": 16,
  "slices": [
    [
      "GGGGGGGGGGGGGGGG",
      "GGaGGaaaaGGaaaGG",
      "GabbbbbbbbbbbbaG",
      "GabbbbbbbbbbbbGG",
      "GabbbbbbbbbbbbGG",
      "GGbbbbbbbbbbbbaG",
      "GGbbbbbbbbbbbbaG",
      "GabbbbbbbbbbbbaG",
      "Gabbbbbbbbb!bbaG",
      "GabbbbbbbbbbbbGG",
      "GabbbbbbbbbbbbGG",
      "GGbbbbbbbbbbbbaG",
      "GGbbbbbbbbbbcbaG",
      "GabbbbbbbbbbbbaG",
      "GGaaaGGaaaaGGaGG",
      "GGGGGGGGGGGGGGGG"
    ],
    [
      "                ",
      " ea  aaaa  aaau ",
      " afjgffffjgfffa ",
      " ah          f  ",
      " af          g  ",
      "  g        rrfa ",
      "  f      p srfa ",
      " af      o srfa ",
      " af        rrfa ",
      " af          f  ",
      " afiiiii     g  ",
      "  g k k   aqafa ",
      "  f     lna  fa ",
      " afffgfffmfgffa ",
      " daaa  aaaa  at ",
      "                "
    ],
    [
      "                ",
      " ea  aaaa  aaau ",
      " afwgffffwgfffa ",
      " ah          f  ",
      " af          g  ",
      "  g          fa ",
      "  f          fa ",
      " af          fa ",
      " af          fa ",
      " af          f  ",
      " af    x     g  ",
      "  g       azafa ",
      "  f     yna  fa ",
      " afffgfffmfgffa ",
      " daaa  aaaa  at ",
      "                "
    ],
    [
      "                ",
      " CD  aaaD  aaaJ ",
      " afgfffffgffffI ",
      " af          g  ",
      " af          f  ",
      "  f          fa ",
      "  g          fa ",
      " Bf          fa ",
      " af          fI ",
      " af          g  ",
      " af          f  ",
      "  f       aaafa ",
      "  g     yna  fa ",
      " Bffffgffmffgfa ",
      " Aaaa  Eaaa  EF ",
      "                "
    ],
    [
      "                ",
      " L   aaa   aaaN ",
      " afgfffffgffff  ",
      " af          g  ",
      " af          f  ",
      "  f          fa ",
      "  g          fa ",
      "  f          fa ",
      " af          f  ",
      " af          g  ",
      " af          f  ",
      "  f       aaafa ",
      "  g      na  fa ",
      "  ffffgffmffgfa ",
      " Kaaa   aaa   M ",
      "                "
    ],
    [
      "                ",
      "    QaaD  QaaD  ",
      " Bgfffffgffffg  ",
      " afPPPPPPPPPPf  ",
      " afPPPPPPPPPPfV ",
      " OfPPTTTTTTPPfa ",
      "  fPPTUUUUTPPfa ",
      "  gPPTUUUUTPPfI ",
      " BfPPTTTTTTPPg  ",
      " afPPPPPPPPPPf  ",
      " afPPPPPPPPPPfV ",
      " OfPPPPPPPaaafa ",
      "  fPP    naPPfa ",
      "  gffffgfmfffgI ",
      "  EaaR  EaaR    ",
      "                "
    ]
  ]
}