{
  "name": "building_hotel1_top_270",
  "refpalette": "c70cities:building_hotel1_top_palette_270",
  "xsize": 16,
  "zsize": 16,
  "slices": [
    [
      "                ",
      " aadddddddaaaaa ",
      " a^bbbbbbbbbb^a ",
      " abccccbbccccba ",
      " abccccbbccccba ",
      " abccbbbbbbccba ",
      " abccb    bccba ",
      " abbbb    bbbba ",
      " dbbbb    bbbba ",
      " dbccb    bccba ",
      " dbccbbbbdbccba ",
      " dbccccbbbbccba ",
      " dbccccbbbbccba ",
      " a^bbbbbbbbbb^a ",
      " aaeeeeeaaaaaaa ",
      "                "
    ],
    [
      "                ",
      " aaaaaaaaaaaaaa ",
      " a            a ",
      " a            a ",
      " a            a ",
      " a   liiiif   a ",
      " a   g    g   a ",
      " a   g    g   a ",
      " a   g    g   a ",
      " a   g    g   a ",
      " a   miij h   a ",
      " a            a ",
      " a           #a ",
      " a            a ",
      " aakkkkkkaaaaaa ",
      "                "
    ],
    [
      "                ",
      " aaaaakkkkaaaaa ",
      " a            a ",
      " n            a ",
      " n            a ",
      " n            a ",
      " n            a ",
      " n            a ",
      " n            a ",
      " a            a ",
      " a            a ",
      " a            a ",
      " a            a ",
      " a            a ",
      " aakkkkkkkaaaaa ",
      "                "
    ],
    [
      "                ",
      " aaaaaaaaaaaaaa ",
      " a            a ",
      " a            a ",
      " a            a ",
      " a            a ",
      " a            a ",
      " a            a ",
      " a            a ",
      " a            a ",
      " a            a ",
      " a            a ",
      " a            a ",
      " a            a ",
      " aakkkkkkkkaaaa ",
      "                "
    ],
    [
      "                ",
      " aaaaaaaaaaaaaa ",
      " aooooooooooooa ",
      " aoppppppppppoa ",
      " aoppppppppppoa ",
      " aoppppppppppoa ",
      " aoppppppppppoa ",
      " aoppppppppppoa ",
      " aoppppppppppoa ",
      " aoppppppppppoa ",
      " aoppppppppppoa ",
      " aoppppppppppoa ",
      " aoppppppppppoa ",
      " aooooooooooooa ",
      " aaoooooooooaaa ",
      "                "
    ],
    [
      "                ",
      " aaaaaaaaaaaaaa ",
      " a            a ",
      " a            a ",
      " a            a ",
      " a            a ",
      " a            a ",
      " a            a ",
      " a            a ",
      " a            a ",
      " a            a ",
      " a            a ",
      " a            a ",
      " a            a ",
      " aa          aa ",
      "                "
    ]
  ]
}