{
  "name": "building_carservice1_base1_90",
  "refpalette": "c70cities:building_carservice1_base1_palette_90",
  "xsize": 16,
  "zsize": 16,
  "slices": [
    [
      "vvvvvvvvvvvvvvvv",
      "vaaaaaaaaaaaaaav",
      "vaaaaaaaaaaaaaav",
      "vaaaaaaaaaaaaaav",
      "vaaaaaaaaaaaaaav",
      "vaaaaaaaaaaaaaav",
      "vaaaaaaaa!aaaaav",
      "vaaaaaaaaaaaaaav",
      "vaaaaaaaaaaaaaav",
      "vaaaaaaaaaaaaaav",
      "vaaaaaaaaaaaaaav",
      "vaaaaaaaaaaaaaav",
      "vaaaaaaaaa====av",
      "vaaaaaaaaa====av",
      "vaaaaaaaaaaaaaav",
      "vvvvvvvvvvvvvvvv"
    ],
    [
      "vvvvvvvvvvvvvvvv",
      "vbbbbbbbbbbbbbbv",
      "vb cfccfcl   tbv",
      "vb cc#cccm   sbv",
      "vb cfccfcl   sbv",
      "vb  e  e     rbv",
      "vbbbbbbggb  onuv",
      "vvvv!db hk    bv",
      "vvvv     j   qbv",
      "vvvvd        qbv",
      "vvvvddb       bv",
      "vvvv==bbbbnnnbbv",
      "vvvv=====i    vv",
      "vvvv=====i   pvv",
      "vvvvvvvvvvvvvvvv",
      "vvvvvvvvvvvvvvvv"
    ],
    [
      "vvvvvvvvvvvvvvvv",
      "vbbbbbbbbbbbbbbv",
      "vb wxADEE     bv",
      "vb wy CFI     bv",
      "vb wxzBEE     bv",
      "vb            bv",
      "vbbbbbbggb  onuv",
      "vvvvd b       bv",
      "vvvv          bv",
      "vvvv          bv",
      "vvvv  b       bv",
      "vvvv==bbbbnnnbbv",
      "vvvv===i      vv",
      "vvvv===i     pvv",
      "vvvvvvvvvvvvvvvv",
      "vvvvvvvvvvvvvvvv"
    ],
    [
      "vvvvvvvvvvvvvvvv",
      "vbbbbbbbbbbbbbbv",
      "vb   EE       bv",
      "vb  IFI       bv",
      "vb   EE       bv",
      "vb            bv",
      "vbbbbbbggb  onuv",
      "vvvv  b       bv",
      "vvvv  b       bv",
      "vvvv  b       bv",
      "vvvv  b       bv",
      "vvvv==bbbbnnnbbv",
      "vvvvii       Jvv",
      "vvvvii       Jvv",
      "vvvvvvvvvvvvvvvv",
      "vvvvvvvvvvvvvvvv"
    ],
    [
      "vvvvvvvvvvvvvvvv",
      "vbbbbbbbbbbbbbbv",
      "vb            bv",
      "vb            bv",
      "vb            bv",
      "vb            bv",
      "vbbbbbbbbbbbbbbv",
      "vvvv==b       bv",
      "vvvv==b       bv",
      "vvvv==b       bv",
      "vvvviib       bv",
      "vvvv  bbbbbbbbbv",
      "vvvv         Jvv",
      "vvvv         Jvv",
      "vvvvvvvvvvvvvvvv",
      "vvvvvvvvvvvvvvvv"
    ],
    [
      "vvvvvvvvvvvvvvvv",
      "vbbbbbbbbbbbbbbv",
      "vb LLLLNLLLLLKbv",
      "vbLLLLLLLLLLLLbv",
      "vbLLLLLLLLLLLLbv",
      "vbKLLLLKLLLLL bv",
      "vbbbbbbbbbbbbbbv",
      "vvvv==bLLLLLLLbv",
      "vvvviibLLLLLLLbv",
      "vvvv  bLLLLLLLbv",
      "vvvv  bLLLLLLLbv",
      "vvvv  bbbbbbbbbv",
      "vvvv   MMMMMMMvv",
      "vvvv   MMMMMMMvv",
      "vvvvvvvvvvvvvvvv",
      "vvvvvvvvvvvvvvvv"
    ]
  ]
}