{
  "name": "building_bank1_top",
  "refpalette": "c70cities:building_bank1_top_palette",
  "xsize": 16,
  "zsize": 16,
  "slices": [
    [
      "                ",
      "  abbbc abbbc   ",
      "  SddddSdddddSa ",
      " cddddddddddddb ",
      " bddddddddddddb ",
      " bd ddddddddddb ",
      " bd ddddddddddc ",
      " ad dddddddddS  ",
      "  S dddddddddda ",
      " cd ddddddddddb ",
      " bddddddddddddb ",
      " bddddddddddddb ",
      " bddddddddddddc ",
      " aSdddddSddddS  ",
      "   cbbba cbbba  ",
      "                "
    ],
    [
      "                ",
      " ebcc abbcc abf ",
      " bgggghggggghgb ",
      " ah          gc ",
      "  g          gc ",
      " cg     ijj #g  ",
      " cg   k l    ha ",
      " bg     l m  gb ",
      " bg   k l    gb ",
      " ah     nopp gc ",
      "  g          gc ",
      " cgqqqqqqqqqqg  ",
      " cgrsssrrssstha ",
      " bghggggghggggb ",
      " uba ccbba ccbw ",
      "                "
    ],
    [
      "                ",
      " xbbbbbbbbbbbby ",
      " bgggghggggghgb ",
      " bh          gb ",
      " bg          gb ",
      " bg     z    gb ",
      " bg          hb ",
      " bg          gb ",
      " bg          gb ",
      " bh     A pp gb ",
      " bg          gb ",
      " bg          gb ",
      " bgsssssssssshb ",
      " bghggggghggggb ",
      " BbbbbbbbbbbbbC ",
      "                "
    ],
    [
      "                ",
      "                ",
      "   gghggggghg   ",
      "  gg        gg  ",
      "  h          g  ",
      "  g          h  ",
      "  g          g  ",
      "  g          g  ",
      "  g          g  ",
      "  g          g  ",
      "  h          g  ",
      "  g          h  ",
      "  gg        gg  ",
      "   ghggggghgg   ",
      "                ",
      "                "
    ],
    [
      "                ",
      "                ",
      "                ",
      "    gggggggg    ",
      "   gggggggggg   ",
      "   ggg    ggg   ",
      "   gg     Dgg   ",
      "   gg      gg   ",
      "   gg      gg   ",
      "   ggD     gg   ",
      "   ggg    ggg   ",
      "   gggggggggg   ",
      "    gggggggg    ",
      "                ",
      "                ",
      "                "
    ],
    [
      "                ",
      "                ",
      "                ",
      "                ",
      "                ",
      "      gggg      ",
      "     gggggg     ",
      "     gggggg     ",
      "     gggggg     ",
      "     gggggg     ",
      "      gggg      ",
      "                ",
      "                ",
      "                ",
      "                ",
      "                "
    ]
  ]
}