{
  "name": "building_carservice1_base1_180",
  "refpalette": "c70cities:building_carservice1_base1_palette_180",
  "xsize": 16,
  "zsize": 16,
  "slices": [
    [
      "vvvvvvvvvvvvvvvv",
      "vaaaaaaaaaaaaaav",
      "vaaaaaaaaaaa==av",
      "vaaaaaaaaaaa==av",
      "vaaaaaaaaaaa==av",
      "vaaaaaaaaaaa==av",
      "vaaaaa!aaaaaaaav",
      "vaaaaaaaaaaaaaav",
      "vaaaaaaaaaaaaaav",
      "vaaaaaaaaaaaaaav",
      "vaaaaaaaaaaaaaav",
      "vaaaaaaaaaaaaaav",
      "vaaaaaaaaaaaaaav",
      "vaaaaaaaaaaaaaav",
      "vaaaaaaaaaaaaaav",
      "vvvvvvvvvvvvvvvv"
    ],
    [
      "vvvvvvvvvvvvvvvv",
      "vbbbbbubbbbbvvvv",
      "vbtssrn qq b pvv",
      "vb    o    n  vv",
      "vb         n  vv",
      "vb         n  vv",
      "vblml bkj  biivv",
      "vbccc gh   b==vv",
      "vbfcfeg    b==vv",
      "vbccc bb  bb==vv",
      "vbc#c bd  d===vv",
      "vbfcfeb! dd===vv",
      "vbccc bvvvvvvvvv",
      "vb    bvvvvvvvvv",
      "vbbbbbbvvvvvvvvv",
      "vvvvvvvvvvvvvvvv"
    ],
    [
      "vvvvvvvvvvvvvvvv",
      "vbbbbbubbbbbvvvv",
      "vb    n    b pvv",
      "vb    o    n  vv",
      "vb         n  vv",
      "vb         n  vv",
      "vb    b    b  vv",
      "vbEIE g    b  vv",
      "vbEFE g    biivv",
      "vbDCB bb  bb==vv",
      "vbA z b    ===vv",
      "vbxyx bd   ===vv",
      "vbwww bvvvvvvvvv",
      "vb    bvvvvvvvvv",
      "vbbbbbbvvvvvvvvv",
      "vvvvvvvvvvvvvvvv"
    ],
    [
      "vvvvvvvvvvvvvvvv",
      "vbbbbbubbbbbvvvv",
      "vb    n    bJJvv",
      "vb    o    n  vv",
      "vb         n  vv",
      "vb         n  vv",
      "vb    b    b  vv",
      "vb    g    b  vv",
      "vb    g    b  vv",
      "vbEIE bbbbbb  vv",
      "vbEFE b    =iivv",
      "vb I  b    =iivv",
      "vb    bvvvvvvvvv",
      "vb    bvvvvvvvvv",
      "vbbbbbbvvvvvvvvv",
      "vvvvvvvvvvvvvvvv"
    ],
    [
      "vvvvvvvvvvvvvvvv",
      "vbbbbbbbbbbbvvvv",
      "vb    b    bJJvv",
      "vb    b    b  vv",
      "vb    b    b  vv",
      "vb    b    b  vv",
      "vb    b    b  vv",
      "vb    b    b  vv",
      "vb    b    b  vv",
      "vb    bbbbbb  vv",
      "vb    b===i   vv",
      "vb    b===i   vv",
      "vb    bvvvvvvvvv",
      "vb    bvvvvvvvvv",
      "vbbbbbbvvvvvvvvv",
      "vvvvvvvvvvvvvvvv"
    ],
    [
      "vvvvvvvvvvvvvvvv",
      "vbbbbbbbbbbbvvvv",
      "vbKLL bLLLLbMMvv",
      "vbLLLLbLLLLbMMvv",
      "vbLLLLbLLLLbMMvv",
      "vbLLLLbLLLLbMMvv",
      "vbLLLLbLLLLbMMvv",
      "vbLLLLbLLLLbMMvv",
      "vbNLLKbLLLLbMMvv",
      "vbLLLLbbbbbb  vv",
      "vbLLLLb=i     vv",
      "vbLLLLb=i     vv",
      "vbLLLLbvvvvvvvvv",
      "vb LLKbvvvvvvvvv",
      "vbbbbbbvvvvvvvvv",
      "vvvvvvvvvvvvvvvv"
    ]
  ]
}