{
  "name": "building_bank1_floor2_90",
  "refpalette": "c70cities:building_bank1_floor2_palette_90",
  "xsize": 16,
  "zsize": 16,
  "slices": [
    [
      "                ",
      "   fbbh  fbbh   ",
      "  SddddSdddddS  ",
      " cddddddddddddj ",
      " bddddddddddddb ",
      " bdddddd!dddddb ",
      " addddddddddddi ",
      "  ddd!dddddddS  ",
      "  Sddddddddddd  ",
      " cddddddddddddj ",
      " bddddddddddddb ",
      " bddddddddddddb ",
      " addd     ddddi ",
      "  SdddddSddddS  ",
      "   ebbg  ebbg   ",
      "                "
    ],
    [
      "                ",
      "  fbbh  fbbh    ",
      "  kkkklkkkkklkj ",
      "  l     m    kb ",
      " ck p x m pB kb ",
      " bk ouw m A  ki ",
      " bk     m zx l  ",
      " akmmmm y    k  ",
      "  k nt    mmmkj ",
      "  l          kb ",
      " ck          kb ",
      " bk  sssss   ki ",
      " bk  r       l  ",
      " aklkqkkklkkkk  ",
      "    ebbg  ebbg  ",
      "                "
    ],
    [
      "                ",
      " Cbbh  fbbh  fC ",
      " akkklkkkkklkkb ",
      "  k     m    kb ",
      "  l     m    ki ",
      " ck     m    l  ",
      " bk     m    k  ",
      " bkmmmm D    kj ",
      " ak       mmmkb ",
      "  k          kb ",
      "  l          ki ",
      " ck  s s s   l  ",
      " bk   r      k  ",
      " bkklkqkkklkkkj ",
      " Cg  ebbg  ebbC ",
      "                "
    ],
    [
      "                ",
      " Cbh  fbbh  fbC ",
      " bkklkkkkklkkkb ",
      " ak          ki ",
      "  k          l  ",
      "  l          k  ",
      " ck          kj ",
      " bk     D    kb ",
      " bk          kb ",
      " ak          ki ",
      "  k          l  ",
      "  l  s s s   k  ",
      " ck    r     kj ",
      " bkkklkqkkklkkb ",
      " Cbg  ebbg  ebC ",
      "                "
    ],
    [
      "                ",
      " Ch  fbbh  fbbC ",
      " bklkkkkklkkkki ",
      " bk          l  ",
      " ak          k  ",
      "  k          kj ",
      "  l          kb ",
      " ck          kb ",
      " bk          ki ",
      " bk          l  ",
      " ak          k  ",
      "  k  s s s   kj ",
      "  l     r    kb ",
      " ckkkklkqkkklkb ",
      " Cbbg  ebbg  eC ",
      "                "
    ],
    [
      "                ",
      "    fbbh  fbbh  ",
      " clkkkkklkkkkl  ",
      " bkEEEEEEEEEEk  ",
      " bkEEEEEEEEEEkj ",
      " akEEEEEEEEEEkb ",
      "  kEEEEEEEEEEkb ",
      "  lEEEEEEEEEEki ",
      " ckEEEEEEEEEEl  ",
      " bkEEEEEEEEEEk  ",
      " bkEEEEEEEEEEkj ",
      " akEEs s sEEEkb ",
      "  kEE    rEEEkb ",
      "  lkkkklkqkkkli ",
      "  ebbg  ebbg    ",
      "                "
    ]
  ]
}