{
  "name": "building_carservice1_floor2_180",
  "refpalette": "c70cities:building_carservice1_floor2_palette_180",
  "xsize": 16,
  "zsize": 16,
  "slices": [
    [
      "                ",
      "    ffafffafffa ",
      "   kjlg   hhhgf ",
      "  kjcgg   hihgf ",
      " fjcggg   hihgf ",
      " fcgggg ! hhhgf ",
      " fggggggggggggf ",
      " fggggggggggggf ",
      " fccccccccccccf ",
      " faeeeaeedaccca ",
      "         Hbbbb  ",
      "         Hbbbb  ",
      "            bb  ",
      "            bb  ",
      "  a   a   a   a ",
      "                "
    ],
    [
      "                ",
      "    ffafffafffa ",
      "   BAl y ywxw f ",
      "  BA       z  s ",
      " fA        z  s ",
      " f     y ywxwus ",
      " ft           s ",
      " fq           s ",
      " f#rrqpoo     f ",
      " fafffafffannna ",
      "      SHb     S ",
      "      mHb     m ",
      "      m       m ",
      "      m       m ",
      "  a   ammmammma ",
      "                "
    ],
    [
      "                ",
      "    ffafffafffa ",
      "   BAlJIII K Jf ",
      "  BA   IbIF F s ",
      " fA    IbIF F s ",
      " f     III F  s ",
      " s            s ",
      " s            s ",
      " s E  D       f ",
      " fafffafffannna ",
      "     Hb         ",
      "     Hb         ",
      "      C         ",
      "      a         ",
      "  a   a   a   a ",
      "                "
    ],
    [
      "                ",
      "    ffafffafffa ",
      "   BAl        f ",
      "  BA          s ",
      " fA           s ",
      " f            s ",
      " f            s ",
      " f            s ",
      " f            f ",
      " fafffafffannna ",
      "   bb           ",
      "   bb           ",
      "   bbbbH        ",
      "   bbbbH        ",
      "  a   a   a   a ",
      "                "
    ],
    [
      "                ",
      "    ffafffafffa ",
      "   BAl        f ",
      "  BA          L ",
      " fA           L ",
      " f            L ",
      " f            L ",
      " f            L ",
      " f            f ",
      " fafffafffafffa ",
      "  m       m     ",
      "  m       m     ",
      "  m     bHm     ",
      "  S     bHS     ",
      "  ammmammma   a ",
      "                "
    ],
    [
      "                ",
      "    ffafffafffa ",
      "   BAl mmmmmmmf ",
      "  BA  mmmmmmmmf ",
      " fA  mmmmmmmmmf ",
      " f  mmmmmmmmmmf ",
      " f mmmmmmmmmmmf ",
      " f            f ",
      " f            f ",
      " fafffafffafffa ",
      "          a     ",
      "          C     ",
      "          bH    ",
      "          bH    ",
      "  a   a   a   a ",
      "                "
    ]
  ]
}