{
  "name": "building_hotel1_top_270",
  "refpalette": "c70cities:building_hotel1_top_palette_270",
  "xsize": 16,
  "zsize": 16,
  "slices": [
    [
      "                ",
      " aadddddddaaaaa ",
      " a^bbbbbbbbbb^a ",
      " abccccbbccccba ",
      " abccccbbccccba ",
      " abccbbbbbbccba ",
      " abccb    bccba ",
      " abbbb    bbbba ",
      " dbbbb    bbbba ",
      " dbccb    bccba ",
      " dbccbbbbdbccba ",
      " dbccccbbbbccba ",
      " dbccccbbbbccba ",
      " a^bbbbbbbbbb^a ",
      " aaeeeeeaaaaaaa ",
      "                "
    ],
    [
      "                ",
      " aaaaaaaaaaaaaa ",
      " a            a ",
      " a            a ",
      " a            a ",
      " a   ffffff   a ",
      " a   f    f   a ",
      " a   f    f   a ",
      " a   f    f   a ",
      " a   f    f   a ",
      " a   ffff f   a ",
      " a            a ",
      " a           #a ",
      " a            a ",
      " aaeeeeeeaaaaaa ",
      "                "
    ],
    [
      "                ",
      " aaaaaeeeeaaaaa ",
      " a            a ",
      " e            a ",
      " e            a ",
      " e            a ",
      " e            a ",
      " e            a ",
      " e            a ",
      " a            a ",
      " a            a ",
      " a            a ",
      " a            a ",
      " a            a ",
      " aaeeeeeeeaaaaa ",
      "                "
    ],
    [
      "                ",
      " aaaaaaaaaaaaaa ",
      " a            a ",
      " a            a ",
      " a            a ",
      " a            a ",
      " a            a ",
      " a            a ",
      " a            a ",
      " a            a ",
      " a            a ",
      " a            a ",
      " a            a ",
      " a            a ",
      " aaeeeeeeeeaaaa ",
      "                "
    ],
    [
      "                ",
      " aaaaaaaaaaaaaa ",
      " agggggggggggga ",
      " aghhhhhhhhhhga ",
      " aghhhhhhhhhhga ",
      " aghhhhhhhhhhga ",
      " aghhhhhhhhhhga ",
      " aghhhhhhhhhhga ",
      " aghhhhhhhhhhga ",
      " aghhhhhhhhhhga ",
      " aghhhhhhhhhhga ",
      " aghhhhhhhhhhga ",
      " aghhhhhhhhhhga ",
      " agggggggggggga ",
      " aagggggggggaaa ",
      "                "
    ],
    [
      "                ",
      " aaaaaaaaaaaaaa ",
      " a            a ",
      " a            a ",
      " a            a ",
      " a            a ",
      " a            a ",
      " a            a ",
      " a            a ",
      " a            a ",
      " a            a ",
      " a            a ",
      " a            a ",
      " a            a ",
      " aa          aa ",
      "                "
    ]
  ]
}