{
  "name": "building_carservice1_ground_90",
  "refpalette": "c70cities:building_carservice1_ground_palette_90",
  "xsize": 16,
  "zsize": 16,
  "slices": [
    [
      "GGHHHHGGGGGGGGGG",
      "GGHHHHffffffGGGG",
      "Gavv==aggggggGGG",
      "GvvveefgggggggGG",
      "GvvveefgggggggfG",
      "GvvvddfgggggggfG",
      "GavvccagggggggaG",
      "Gvvvbbfgggggg!fG",
      "Gvvv  fg  g ggfG",
      "Gvvv  fg gg ggfG",
      "Gavv  agggggggaG",
      "Gvvv  fg gg ggfG",
      "Gvvv  fg g  ggfG",
      "Gvvv  fgggggg!fG",
      "GavvvvafffffffaG",
      "GGGGGGGGGGGGGGGG"
    ],
    [
      "                ",
      "      ffffff    ",
      " ahh  aprrstu   ",
      "  HH  l     tu  ",
      "   j  l      tf ",
      "   j  l      Af ",
      " a j  a       a ",
      "   j  fo     zf ",
      "   j  f      xf ",
      "   j  f#     xf ",
      " a j  an     ya ",
      "   j  fm     xf ",
      "   j  fm     xf ",
      "   j  fm     wf ",
      " a ikkafqqqqqfa ",
      "                "
    ],
    [
      "                ",
      "      fqqqff    ",
      " a    a   stu   ",
      "      l     tu  ",
      "  hh  l      tf ",
      "  HH  l      Af ",
      " aSBBBa       a ",
      "      f      zf ",
      "      f       f ",
      "      f       f ",
      " a    aD      a ",
      "      fC      f ",
      "      f       f ",
      "      f      wf ",
      " aSBBBafqqqqqfa ",
      "                "
    ],
    [
      "                ",
      "      ffffff    ",
      " a    a    tu   ",
      "      l     tu  ",
      "      l      tf ",
      "      l      Af ",
      " ahh  a       a ",
      "  HH  f       f ",
      "      f       f ",
      "      f       f ",
      " a    a       a ",
      "      f       f ",
      "      f       f ",
      "      f       f ",
      " a    afqqqqqfa ",
      "                "
    ],
    [
      "                ",
      "      ffffff    ",
      " aSBBBa    tu   ",
      " B    f     tu  ",
      " B    f      tf ",
      " B    f      Af ",
      " a    a       a ",
      " B    f       f ",
      " Bhh  f       f ",
      " BHH  f       f ",
      " aSBBBa       a ",
      "      f       f ",
      "      f       f ",
      "      f       f ",
      " a    afEEEEEfa ",
      "                "
    ],
    [
      "                ",
      "      ffffff    ",
      " a    a    tu   ",
      "      f  B  tu  ",
      "      f  BB  tf ",
      "      f  BBB Af ",
      " a    a  BBBB a ",
      "      f  BBBBBf ",
      "      f  BBBBBf ",
      "      f  BBBBBf ",
      " ahhFaa  BBBBBa ",
      "  HH  f  BBBBBf ",
      "      f  BBBBBf ",
      "      f  BBBBBf ",
      " a    afffffffa ",
      "                "
    ]
  ]
}