{
  "name": "building_bank1_top_270",
  "refpalette": "c70cities:building_bank1_top_palette_270",
  "xsize": 16,
  "zsize": 16,
  "slices": [
    [
      "                ",
      "  abbbc abbbc   ",
      "  SddddSdddddSa ",
      " cdddd     dddb ",
      " bddddddddddddb ",
      " bddddddddddddb ",
      " bddddddddddddc ",
      " adddddddddddS  ",
      "  Sddddddddddda ",
      " cddddddddddddb ",
      " bddddddddddddb ",
      " bddddddddddddb ",
      " bddddddddddddc ",
      " aSdddddSddddS  ",
      "   cbbba cbbba  ",
      "                "
    ],
    [
      "                ",
      " ubcc abbcc abe ",
      " bgggghggggghgb ",
      " ahrq        gc ",
      "  gsq        gc ",
      " cgsq        g  ",
      " cgsq  k k   ha ",
      " bgrq        gb ",
      " bgrq nllli  gb ",
      " ahsq o   j  gc ",
      "  gsq p m j  gc ",
      " cgsq p      g  ",
      " cgtq     #  ha ",
      " bghggggghggggb ",
      " wba ccbba ccbf ",
      "                "
    ],
    [
      "                ",
      " Bbbbbbbbbbbbbx ",
      " bgggghggggghgb ",
      " bhs         gb ",
      " bgs         gb ",
      " bgs         gb ",
      " bgs         hb ",
      " bgs         gb ",
      " bgs  A   z  gb ",
      " bhs         gb ",
      " bgs  p      gb ",
      " bgs  p      gb ",
      " bgs         hb ",
      " bghggggghggggb ",
      " Cbbbbbbbbbbbby ",
      "                "
    ],
    [
      "                ",
      "                ",
      "   gghggggghg   ",
      "  gg        gg  ",
      "  h          g  ",
      "  g          h  ",
      "  g          g  ",
      "  g          g  ",
      "  g          g  ",
      "  g          g  ",
      "  h          g  ",
      "  g          h  ",
      "  gg        gg  ",
      "   ghggggghgg   ",
      "                ",
      "                "
    ],
    [
      "                ",
      "                ",
      "                ",
      "    gggggggg    ",
      "   gggggggggg   ",
      "   gggD   ggg   ",
      "   gg      gg   ",
      "   gg      gg   ",
      "   gg      gg   ",
      "   gg      gg   ",
      "   ggg   Dggg   ",
      "   gggggggggg   ",
      "    gggggggg    ",
      "                ",
      "                ",
      "                "
    ],
    [
      "                ",
      "                ",
      "                ",
      "                ",
      "                ",
      "      gggg      ",
      "     gggggg     ",
      "     gggggg     ",
      "     gggggg     ",
      "     gggggg     ",
      "      gggg      ",
      "                ",
      "                ",
      "                ",
      "                ",
      "                "
    ]
  ]
}