{
  "name": "building_hotel1_floor3_270",
  "refpalette": "c70cities:building_hotel1_floor3_palette_270",
  "xsize": 16,
  "zsize": 16,
  "slices": [
    [
      "                ",
      " aadddddddaaaaa ",
      " abbbbbbbbbbbba ",
      " abbbbbbbbbbbba ",
      " abbbbbbbbbbbba ",
      " abbbccccccbbba ",
      " abbbc    cbbba ",
      " abbbc    cbbba ",
      " dbbbc    cbbba ",
      " dbccce   cbbba ",
      " dbbbbbbbdcbbba ",
      " dbbbbbbbbcbbba ",
      " dbbbbbbbbcbbba ",
      " abbbbbbbbcbbba ",
      " aaffffaaaaaaaa ",
      "                "
    ],
    [
      "                ",
      " aaaaaaaaaaaaaa ",
      " a          l a ",
      " a wsa      mga ",
      " a wsa=qq=    a ",
      " a  #oaaaaon  a ",
      " a ffa    a  ha ",
      " a xtae   a= ia ",
      " aAyuae   a= ia ",
      " aaaaad   a  ja ",
      " aee   rr on  a ",
      " aez      a   a ",
      " aez      p  ka ",
      " am    m  a   a ",
      " aaffffaaaaaaaa ",
      "                "
    ],
    [
      "                ",
      " aaaaaffffaaaaa ",
      " a            a ",
      " f   a      B a ",
      " f   aF  D    a ",
      " f   oaaaaon  a ",
      " f ffaee  a   a ",
      " f   ad   a   a ",
      " f   a    a   a ",
      " aaaaa    a   a ",
      " a        on  a ",
      " a        a   a ",
      " a        C   a ",
      " aE    E  a   a ",
      " aaffffaaaaaaaa ",
      "                "
    ],
    [
      "                ",
      " aaaaaaaaaaaaaa ",
      " a   a        a ",
      " a   a        a ",
      " a   a zz     a ",
      " a  Foaaaaon Fa ",
      " a ffa deea   a ",
      " a   a    a   a ",
      " a   a    a   a ",
      " aaaaa    a   a ",
      " a        on Fa ",
      " a        a   a ",
      " a        a   a ",
      " aE    E  a   a ",
      " aafff aaaaaaaa ",
      "                "
    ],
    [
      "                ",
      " aaaaaaaaaaffaa ",
      " a   a        a ",
      " a   a        a ",
      " a   a        a ",
      " a  Ioaaaao  Ia ",
      " afffa   da   a ",
      " f   a   ea   a ",
      " f   a   ea   a ",
      " aaaaa    a   a ",
      " a        o  Ia ",
      " a        a   a ",
      " a        a   a ",
      " a        a   a ",
      " aaffffaaaaaaaa ",
      "                "
    ],
    [
      "                ",
      " aaaaaaaaaaaaaa ",
      " aJJJaJJJJJJJJa ",
      " aJJJaJJJJJJJJa ",
      " aJJJaJJJJJJJJa ",
      " aJJJoaaaaoJJJa ",
      " aJJJa    aJJJa ",
      " aJJJa    aJJJa ",
      " aJJJa   daJJJa ",
      " aaaaa   eaJJJa ",
      " aJJJJJJJJoJJJa ",
      " aJJJJJJJJaJJJa ",
      " aJJJJJJJJaJJJa ",
      " aJJJJJJJJaJJJa ",
      " aaffffaaaaaaaa ",
      "                "
    ]
  ]
}