{
  "name": "building_bank1_floor1_270",
  "refpalette": "c70cities:building_bank1_floor1_palette_270",
  "xsize": 16,
  "zsize": 16,
  "slices": [
    [
      "                ",
      "   gbbe  gbbe   ",
      "  SddddSdddddS  ",
      " idddd     ddda ",
      " bddddddddddddb ",
      " bddddddddddddb ",
      " jddddddddddddc ",
      "  dddddddddddS  ",
      "  Sddddddddddd  ",
      " idddddddddddda ",
      " bddddddddddddb ",
      " bddddddddddddb ",
      " jddddddddddddc ",
      "  SdddddSddddS  ",
      "   hbbf  hbbf   ",
      "                "
    ],
    [
      "                ",
      "  gbbe  gbbe    ",
      "  kkkklkkkpklka ",
      "  l       q  kb ",
      " ik   zsssr  kb ",
      " bk          kc ",
      " bk xxAx     l  ",
      " jkbbbbbbbbomk  ",
      "  k #yyyut   ka ",
      "  l     wt   kb ",
      " ik  DB      kb ",
      " bk          kc ",
      " bk  CC     nl  ",
      " jklkkkkklkkkk  ",
      "    hbbf  hbbf  ",
      "                "
    ],
    [
      "                ",
      " Nbbe  gbbe  gE ",
      " jkkklkkkpklkkb ",
      "  k      q   kb ",
      "  l   K K K  kc ",
      " ik          l  ",
      " bk   M      k  ",
      " bkbbbbbbbbJIka ",
      " jk      t   kb ",
      "  k      L   kb ",
      "  l          kc ",
      " ik          l  ",
      " bk         nk  ",
      " bkklkkkkklkkka ",
      " Of  hbbf  hbbF ",
      "                "
    ],
    [
      "                ",
      " Nbe  gbbe  gbE ",
      " bkklkkkp lkkkb ",
      " jk     q    kc ",
      "  k   K K K  l  ",
      "  l          k  ",
      " ik   M      ka ",
      " bkbbbbbbbbbbkb ",
      " bk      t   kb ",
      " jk      t   kc ",
      "  k          l  ",
      "  l          k  ",
      " ik         nka ",
      " bkkklkkkkklkkb ",
      " Obf  hbbf  hbF ",
      "                "
    ],
    [
      "                ",
      " Re  gbbe  gbbP ",
      " bklkkkp lkkkkc ",
      " bk    q     l  ",
      " jk   K K K  k  ",
      "  k          ka ",
      "  l          kb ",
      " ikbbbbbbbbbbkb ",
      " bk          kc ",
      " bk          l  ",
      " jk          k  ",
      "  k          ka ",
      "  l          kb ",
      " ikkkklkkkkklkb ",
      " Tbbf  hbbf  hQ ",
      "                "
    ],
    [
      "                ",
      "    gbbe  gbbe  ",
      " ilkkkp lkkkkl  ",
      " bkUUUq    UUk  ",
      " bkUUUK K KUUka ",
      " jkUUUUUUUUUUkb ",
      "  kUUUUUUUUUUkb ",
      "  lbbbbbbbbbbkc ",
      " ikUUUUUUUUUUl  ",
      " bkUUVVVVUUUUk  ",
      " bkUUV!!VUUUUka ",
      " jkUUVVVVUUUUkb ",
      "  kUUUUUUUUUUkb ",
      "  lkkkklkkkkklc ",
      "  hbbf  hbbf    ",
      "                "
    ]
  ]
}