{
  "name": "building_bank1_floor2",
  "refpalette": "c70cities:building_bank1_floor2_palette",
  "xsize": 16,
  "zsize": 16,
  "slices": [
    [
      "                ",
      "   abbc  abbc   ",
      "  SddddSdddddS  ",
      " eddddddddddddf ",
      " bddddddddddddb ",
      " bd dddd!dddddb ",
      " gd ddddddddddh ",
      "  d dddddddddS  ",
      "  S dddddd!ddd  ",
      " ed ddddddddddf ",
      " bddddddddddddb ",
      " bddddddddddddb ",
      " gddddddddddddh ",
      "  SdddddSddddS  ",
      "   ibbj  ibbj   ",
      "                "
    ],
    [
      "                ",
      "  abbc  abbc    ",
      "  kkkklkkkkklkf ",
      "  l     m    kb ",
      " ek    nm op kb ",
      " bqrs  tm u  kh ",
      " bk s   m wx l  ",
      " gk s        k  ",
      "  k s   ymmmmkf ",
      "  l s        kb ",
      " ek    m zAp kb ",
      " bk    m x B kh ",
      " bk    m     l  ",
      " gklkkkkklkkkk  ",
      "    ibbj  ibbj  ",
      "                "
    ],
    [
      "                ",
      " Cbbc  abbc  aC ",
      " gkkklkkkkklkkb ",
      "  k     m    kb ",
      "  l     m    kh ",
      " ek s   m    l  ",
      " bqr    m    k  ",
      " bk s        kf ",
      " gk     Dmmmmkb ",
      "  k s        kb ",
      "  l    m     kh ",
      " ek    m     l  ",
      " bk    m     k  ",
      " bkklkkkkklkkkf ",
      " Cj  ibbj  ibbC ",
      "                "
    ],
    [
      "                ",
      " Cbc  abbc  abC ",
      " bkklkkkkklkkkb ",
      " gk          kh ",
      "  k          l  ",
      "  l s        k  ",
      " ek          kf ",
      " bqrs        kb ",
      " bk     D    kb ",
      " gk s        kh ",
      "  k          l  ",
      "  l          k  ",
      " ek          kf ",
      " bkkklkkkkklkkb ",
      " Cbj  ibbj  ibC ",
      "                "
    ],
    [
      "                ",
      " Cc  abbc  abbC ",
      " bklkkkkklkkkkh ",
      " bk          l  ",
      " gk          k  ",
      "  k s        kf ",
      "  l          kb ",
      " ek s        kb ",
      " bqr         kh ",
      " bk s        l  ",
      " gk          k  ",
      "  k          kf ",
      "  l          kb ",
      " ekkkklkkkkklkb ",
      " Cbbj  ibbj  iC ",
      "                "
    ],
    [
      "                ",
      "    abbc  abbc  ",
      " elkkkkklkkkkl  ",
      " bkEEEEEEEEEEk  ",
      " bkEEEEEEEEEEkf ",
      " gk sEEEEEEEEkb ",
      "  k  EEEEEEEEkb ",
      "  l sEEEEEEEEkh ",
      " ek  EEEEEEEEl  ",
      " bqrsEEEEEEEEk  ",
      " bkEEEEEEEEEEkf ",
      " gkEEEEEEEEEEkb ",
      "  kEEEEEEEEEEkb ",
      "  lkkkklkkkkklh ",
      "  ibbj  ibbj    ",
      "                "
    ]
  ]
}