{
  "name": "building_hotel1_floor1_90",
  "refpalette": "c70cities:building_hotel1_floor1_palette_90",
  "xsize": 16,
  "zsize": 16,
  "slices": [
    [
      "                ",
      " aaaaaaaaffffaa ",
      " abbbcbbbbbbbba ",
      " abbbcbbbbbbbbd ",
      " abbbcbbbbbbbbd ",
      " abbbcdbbbbbbbd ",
      " abbbc   ebbbbd ",
      " abbbc    bbbbd ",
      " abbbc    bbbba ",
      " abbbc    bbbba ",
      " abbbcbbbbbbbba ",
      " abbbcbbbbbbbba ",
      " abbbcbbbbbbbba ",
      " abbbcbbbbbbbba ",
      " aaaaadddddddaa ",
      "                "
    ],
    [
      "                ",
      " aaaaaaaaffffaa ",
      " ah  n  r    ra ",
      " ah mn       pa ",
      " ah          ra ",
      " a   a qq    oa ",
      " a   a   d    a ",
      " a  la   e   pa ",
      " a  ka   e   ra ",
      " a  ja       oa ",
      " a  ja        a ",
      " a  ja p p   pa ",
      " a  ia  r    ra ",
      " ag ia o o   oa ",
      " aaaaaaaaaaaaaa ",
      "                "
    ],
    [
      "                ",
      " aaaaaaaaffffaa ",
      " a      u    ua ",
      " a            a ",
      " a           ta ",
      " a   a        a ",
      " a   a        a ",
      " a  sa        f ",
      " a   a   d   tf ",
      " a   a  ee    f ",
      " a   a        f ",
      " a   a        f ",
      " a   a ttt   tf ",
      " a   a        a ",
      " aaaaaffffaaaaa ",
      "                "
    ],
    [
      "                ",
      " aaaaaaaaffffaa ",
      " a      u    ua ",
      " a            a ",
      " a            a ",
      " a   a        a ",
      " a   a        a ",
      " a   a        a ",
      " a   a        a ",
      " a   aeed     a ",
      " a   a        a ",
      " a   a        a ",
      " a   a        a ",
      " a   a        a ",
      " aaaaaaaaaaaaaa ",
      "                "
    ],
    [
      "                ",
      " aaaaaaaaffffaa ",
      " a   a        a ",
      " a   a        a ",
      " a   a        a ",
      " a   a        a ",
      " a   a        a ",
      " a   ae       f ",
      " a   ae       f ",
      " a   ad       a ",
      " a   a        a ",
      " a   a        a ",
      " a   a        a ",
      " a   a        a ",
      " aaffaaaaaaaaaa ",
      "                "
    ],
    [
      "                ",
      " aaaaaaaaffffaa ",
      " awwwawwwwwwwwa ",
      " awwwawwwwwwwwa ",
      " awwwawwwwwwwwa ",
      " awwwawwwwwwwwa ",
      " awwwae   wwwwa ",
      " awwwad   wwwwa ",
      " awwwa    wwwwa ",
      " awwwa    wwwwa ",
      " awwwawwwwwwwwa ",
      " awwwawwwwwwwwa ",
      " awwwawwwwwwwwa ",
      " awwwawwwwwwwwa ",
      " aaaaaaaaaaaaaa ",
      "                "
    ]
  ]
}