{
  "name": "building_carservice1_floor2",
  "refpalette": "c70cities:building_carservice1_floor2_palette",
  "xsize": 16,
  "zsize": 16,
  "slices": [
    [
      "                ",
      " a   a   a   a  ",
      "  bb            ",
      "  bb            ",
      "  bbbbH         ",
      "  bbbbH         ",
      " acccadddadddae ",
      " ecccccccccccce ",
      " effffffffffffe ",
      " effffffffffffe ",
      " efggg ! ffffce ",
      " efghg   fffcde ",
      " efghg   ffcdd  ",
      " efggg   fidd   ",
      " aeeeaeeeaee    ",
      "                "
    ],
    [
      "                ",
      " ajjjajjja   a  ",
      " j       j      ",
      " j       j      ",
      " j     bHj      ",
      " S     bHS      ",
      " akkkaeeeaeeeae ",
      " e     llmnoo#e ",
      " p           ne ",
      " p           qe ",
      " prstsu u     e ",
      " p  w        pe ",
      " p  w       pp  ",
      " e stsu u ipp   ",
      " aeeeaeeeaee    ",
      "                "
    ],
    [
      "                ",
      " a   a   a   a  ",
      "         a      ",
      "         x      ",
      "         bH     ",
      "         bH     ",
      " akkkaeeeaeeeae ",
      " e       y  z p ",
      " p            p ",
      " p            p ",
      " p  A BBB     e ",
      " p A ABbB    pe ",
      " p A ABbB   pp  ",
      " eC D BBBCipp   ",
      " aeeeaeeeaee    ",
      "                "
    ],
    [
      "                ",
      " a   a   a   a  ",
      "        Hbbbb   ",
      "        Hbbbb   ",
      "           bb   ",
      "           bb   ",
      " akkkaeeeaeeeae ",
      " e            e ",
      " p            e ",
      " p            e ",
      " p            e ",
      " p           pe ",
      " p          pp  ",
      " e        ipp   ",
      " aeeeaeeeaee    ",
      "                "
    ],
    [
      "                ",
      " a   ajjjajjja  ",
      "     SHb     S  ",
      "     jHb     j  ",
      "     j       j  ",
      "     j       j  ",
      " aeeeaeeeaeeeae ",
      " e            e ",
      " E            e ",
      " E            e ",
      " E            e ",
      " E           pe ",
      " E          pp  ",
      " e        ipp   ",
      " aeeeaeeeaee    ",
      "                "
    ],
    [
      "                ",
      " a   a   a   a  ",
      "    Hb          ",
      "    Hb          ",
      "     x          ",
      "     a          ",
      " aeeeaeeeaeeeae ",
      " e            e ",
      " e            e ",
      " ejjjjjjjjjjj e ",
      " ejjjjjjjjjj  e ",
      " ejjjjjjjjj  pe ",
      " ejjjjjjjj  pp  ",
      " ejjjjjjj ipp   ",
      " aeeeaeeeaee    ",
      "                "
    ]
  ]
}