{
  "name": "building_bank1_top_180",
  "refpalette": "c70cities:building_bank1_top_palette_180",
  "xsize": 16,
  "zsize": 16,
  "slices": [
    [
      "                ",
      "  abbbc abbbc   ",
      "  SddddSdddddSa ",
      " cddddddddddddb ",
      " bddddddddddddb ",
      " bddddddddddddb ",
      " bdddddddddd dc ",
      " adddddddddd S  ",
      "  Sddddddddd da ",
      " cdddddddddd db ",
      " bdddddddddd db ",
      " bddddddddddddb ",
      " bddddddddddddc ",
      " aSdddddSddddS  ",
      "   cbbba cbbba  ",
      "                "
    ],
    [
      "                ",
      " wbcc abbcc abu ",
      " bgggghggggghgb ",
      " ahtsssrrsssrgc ",
      "  gqqqqqqqqqqgc ",
      " cg          g  ",
      " cg ppon     ha ",
      " bg    l k   gb ",
      " bg  m l     gb ",
      " ah    l k   gc ",
      "  g# jji     gc ",
      " cg          g  ",
      " cg          ha ",
      " bghggggghggggb ",
      " fba ccbba ccbe ",
      "                "
    ],
    [
      "                ",
      " CbbbbbbbbbbbbB ",
      " bgggghggggghgb ",
      " bhssssssssssgb ",
      " bg          gb ",
      " bg          gb ",
      " bg pp A     hb ",
      " bg          gb ",
      " bg          gb ",
      " bh          gb ",
      " bg    z     gb ",
      " bg          gb ",
      " bg          hb ",
      " bghggggghggggb ",
      " ybbbbbbbbbbbbx ",
      "                "
    ],
    [
      "                ",
      "                ",
      "   gghggggghg   ",
      "  gg        gg  ",
      "  h          g  ",
      "  g          h  ",
      "  g          g  ",
      "  g          g  ",
      "  g          g  ",
      "  g          g  ",
      "  h          g  ",
      "  g          h  ",
      "  gg        gg  ",
      "   ghggggghgg   ",
      "                ",
      "                "
    ],
    [
      "                ",
      "                ",
      "                ",
      "    gggggggg    ",
      "   gggggggggg   ",
      "   ggg    ggg   ",
      "   gg     Dgg   ",
      "   gg      gg   ",
      "   gg      gg   ",
      "   ggD     gg   ",
      "   ggg    ggg   ",
      "   gggggggggg   ",
      "    gggggggg    ",
      "                ",
      "                ",
      "                "
    ],
    [
      "                ",
      "                ",
      "                ",
      "                ",
      "                ",
      "      gggg      ",
      "     gggggg     ",
      "     gggggg     ",
      "     gggggg     ",
      "     gggggg     ",
      "      gggg      ",
      "                ",
      "                ",
      "                ",
      "                ",
      "                "
    ]
  ]
}