{
  "name": "building_apartment1_floor2",
  "refpalette": "c70cities:building_apartment1_floor2_palette",
  "xsize": 16,
  "zsize": 16,
  "slices": [
    [
      "                ",
      " aaaaaaaaaaaaaa ",
      " abbbbbbbbbbbba ",
      " abbbbbbbbbbbba ",
      " abbbbbbbbbbbba ",
      " abbbbbbbbbbbba ",
      " abbbbbbbbbbbba ",
      " abbbbbbbbbbbba ",
      " abbbbbbbbbbbba ",
      " abbbbbbbbbbbba ",
      " abbbbbbbbcbbd  ",
      " abbbbbbbb bbe  ",
      " abbbbbbbb  fe  ",
      " abbbbbbbbdghi  ",
      " aaaaaaaaa      ",
      "                "
    ],
    [
      "                ",
      " jkkkkkkkkkkkkl ",
      " mnoo#pqr p!nos ",
      " m tt u   p  ts ",
      " m    pwxww   s ",
      " m yz p     yzs ",
      " mpppApxpppppps ",
      " mrqB      pCCs ",
      " m  D      D  s ",
      " mppB EFFpppIps ",
      " mqJ     p   d  ",
      " mK   L Mp  Nd  ",
      " mO   L Pp  Qd  ",
      " mR      pTTdd  ",
      " UVVVVVVVV      ",
      "                "
    ],
    [
      "                ",
      " pppppppppppppp ",
      " WX   p Y p   W ",
      " W    Z   p   W ",
      " W    pw0ww   W ",
      " p    p       p ",
      " 1ppp2p0ppppppp ",
      " 34 B      p  p ",
      " 3  5      5  p ",
      " 1ppB    ppp6pp ",
      " 3 7     p   h  ",
      " 3      8p   T  ",
      " 39     8p @Nd  ",
      " 3$      pdddd  ",
      " %&*****&p      ",
      "                "
    ],
    [
      "                ",
      " pp**pp**pp**pp ",
      " W(   p   p  )W ",
      " W+   p   p  -W ",
      " W[   pwwww  ]W ",
      " p    p       p ",
      " 1ppppppppppppp ",
      " W  B      p  W ",
      " W  B      p  W ",
      " 1ppB    pppppp ",
      " 3       p   d  ",
      " W      {p   d  ",
      " W      {pQ} d  ",
      " W \\|`:; pdd',  ",
      " %&*****&p      ",
      "                "
    ],
    [
      "                ",
      " ppkkppkkppkkpp ",
      " 3    p   p   3 ",
      " 3    p   p   3 ",
      " 3    pwwww   3 ",
      " p    p       p ",
      " 1ppppppppppppp ",
      " 3  B      p  3 ",
      " 3  B      pf 3 ",
      " 1ppB .  pppppp ",
      " 3       p   '  ",
      " 3       p/  '  ",
      " 3       p}  '  ",
      " 3       peTTd  ",
      " %&&&&&&&p      ",
      "                "
    ],
    [
      "                ",
      " pppppppppppppp ",
      " pddddp<<<ddddp ",
      " pddddp<<<ddddp ",
      " pddddpdddddddp ",
      " pddddpdddddddp ",
      " pppppppppppppp ",
      " p<<dddddddpddp ",
      " p<<dddddddpddp ",
      " pdddddddpppppp ",
      " pdddddddpQ  d  ",
      " pdddddddpc  d  ",
      " pdddddddp   d  ",
      " pdddddddpdddd  ",
      " ppppppppp      ",
      "                "
    ]
  ]
}