{
  "name": "building_carservice1_floor1_90",
  "refpalette": "c70cities:building_carservice1_floor1_palette_90",
  "xsize": 16,
  "zsize": 16,
  "slices": [
    [
      "                ",
      "      ffffff    ",
      " a    acggckl   ",
      "      ecgggckl  ",
      "      ecggggckf ",
      "      ecgggggmf ",
      " a    acgggggga ",
      "      ecgghhhhf ",
      "      ecgghjjhf ",
      "    HHdcgghhhhf ",
      " a  bbacgg!iiha ",
      "    bbccggibbhf ",
      "  bbbbccgghhhhf ",
      "  bbbbccggggggf ",
      " a    afffffffa ",
      "                "
    ],
    [
      "                ",
      "      ffffff    ",
      " a    aruu BC   ",
      "      fr    BC  ",
      "      fr     Bf ",
      "      fq     mf ",
      " annnSapt    Da ",
      " n  HHf   zyypf ",
      " n  bbf   yAAyf ",
      " n    f   pyypf ",
      " a    a   x  xa ",
      " n            f ",
      " n            f ",
      " n    o  ww   f ",
      " annnSafsssssfa ",
      "                "
    ],
    [
      "                ",
      "      fsssff    ",
      " a    a    BC   ",
      "      fI    BC  ",
      "      fF     Bf ",
      "    HHf      mf ",
      " aaEbba      Oa ",
      "      f   M KLf ",
      "      f  JL  Nf ",
      "      f   K MLf ",
      " a    a       a ",
      "              f ",
      "      o       f ",
      "      o       f ",
      " a    afsssssfa ",
      "                "
    ],
    [
      "                ",
      "      ffffff    ",
      " a    a    BC   ",
      "  bbbbf     BC  ",
      "  bbbbf      Bf ",
      "  bb  f      mf ",
      " abb  a       a ",
      "  HH  f   RTUVf ",
      "      f   Q   f ",
      "      f   PTUVf ",
      " a    a       a ",
      "      o       f ",
      "      o       f ",
      "      o       f ",
      " a    afsssssfa ",
      "                "
    ],
    [
      "                ",
      "      ffffff    ",
      " aSnnna    BC   ",
      " n    f     BC  ",
      " n    f      Bf ",
      " n    f      mf ",
      " a    a       a ",
      " n    f       f ",
      " nbb  f       f ",
      " nHH  f       f ",
      " aSnnna       a ",
      "      f       f ",
      "      f       f ",
      "      f       f ",
      " a    afWWWWWfa ",
      "                "
    ],
    [
      "                ",
      "      ffffff    ",
      " a    a    BC   ",
      "      f  n  BC  ",
      "      f  nn  Bf ",
      "      f  nnn mf ",
      " a    a  nnnn a ",
      "      f  nnnnnf ",
      "      f  nnnnnf ",
      "      f  nnnnnf ",
      " abbEaa  nnnnna ",
      "  HH  f  nnnnnf ",
      "      f  nnnnnf ",
      "      f  nnnnnf ",
      " a    afffffffa ",
      "                "
    ]
  ]
}