{
  "name": "building_bank1_ground_180",
  "refpalette": "c70cities:building_bank1_ground_palette_180",
  "xsize": 16,
  "zsize": 16,
  "slices": [
    [
      "GGGGGGGGGGGGGGGG",
      "GGaGGaaaaGGaaaGG",
      "GabbbbbbbbbbbbaG",
      "GabbbbbbbbbbcbGG",
      "Gabbbbbb!bbbbbGG",
      "GGbbbbbbbbbbbbaG",
      "GGbbbbbbbbbbbbaG",
      "GabbbbbbbbbbbbaG",
      "GabbbbbbbbbbbbaG",
      "GabbbbbbbbbbbbGG",
      "GabbbbbbbbbbbbGG",
      "GGbbbbbbbbbbbbaG",
      "GGbbbbbbbbbbbbaG",
      "GabbbbbbbbbbbbaG",
      "GGaaaGGaaaaGGaGG",
      "GGGGGGGGGGGGGGGG"
    ],
    [
      "                ",
      " ua  aaaa  aaat ",
      " affgfffffgfffa ",
      " af  rrrr  a f  ",
      " af  rssr  q g  ",
      "  g        aafa ",
      "  j   po    nma ",
      " af         lfa ",
      " af       i  fa ",
      " af       ik f  ",
      " af       i  g  ",
      "  g       ik fa ",
      "  j       i  fa ",
      " afhfgfffffgffa ",
      " eaaa  aaaa  ad ",
      "                "
    ],
    [
      "                ",
      " ua  aaaa  aaat ",
      " affgfffffgfffa ",
      " af        a f  ",
      " af        z g  ",
      "  g        aafa ",
      "  w         nma ",
      " af         yfa ",
      " af       x  fa ",
      " af          f  ",
      " af          g  ",
      "  g          fa ",
      "  w          fa ",
      " afhfgfffffgffa ",
      " eaaa  aaaa  ad ",
      "                "
    ],
    [
      "                ",
      " JI  aaaI  aaaF ",
      " afgfffffgffffE ",
      " af        a g  ",
      " af        a f  ",
      "  f        aafa ",
      "  g         nma ",
      " Df         yfa ",
      " af          fE ",
      " af          g  ",
      " af          f  ",
      "  f          fa ",
      "  g          fa ",
      " Dffffgfffffgfa ",
      " Caaa  Baaa  BA ",
      "                "
    ],
    [
      "                ",
      " N   aaa   aaaM ",
      " afgfffffgffff  ",
      " af        a g  ",
      " af        a f  ",
      "  f        aafa ",
      "  g         nma ",
      "  f          fa ",
      " af          f  ",
      " af          g  ",
      " af          f  ",
      "  f          fa ",
      "  g          fa ",
      "  ffffgfffffgfa ",
      " Laaa   aaa   K ",
      "                "
    ],
    [
      "                ",
      "    VaaI  VaaI  ",
      " Dgfffffgffffg  ",
      " afPPPPPPPPaPf  ",
      " afPPPPPPPPaPfR ",
      " QfPPTTTTPPaafa ",
      "  fPPTUUTPPPnma ",
      "  gPPTUUTPPP fE ",
      " DfPPTUUTPPP g  ",
      " afPPTUUTPPP f  ",
      " afPPTTTTPPP fR ",
      " QfPPPPPPPPPPfa ",
      "  fPPPPPPPPPPfa ",
      "  gffffgfffffgE ",
      "  BaaO  BaaO    ",
      "                "
    ]
  ]
}