{
  "name": "building_carservice1_floor2_90",
  "refpalette": "c70cities:building_carservice1_floor2_palette_90",
  "xsize": 16,
  "zsize": 16,
  "slices": [
    [
      "                ",
      "      ffffff    ",
      " a    acggcjk   ",
      "      ecgggcjk  ",
      "      ecggggcjf ",
      "      ecggggglf ",
      " a    acgggggga ",
      "      ecgg    f ",
      "      ecgg!   f ",
      "    HHdcgg    f ",
      " a  bbacgghhhha ",
      "    bbccgghiihf ",
      "  bbbbccgghhhhf ",
      "  bbbbccggggggf ",
      " a    afffffffa ",
      "                "
    ],
    [
      "                ",
      "      ffffff    ",
      " a    a#qt AB   ",
      "      fr    AB  ",
      "      fr     Af ",
      "      fq     lf ",
      " ammmSap      a ",
      " m  HHfo  y  yf ",
      " m  bbfo      f ",
      " m    f   y  yf ",
      " a    a   w  wa ",
      " m    n   xzzxf ",
      " m    n   w  wf ",
      " m    n   u   f ",
      " ammmSafsssssfa ",
      "                "
    ],
    [
      "                ",
      "      fsssff    ",
      " a    a    AB   ",
      "      fE    AB  ",
      "      f      Af ",
      "    HHf      lf ",
      " aaCbbaD     Ja ",
      "      f   IIIIf ",
      "      f   IbbIf ",
      "      f   IIIIf ",
      " a    a    FF a ",
      "      n   F  Kf ",
      "      n    FF f ",
      "      n      Jf ",
      " a    afsssssfa ",
      "                "
    ],
    [
      "                ",
      "      ffffff    ",
      " a    a    AB   ",
      "  bbbbf     AB  ",
      "  bbbbf      Af ",
      "  bb  f      lf ",
      " abb  a       a ",
      "  HH  f       f ",
      "      f       f ",
      "      f       f ",
      " a    a       a ",
      "      n       f ",
      "      n       f ",
      "      n       f ",
      " a    afsssssfa ",
      "                "
    ],
    [
      "                ",
      "      ffffff    ",
      " aSmmma    AB   ",
      " m    f     AB  ",
      " m    f      Af ",
      " m    f      lf ",
      " a    a       a ",
      " m    f       f ",
      " mbb  f       f ",
      " mHH  f       f ",
      " aSmmma       a ",
      "      f       f ",
      "      f       f ",
      "      f       f ",
      " a    afLLLLLfa ",
      "                "
    ],
    [
      "                ",
      "      ffffff    ",
      " a    a    AB   ",
      "      f  m  AB  ",
      "      f  mm  Af ",
      "      f  mmm lf ",
      " a    a  mmmm a ",
      "      f  mmmmmf ",
      "      f  mmmmmf ",
      "      f  mmmmmf ",
      " abbCaa  mmmmma ",
      "  HH  f  mmmmmf ",
      "      f  mmmmmf ",
      "      f  mmmmmf ",
      " a    afffffffa ",
      "                "
    ]
  ]
}