{
  "name": "building_hotel1_floor3",
  "refpalette": "c70cities:building_hotel1_floor3_palette",
  "xsize": 16,
  "zsize": 16,
  "slices": [
    [
      "                ",
      " aaaaaaaaaaaaaa ",
      " abbbbbbbbbbbba ",
      " abbbbbbbbbbbba ",
      " abbbbbbbbbbbba ",
      " abbbccccccccca ",
      " dbbbc    dbbba ",
      " dbbbc    bbbba ",
      " dbbbc    bbbba ",
      " dbbbc   ebbbbf ",
      " dbbbcccccbbbbf ",
      " dbbbbbbbcbbbbf ",
      " dbbbbbbbcbbbbf ",
      " abbbbbbbbbbbba ",
      " aaaaaaadddddaa ",
      "                "
    ],
    [
      "                ",
      " aaaaaaaaaaaaaa ",
      " a g  hiij  k a ",
      " alm          a ",
      " a   n == n   a ",
      " a   oaaaaoapaa ",
      " a  =a        a ",
      " a  qa    r   a ",
      " a  qa    r  ma ",
      " a  =a eed    f ",
      " a aaoaaaa    f ",
      " a ss#ftua    f ",
      " a ww fxyaezz f ",
      " a      Aaeeema ",
      " aaaaaaaaaaaaaa ",
      "                "
    ],
    [
      "                ",
      " aaaaaaaaaaaaaa ",
      " a            a ",
      " a B          a ",
      " a   n    n   a ",
      " a   oaaaaoaCaa ",
      " f  Da        a ",
      " f   a        a ",
      " f   ae      Ea ",
      " f  Faed      f ",
      " a aaoaaaa    f ",
      " a    f  a    f ",
      " a    f  a    f ",
      " a       a   Ea ",
      " aaffffffaaaaaa ",
      "                "
    ],
    [
      "                ",
      " aaaaaaaaaaaaaa ",
      " a   F    F   a ",
      " a            a ",
      " a   n    n   a ",
      " a   oaaaaoaaaa ",
      " a   ae       a ",
      " a  zae       a ",
      " a  zad      Ea ",
      " a   a          ",
      " aaaaoaaaa    f ",
      " a   Ff  a    f ",
      " a    f  a    f ",
      " a       a   Ea ",
      " aaaaaaaaaaaaaa ",
      "                "
    ],
    [
      "                ",
      " aaaaaaaaaaaaaa ",
      " a   I    I   a ",
      " f            a ",
      " f            a ",
      " a   oaaaaoaaaa ",
      " a   adee     a ",
      " a   a        a ",
      " a   a        a ",
      " a   a        f ",
      " aaaaoaaaa    f ",
      " a   If  a    f ",
      " a    f  a    f ",
      " a    f  a    a ",
      " aaaaaaffaaaaaa ",
      "                "
    ],
    [
      "                ",
      " aaaaaaaaaaaaaa ",
      " aJJJJJJJJJJJJa ",
      " aJJJJJJJJJJJJa ",
      " aJJJJJJJJJJJJa ",
      " aJJJoaaaaoaaaa ",
      " aJJJa  deJJJJa ",
      " aJJJa    JJJJa ",
      " aJJJa    JJJJa ",
      " aJJJa    JJJJf ",
      " aaaaoaaaaJJJJf ",
      " aJJJJJJJaJJJJf ",
      " aJJJJJJJaJJJJf ",
      " aJJJJJJJaJJJJa ",
      " aaaaaaaaaaaaaa ",
      "                "
    ]
  ]
}