{
  "name": "building_carservice1_base1",
  "refpalette": "c70cities:building_carservice1_base1_palette",
  "xsize": 16,
  "zsize": 16,
  "slices": [
    [
      "vvvvvvvvvvvvvvvv",
      "vaaaaaaaaaaaaaav",
      "vaaaaaaaaaaaaaav",
      "vaaaaaaaaaaaaaav",
      "vaaaaaaaaaaaaaav",
      "vaaaaaaaaaaaaaav",
      "vaaaaaaaaaaaaaav",
      "vaaaaaaaaaaaaaav",
      "vaaaaaaaaaaaaaav",
      "vaaaaaaaa!aaaaav",
      "va==aaaaaaaaaaav",
      "va==aaaaaaaaaaav",
      "va==aaaaaaaaaaav",
      "va==aaaaaaaaaaav",
      "vaaaaaaaaaaaaaav",
      "vvvvvvvvvvvvvvvv"
    ],
    [
      "vvvvvvvvvvvvvvvv",
      "vvvvvvvvvbbbbbbv",
      "vvvvvvvvvb    bv",
      "vvvvvvvvvb cccbv",
      "vv===dd !befcfbv",
      "vv===d  db c#cbv",
      "vv==bb  bb cccbv",
      "vv==b    gefcfbv",
      "vv==b   hg cccbv",
      "vviib  jkb lmlbv",
      "vv  n         bv",
      "vv  n         bv",
      "vv  n    o    bv",
      "vvp b qq rsttubv",
      "vvvvbbbbbwbbbbbv",
      "vvvvvvvvvvvvvvvv"
    ],
    [
      "vvvvvvvvvvvvvvvv",
      "vvvvvvvvvbbbbbbv",
      "vvvvvvvvvb    bv",
      "vvvvvvvvvb xxxbv",
      "vv===   db yzybv",
      "vv===    b A Bbv",
      "vv==bb  bb CDEbv",
      "vviib    g FIFbv",
      "vv  b    g FJFbv",
      "vv  b    b    bv",
      "vv  n         bv",
      "vv  n         bv",
      "vv  n    o    bv",
      "vvp b    r    bv",
      "vvvvbbbbbwbbbbbv",
      "vvvvvvvvvvvvvvvv"
    ],
    [
      "vvvvvvvvvvvvvvvv",
      "vvvvvvvvvbbbbbbv",
      "vvvvvvvvvb    bv",
      "vvvvvvvvvb    bv",
      "vvii=    b  J bv",
      "vvii=    b FIFbv",
      "vv  bbbbbb FJFbv",
      "vv  b    g    bv",
      "vv  b    g    bv",
      "vv  b    b    bv",
      "vv  n         bv",
      "vv  n         bv",
      "vv  n    o    bv",
      "vvKKb    r    bv",
      "vvvvbbbbbwbbbbbv",
      "vvvvvvvvvvvvvvvv"
    ],
    [
      "vvvvvvvvvvvvvvvv",
      "vvvvvvvvvbbbbbbv",
      "vvvvvvvvvb    bv",
      "vvvvvvvvvb    bv",
      "vv   i===b    bv",
      "vv   i===b    bv",
      "vv  bbbbbb    bv",
      "vv  b    b    bv",
      "vv  b    b    bv",
      "vv  b    b    bv",
      "vv  b    b    bv",
      "vv  b    b    bv",
      "vv  b    b    bv",
      "vvKKb    b    bv",
      "vvvvbbbbbbbbbbbv",
      "vvvvvvvvvvvvvvvv"
    ],
    [
      "vvvvvvvvvvvvvvvv",
      "vvvvvvvvvbbbbbbv",
      "vvvvvvvvvbLMM bv",
      "vvvvvvvvvbMMMMbv",
      "vv     i=bMMMMbv",
      "vv     i=bMMMMbv",
      "vv  bbbbbbMMMMbv",
      "vvNNbMMMMbLMMObv",
      "vvNNbMMMMbMMMMbv",
      "vvNNbMMMMbMMMMbv",
      "vvNNbMMMMbMMMMbv",
      "vvNNbMMMMbMMMMbv",
      "vvNNbMMMMbMMMMbv",
      "vvNNbMMMMb MMLbv",
      "vvvvbbbbbbbbbbbv",
      "vvvvvvvvvvvvvvvv"
    ]
  ]
}