{
  "name": "building_bank1_floor1",
  "refpalette": "c70cities:building_bank1_floor1_palette",
  "xsize": 16,
  "zsize": 16,
  "slices": [
    [
      "                ",
      "   abbc  abbc   ",
      "  SddddSdddddS  ",
      " eddddddddddddf ",
      " bddddddddddddb ",
      " bd ddddddddddb ",
      " gd ddddddddddh ",
      "  d dddddddddS  ",
      "  S dddddddddd  ",
      " ed ddddddddddf ",
      " bddddddddddddb ",
      " bddddddddddddb ",
      " gddddddddddddh ",
      "  SdddddSddddS  ",
      "   ibbj  ibbj   ",
      "                "
    ],
    [
      "                ",
      "  abbc  abbc    ",
      "  kkkklkkkkklkf ",
      "  l    m    nkb ",
      " ek    o     kb ",
      " bpqr  b     kh ",
      " bk r  bss   l  ",
      " gk r  btu   k  ",
      "  k r wbx    kf ",
      "  l r ybx z Akb ",
      " ek   BbC z Akb ",
      " bk   Db#    kh ",
      " bk    b     l  ",
      " gklkkkkklkkkk  ",
      "    ibbj  ibbj  ",
      "                "
    ],
    [
      "                ",
      " Ebbc  abbc  aE ",
      " gkkklkkkkklkkb ",
      "  k    F    nkb ",
      "  l    I     kh ",
      " ek r  b     l  ",
      " bpq   bsJ   k  ",
      " bk r  b     kf ",
      " gk    b     kb ",
      "  k r Kb     kb ",
      "  l    b     kh ",
      " ek    b     l  ",
      " bk    b     k  ",
      " bkklkkkkklkkkf ",
      " Ej  ibbj  ibbE ",
      "                "
    ],
    [
      "                ",
      " Ebc  abbc  abE ",
      " bkklkkkkklkkkb ",
      " gk    b    nkh ",
      "  k    b     l  ",
      "  l r  b     k  ",
      " e     bss   kf ",
      " bpqr  b     kb ",
      " bk    b     kb ",
      " gk r Kb     kh ",
      "  k    b     l  ",
      "  l    b     k  ",
      " ek    b     kf ",
      " bkkklkkkkklkkb ",
      " Ebj  ibbj  ibE ",
      "                "
    ],
    [
      "                ",
      " Ec  abbc  abbE ",
      " bklkkkkklkkkkh ",
      " bk    b     l  ",
      " gk    b     k  ",
      "  k r  b     kf ",
      "  l    b     kb ",
      " e  r  b     kb ",
      " bpq   b     kh ",
      " bk r  b     l  ",
      " gk    b     k  ",
      "  k    b     kf ",
      "  l    b     kb ",
      " ekkkklkkkkklkb ",
      " Ebbj  ibbj  iE ",
      "                "
    ],
    [
      "                ",
      "    abbc  abbc  ",
      " elkkkkklkkkkl  ",
      " bkLLLLbLLLLLk  ",
      " bkLLLLbLLLLLkf ",
      " gk rLLbLLLLLkb ",
      "  k  LLbLLLLLkb ",
      "  l rLLbLMMMLkh ",
      " e   LLbLM!MLl  ",
      " bpqrLLbLM!MLk  ",
      " bkLLLLbLMMMLkf ",
      " gkLLLLbLLLLLkb ",
      "  kLLLLbLLLLLkb ",
      "  lkkkklkkkkklh ",
      "  ibbj  ibbj    ",
      "                "
    ]
  ]
}