{
  "name": "building_carservice1_base1_90",
  "refpalette": "c70cities:building_carservice1_base1_palette_90",
  "xsize": 16,
  "zsize": 16,
  "slices": [
    [
      "vvvvvvvvvvvvvvvv",
      "vaaaaaaaaaaaaaav",
      "vaaaaaaaaaaaaaav",
      "vaaaaaaaaaaaaaav",
      "vaaaaaaaaaaaaaav",
      "vaaaaaaaaaaaaaav",
      "vaaaaaaaa!aaaaav",
      "vaaaaaaaaaaaaaav",
      "vaaaaaaaaaaaaaav",
      "vaaaaaaaaaaaaaav",
      "vaaaaaaaaaaaaaav",
      "vaaaaaaaaaaaaaav",
      "vaaaaaaaaa====av",
      "vaaaaaaaaa====av",
      "vaaaaaaaaaaaaaav",
      "vvvvvvvvvvvvvvvv"
    ],
    [
      "vvvvvvvvvvvvvvvv",
      "vbbbbbbbbbbbbbbv",
      "vb cfccfck   sbv",
      "vb cc#cccl   rbv",
      "vb cfccfck   rbv",
      "vb  e  e     qbv",
      "vbbbbbbggb  mmtv",
      "vvvv!db hj    bv",
      "vvvv     j   pbv",
      "vvvvd        obv",
      "vvvvddb       bv",
      "vvvv==bbbbmmmbbv",
      "vvvv=====i    vv",
      "vvvv=====i   nvv",
      "vvvvvvvvvvvvvvvv",
      "vvvvvvvvvvvvvvvv"
    ],
    [
      "vvvvvvvvvvvvvvvv",
      "vbbbbbbbbbbbbbbv",
      "vb uwyyzz     bv",
      "vb ux yAB     bv",
      "vb uwyyzz     bv",
      "vb            bv",
      "vbbbbbbggb  mmtv",
      "vvvvd b       bv",
      "vvvv          bv",
      "vvvv          bv",
      "vvvv  b       bv",
      "vvvv==bbbbmmmbbv",
      "vvvv===i      vv",
      "vvvv===i     nvv",
      "vvvvvvvvvvvvvvvv",
      "vvvvvvvvvvvvvvvv"
    ],
    [
      "vvvvvvvvvvvvvvvv",
      "vbbbbbbbbbbbbbbv",
      "vb   zz       bv",
      "vb  BAB       bv",
      "vb   zz       bv",
      "vb            bv",
      "vbbbbbbggb  mmtv",
      "vvvv  b       bv",
      "vvvv  b       bv",
      "vvvv  b       bv",
      "vvvv  b       bv",
      "vvvv==bbbbmmmbbv",
      "vvvvii       nvv",
      "vvvvii       nvv",
      "vvvvvvvvvvvvvvvv",
      "vvvvvvvvvvvvvvvv"
    ],
    [
      "vvvvvvvvvvvvvvvv",
      "vbbbbbbbbbbbbbbv",
      "vb            bv",
      "vb            bv",
      "vb            bv",
      "vb            bv",
      "vbbbbbbbbbbbbbbv",
      "vvvv==b       bv",
      "vvvv==b       bv",
      "vvvv==b       bv",
      "vvvviib       bv",
      "vvvv  bbbbbbbbbv",
      "vvvv         nvv",
      "vvvv         nvv",
      "vvvvvvvvvvvvvvvv",
      "vvvvvvvvvvvvvvvv"
    ],
    [
      "vvvvvvvvvvvvvvvv",
      "vbbbbbbbbbbbbbbv",
      "vb DDDDFDDDDDCbv",
      "vbDDDDDDDDDDDDbv",
      "vbDDDDDDDDDDDDbv",
      "vbCDDDDCDDDDD bv",
      "vbbbbbbbbbbbbbbv",
      "vvvv==bDDDDDDDbv",
      "vvvviibDDDDDDDbv",
      "vvvv  bDDDDDDDbv",
      "vvvv  bDDDDDDDbv",
      "vvvv  bbbbbbbbbv",
      "vvvv   EEEEEEEvv",
      "vvvv   EEEEEEEvv",
      "vvvvvvvvvvvvvvvv",
      "vvvvvvvvvvvvvvvv"
    ]
  ]
}