{
  "name": "building_bank1_floor1_180",
  "refpalette": "c70cities:building_bank1_floor1_palette_180",
  "xsize": 16,
  "zsize": 16,
  "slices": [
    [
      "                ",
      "   jbbi  jbbi   ",
      "  SddddSdddddS  ",
      " hddddddddddddg ",
      " bddddddddddddb ",
      " bddddddddddddb ",
      " fdddddddddd de ",
      "  dddddddddd S  ",
      "  Sddddddddd d  ",
      " hdddddddddd dg ",
      " bdddddddddd db ",
      " bddddddddddddb ",
      " fdddddddddddde ",
      "  SdddddSddddS  ",
      "   cbba  cbba   ",
      "                "
    ],
    [
      "                ",
      "  jbbi  jbbi    ",
      "  kkkklkkkkklkg ",
      "  l     b    kb ",
      " hk    #bx   kb ",
      " bkC D ybx   ke ",
      " bkC B ybA z l  ",
      " fk    ybx s k  ",
      "  k   wub  s kg ",
      "  l   ttb  s kb ",
      " hk     b  rqpb ",
      " bk     o    ke ",
      " bkn    m    l  ",
      " fklkkkkklkkkk  ",
      "    cbba  cbba  ",
      "                "
    ],
    [
      "                ",
      " Obbi  jbbi  jN ",
      " fkkklkkkkklkkb ",
      "  k     b    kb ",
      "  l     b    ke ",
      " hk     b    l  ",
      " bk     bM K k  ",
      " bk     b    kg ",
      " fk     b  K kb ",
      "  k   Ltb   qpb ",
      "  l     b  K ke ",
      " hk     J    l  ",
      " bkn    I    k  ",
      " bkklkkkkklkkkg ",
      " Fa  cbba  cbbE ",
      "                "
    ],
    [
      "                ",
      " Obi  jbbi  jbN ",
      " bkklkkkkklkkkb ",
      " fk     b    ke ",
      "  k     b    l  ",
      "  l     b    k  ",
      " hk     bM K kg ",
      " bk     b    kb ",
      " bk     b  Kqpb ",
      " fk   ttb     e ",
      "  k     b  K l  ",
      "  l     b    k  ",
      " hkn    b    kg ",
      " bkkklkkkkklkkb ",
      " Fba  cbba  cbE ",
      "                "
    ],
    [
      "                ",
      " Ti  jbbi  jbbR ",
      " bklkkkkklkkkke ",
      " bk     b    l  ",
      " fk     b    k  ",
      "  k     b    kg ",
      "  l     b  K kb ",
      " hk     b   qpb ",
      " bk     b  K  e ",
      " bk     b    l  ",
      " fk     b  K k  ",
      "  k     b    kg ",
      "  l     b    kb ",
      " hkkkklkkkkklkb ",
      " Qbba  cbba  cP ",
      "                "
    ],
    [
      "                ",
      "    jbbi  jbbi  ",
      " hlkkkkklkkkkl  ",
      " bkUUUUUbUUUUk  ",
      " bkUUUUUbUUUUkg ",
      " fkUVVVUbUUUUkb ",
      "  kUV!VUbUUKqpb ",
      "  lUV!VUbUU   e ",
      " hkUVVVUbUUK l  ",
      " bkUUUUUbUU  k  ",
      " bkUUUUUbUUK kg ",
      " fkUUUUUbUUUUkb ",
      "  kUUUUUbUUUUkb ",
      "  lkkkklkkkkkle ",
      "  cbba  cbba    ",
      "                "
    ]
  ]
}