{
  "name": "building_hotel2_floor1_180",
  "refpalette": "c70cities:building_hotel2_floor1_palette_180",
  "xsize": 16,
  "zsize": 16,
  "slices": [
    [
      "                ",
      "              a ",
      "    dddddddddda ",
      "    dccccccccca ",
      "    dccccccccca ",
      "    dccccccccca ",
      "    dccccccccca ",
      "    dccccccccca ",
      "    dccccccccca ",
      "    dccccccccca ",
      "    dcccccc!cca ",
      "    dcccccccc=a ",
      "    dccccccccba ",
      "    d!cccccccba ",
      " aaaaaaaaaaaaaa ",
      "                "
    ],
    [
      "                ",
      "              a ",
      "    xwwwwwwwwwa ",
      "    h         a ",
      "    hu tsr  ==a ",
      "    hu tsr  q=a ",
      "    h       ==a ",
      "    h        #a ",
      "    hj   japaaa ",
      "    h     a ona ",
      "    hm m  aglka ",
      "    h j   aaa=a ",
      "    hj    i  ba ",
      "    hgff  e  ba ",
      " aaaaaaaaaaaaaa ",
      "                "
    ],
    [
      "                ",
      "              a ",
      "    xwwwwwwwwwa ",
      "    h         a ",
      "    h    r    a ",
      "    h    r    a ",
      "    h         a ",
      "    h         a ",
      "    hD   CaBaaa ",
      "    h     a   a ",
      "    h     a   a ",
      "    hAAA  aaa=a ",
      "    hA    z  ba ",
      "    h     y  ba ",
      " aaaaaaaaaaaaaa ",
      "                "
    ],
    [
      "                ",
      "              a ",
      "    xwwwwwwwwwa ",
      "    h         a ",
      "    h         a ",
      "    h         a ",
      "    h         a ",
      "    h         a ",
      "    hD   Caaaaa ",
      "    h     a   a ",
      "    h     a   a ",
      "    h     aaa=a ",
      "    h     a  ba ",
      "    h     a  ba ",
      " aaaaaaaaaaaaaa ",
      "                "
    ],
    [
      "                ",
      "              a ",
      "    xwwwwwwwwwa ",
      "    h         a ",
      "    h         a ",
      "    h  E      a ",
      "    h  E      a ",
      "    h  F      a ",
      "    h     aaaaa ",
      "    h  E  a   a ",
      "    h  F  a   a ",
      "    h  E  aaa=a ",
      "    h     a  ba ",
      "    h     a  ba ",
      " aaaaaaaaaaaaaa ",
      "                "
    ],
    [
      "                ",
      "              a ",
      "    AAAAAAAAAAa ",
      "    AIIIIIIIIIa ",
      "    AIIIIIIIIIa ",
      "    AIIIIIIIIIa ",
      "    AIIIIIIIIIa ",
      "    AIIIIIIIIIa ",
      "    AIIIIIaaaaa ",
      "    AIIIIIaIIIa ",
      "    AIIIIIaIIIa ",
      "    AIIIIIaaa=a ",
      "    AIIIIIaIIba ",
      "    AIIIIIaIIba ",
      " aaaaaaaaaaaaaa ",
      "                "
    ]
  ]
}