{
  "name": "building_bank1_top_270",
  "refpalette": "c70cities:building_bank1_top_palette_270",
  "xsize": 16,
  "zsize": 16,
  "slices": [
    [
      "                ",
      "  abbbc abbbc   ",
      "  SddddSdddddSa ",
      " cdddd     dddb ",
      " bddddddddddddb ",
      " bddddddddddddb ",
      " bddddddddddddc ",
      " adddddddddddS  ",
      "  Sddddddddddda ",
      " cddddddddddddb ",
      " bddddddddddddb ",
      " bddddddddddddb ",
      " bddddddddddddc ",
      " aSdddddSddddS  ",
      "   cbbba cbbba  ",
      "                "
    ],
    [
      "                ",
      " ebcc abbcc abe ",
      " bffffgfffffgfb ",
      " agqp        fc ",
      "  frp        fc ",
      " cfrp        f  ",
      " cfrp  j j   ga ",
      " bfqp        fb ",
      " bfqp mkkkh  fb ",
      " agrp n   i  fc ",
      "  frp o l i  fc ",
      " cfrp o      f  ",
      " cfsp     #  ga ",
      " bfgfffffgffffb ",
      " eba ccbba ccbe ",
      "                "
    ],
    [
      "                ",
      " ebbbbbbbbbbbbe ",
      " bffffgfffffgfb ",
      " bgr         fb ",
      " bfr         fb ",
      " bfr         fb ",
      " bfr         gb ",
      " bfr         fb ",
      " bfr  u   t  fb ",
      " bgr         fb ",
      " bfr  o      fb ",
      " bfr  o      fb ",
      " bfr         gb ",
      " bfgfffffgffffb ",
      " ebbbbbbbbbbbbe ",
      "                "
    ],
    [
      "                ",
      "                ",
      "   ffgfffffgf   ",
      "  ff        ff  ",
      "  g          f  ",
      "  f          g  ",
      "  f          f  ",
      "  f          f  ",
      "  f          f  ",
      "  f          f  ",
      "  g          f  ",
      "  f          g  ",
      "  ff        ff  ",
      "   fgfffffgff   ",
      "                ",
      "                "
    ],
    [
      "                ",
      "                ",
      "                ",
      "    ffffffff    ",
      "   ffffffffff   ",
      "   fffw   fff   ",
      "   ff      ff   ",
      "   ff      ff   ",
      "   ff      ff   ",
      "   ff      ff   ",
      "   fff   wfff   ",
      "   ffffffffff   ",
      "    ffffffff    ",
      "                ",
      "                ",
      "                "
    ],
    [
      "                ",
      "                ",
      "                ",
      "                ",
      "                ",
      "      ffff      ",
      "     ffffff     ",
      "     ffffff     ",
      "     ffffff     ",
      "     ffffff     ",
      "      ffff      ",
      "                ",
      "                ",
      "                ",
      "                ",
      "                "
    ]
  ]
}