{
  "name": "building_hotel2_floor2",
  "refpalette": "c70cities:building_hotel2_floor2_palette",
  "xsize": 16,
  "zsize": 16,
  "slices": [
    [
      "                ",
      " aaaaaaaaaaaaaa ",
      " abccccccccd    ",
      " abccccccccd    ",
      " a=ccccccccd    ",
      " acccccccccd    ",
      " acccccccccd    ",
      " a!ccccccccd    ",
      " accccc!cccd    ",
      " a!ccccccccd    ",
      " acccccccccd    ",
      " acccccccccd    ",
      " acccccccccd    ",
      " adddddddddd    ",
      " a              ",
      "                "
    ],
    [
      "                ",
      " aaaaaaaaaaaaaa ",
      " ab   e    f    ",
      " ab   a    f    ",
      " a=aagahi jf    ",
      " akla ahi jf    ",
      " amna a    f    ",
      " ao p a    f    ",
      " aaaa ao qqf    ",
      " a=rr aaaaas    ",
      " a     tt# f    ",
      " a     uu  f    ",
      " awxy      f    ",
      " azzzzzzzzzA    ",
      " a              ",
      "                "
    ],
    [
      "                ",
      " aaaaaaaaaaaaaa ",
      " ab   B    f    ",
      " ab   a    f    ",
      " a=aaCa    f    ",
      " a  a a    f    ",
      " a  a a    f    ",
      " a  D a    f    ",
      " aaaa a  E f    ",
      " aF   aaaaas    ",
      " a         f    ",
      " a         f    ",
      " a I       f    ",
      " azzzzzzzzzA    ",
      " a              ",
      "                "
    ],
    [
      "                ",
      " aaaaaaaaaaaaaa ",
      " ab   a    f    ",
      " ab   a    f    ",
      " a=aaaa    f    ",
      " a  a a    f    ",
      " a  a a    f    ",
      " a  a a    f    ",
      " aaaa a    f    ",
      " a    aaaaas    ",
      " a         f    ",
      " a         f    ",
      " a         f    ",
      " azzzzzzzzzA    ",
      " a              ",
      "                "
    ],
    [
      "                ",
      " aaaaaaaaaaaaaa ",
      " ab J a    f    ",
      " ab J a    f    ",
      " a=aaaa JK f    ",
      " a  a a    f    ",
      " a  a a JJ f    ",
      " a  a a    f    ",
      " aaaa a    f    ",
      " a    aaaaas    ",
      " a         f    ",
      " a     JJ  f    ",
      " a         f    ",
      " azzzzzzzzzA    ",
      " a              ",
      "                "
    ],
    [
      "                ",
      " aaaaaaaaaaaaaa ",
      " abLLLaLLLLI    ",
      " abLLLaLLLLI    ",
      " a=aaaaLLLLI    ",
      " aLLaLaLLLLI    ",
      " aLLaLaLLLLI    ",
      " aLLaLaLLLLI    ",
      " aaaaLaLLLLI    ",
      " aLLLLaaaaLI    ",
      " aLLLLLLLLLI    ",
      " aLLLLLLLLLI    ",
      " aLLLLLLLLLI    ",
      " aIIIIIIIIII    ",
      " a              ",
      "                "
    ]
  ]
}