{
  "name": "building_carservice1_ground",
  "refpalette": "c70cities:building_carservice1_ground_palette",
  "xsize": 16,
  "zsize": 16,
  "slices": [
    [
      "GGGGGGGGGGGGGGGG",
      "GavvvavvvavvvaGG",
      "GvvvvvvvvvvvvvHH",
      "GvvvvvvvvvvvvvHH",
      "Gv       bcdd=HH",
      "Gv       bcdd=HH",
      "GaeeeaeeeaeeeaeG",
      "GeffffffffffffeG",
      "GeffffffffffffeG",
      "Gefgh ffffffffeG",
      "Gefijk fffffffeG",
      "Gef lmf ffffffeG",
      "GeffffffffffffGG",
      "Ge!fffff!ffffGGG",
      "GaeeeaeeeaeeGGGG",
      "GGGGGGGGGGGGGGGG"
    ],
    [
      "                ",
      " a   a   a   a  ",
      "            Hn  ",
      " oppppppppppHn  ",
      " q              ",
      " q              ",
      " aeeeaeeea   ae ",
      " errrs# t    ue ",
      " w           xe ",
      " w           xe ",
      " w           ye ",
      " w           ze ",
      " w          zA  ",
      " eBCCDCCE FzA   ",
      " aeeeaeeeaee    ",
      "                "
    ],
    [
      "                ",
      " a   a   a   a  ",
      " S       SHn    ",
      " I       IHn    ",
      " I       I      ",
      " I       I      ",
      " aeeeaeeea   ae ",
      " e  JK        w ",
      " w            w ",
      " w            w ",
      " w           ye ",
      " w           ze ",
      " w          zA  ",
      " eB     E FzA   ",
      " aeeeaeeeaee    ",
      "                "
    ],
    [
      "                ",
      " a   a   a   a  ",
      "        Hn      ",
      "        Hn      ",
      "                ",
      "                ",
      " aeeeaeeeaLLLae ",
      " e            e ",
      " w            e ",
      " w            e ",
      " w            e ",
      " w           ze ",
      " w          zA  ",
      " e        FzA   ",
      " aeeeaeeeaee    ",
      "                "
    ],
    [
      "                ",
      " a   aIIIaIIIa  ",
      "     SHn     S  ",
      "     IHn     I  ",
      "     I       I  ",
      "     I       I  ",
      " aeeeaeeeaeeeae ",
      " e            e ",
      " M            e ",
      " M            e ",
      " M            e ",
      " M           ze ",
      " M          zA  ",
      " e        FzA   ",
      " aeeeaeeeaee    ",
      "                "
    ],
    [
      "                ",
      " a   a   a   a  ",
      "    Hn          ",
      "    Hn          ",
      "     N          ",
      "     a          ",
      " aeeeaeeeaeeeae ",
      " e            e ",
      " e            e ",
      " eIIIIIIIIIII e ",
      " eIIIIIIIIII  e ",
      " eIIIIIIIII  ze ",
      " eIIIIIIII  zA  ",
      " eIIIIIII FzA   ",
      " aeeeaeeeaee    ",
      "                "
    ]
  ]
}