{
  "name": "building_hotel1_floor1_180",
  "refpalette": "c70cities:building_hotel1_floor1_palette_180",
  "xsize": 16,
  "zsize": 16,
  "slices": [
    [
      "                ",
      " aadddddaaaaaaa ",
      " abbbbbbbbbbbba ",
      " fbbbbbbbbbbbbd ",
      " fbbbbbbbbbbbbd ",
      " fbbbbbbbbbbbbd ",
      " fbbbbe   bbbbd ",
      " abbbb    bbbbd ",
      " abbbb    bbbbd ",
      " abbbd    bbbbd ",
      " acccccccccccca ",
      " abbbbbbbbbbbba ",
      " abbbbbbbbbbbba ",
      " abbbbbbbbbbbba ",
      " aaaaaaaaaaaaaa ",
      "                "
    ],
    [
      "                ",
      " aaaaaaaaaaaaaa ",
      " arpro pro proa ",
      " f            a ",
      " f            a ",
      " f            a ",
      " f    dee  p oa ",
      " ar  q      r a ",
      " a   q     p oa ",
      " a            a ",
      " ann aaaaaaaaaa ",
      " a m   lkjjjiia ",
      " a            a ",
      " ahhh        ga ",
      " aaaaaaaaaaaaaa ",
      "                "
    ],
    [
      "                ",
      " aaaaaaffffffaa ",
      " au t   t   t a ",
      " f            a ",
      " f            a ",
      " f            a ",
      " f      de  t f ",
      " au      e  t f ",
      " a          t f ",
      " a            f ",
      " a   aaaaaaaaaa ",
      " a     s      a ",
      " a            a ",
      " a            a ",
      " aaaaaaaaaaaaaa ",
      "                "
    ],
    [
      "                ",
      " aaaaaaaaaaaaaa ",
      " au           a ",
      " f            a ",
      " f            a ",
      " f            a ",
      " f            a ",
      " au      d    a ",
      " a       e    a ",
      " a       e    a ",
      " a   aaaaaaaaaa ",
      " a            a ",
      " a            a ",
      " a            a ",
      " aaaaaaaaaaaaaa ",
      "                "
    ],
    [
      "                ",
      " aaaaaaffaaaaaa ",
      " a            a ",
      " f            a ",
      " f            a ",
      " f            a ",
      " f            a ",
      " a            a ",
      " a            a ",
      " a     eed    a ",
      " aaaaaaaaaaaaaa ",
      " a            f ",
      " a            f ",
      " a            a ",
      " aaaaaaaaaaaaaa ",
      "                "
    ],
    [
      "                ",
      " aaaaaaaaaaaaaa ",
      " awwwwwwwwwwwwa ",
      " fwwwwwwwwwwwwa ",
      " fwwwwwwwwwwwwa ",
      " fwwwwwwwwwwwwa ",
      " fwwww    wwwwa ",
      " awwww    wwwwa ",
      " awwww    wwwwa ",
      " awwwwed  wwwwa ",
      " aaaaaaaaaaaaaa ",
      " awwwwwwwwwwwwa ",
      " awwwwwwwwwwwwa ",
      " awwwwwwwwwwwwa ",
      " aaaaaaaaaaaaaa ",
      "                "
    ]
  ]
}