{
  "name": "building_carservice1_top",
  "refpalette": "c70cities:building_carservice1_top_palette",
  "xsize": 16,
  "zsize": 16,
  "slices": [
    [
      "                ",
      " a   a   a   a  ",
      "  bb            ",
      "  bb            ",
      "  bbb           ",
      "  bbb           ",
      " acccadddadddae ",
      " ecccccccccccce ",
      " effffffffffffe ",
      " effffffffffffe ",
      " efffffffffffce ",
      " effffffffffcde ",
      " efffffffffcdd  ",
      " effffffffgdd   ",
      " aeeeaeeeaee    ",
      "                "
    ],
    [
      "                ",
      " ahhhahhha   a  ",
      " h       h      ",
      " h       h      ",
      " h       h      ",
      " S       S      ",
      " aiiiaeeeaeeeae ",
      " e    jjjkl!lme ",
      " n         op e ",
      " n  q  q   o  e ",
      " nrrsttsu     e ",
      " nrrt#rrr    ne ",
      " nrrsttsu   nn  ",
      " e  w  w   nn   ",
      " aeeeaeeeaee    ",
      "                "
    ],
    [
      "                ",
      " a   a   a   a  ",
      "                ",
      "                ",
      "                ",
      "                ",
      " aiiiaeeeaeeeae ",
      " e      xklll n ",
      " n            n ",
      " n            n ",
      " ny           e ",
      " nrtyzy      ne ",
      " ny         nn  ",
      " e         nn   ",
      " aeeeaeeeaee    ",
      "                "
    ],
    [
      "                ",
      " a   a   a   a  ",
      " A   A   A   A  ",
      " A   A   A   A  ",
      " A   A   A   A  ",
      " A   A   A   A  ",
      " aiiiaeeeaeeeae ",
      " a   A   ABBB e ",
      " a   A   A    e ",
      " a   A   A    e ",
      " a   A   A    e ",
      " a   A   A   ne ",
      " a   A   A  nn  ",
      " a   A   A nn   ",
      " aeeeaeeeaee    ",
      "                "
    ],
    [
      "                ",
      "                ",
      "                ",
      "                ",
      "                ",
      "                ",
      " eeeeeeeeeeeeee ",
      " eCCCCCCCCCCCCe ",
      " eCCCCCCCCCCCCe ",
      " eCCCCCCCCCCCCe ",
      " eCCCCCCCCCCCCe ",
      " eCCCCCCCCCCCCe ",
      " eCCCCCCCCCCCC  ",
      " eCCCCCCCCCCC   ",
      " eeeeeeeeeee    ",
      "                "
    ],
    [
      "                ",
      "                ",
      "                ",
      "                ",
      "                ",
      "                ",
      " eeeeeeeeeeeeee ",
      " e            e ",
      " e            e ",
      " e            e ",
      " e            e ",
      " e            e ",
      " e              ",
      " e              ",
      " eeeeeeeeeee    ",
      "                "
    ]
  ]
}