{
  "name": "building_carservice1_floor1_270",
  "refpalette": "c70cities:building_carservice1_floor1_palette_270",
  "xsize": 16,
  "zsize": 16,
  "slices": [
    [
      "                ",
      " afffffffa    a ",
      " fggggggccbbbb  ",
      " fhhhhggccbbbb  ",
      " fhbbiggccbb    ",
      " ahii!ggcabb  a ",
      " fhhhhggcdHH    ",
      " fhjjhggce      ",
      " fhhhhggce      ",
      " aggggggca    a ",
      " fmgggggce      ",
      " fkcggggce      ",
      "  lkcgggce      ",
      "   lkcggca    a ",
      "    ffffff      ",
      "                "
    ],
    [
      "                ",
      " afsssssfaSnnna ",
      " f   ww  o    n ",
      " f            n ",
      " f            n ",
      " ax  x   a    a ",
      " fpyyp   f    n ",
      " fyAAy   fbb  n ",
      " fpyyz   fHH  n ",
      " aD    tpaSnnna ",
      " fm     qf      ",
      " fB     rf      ",
      "  CB    rf      ",
      "   CB uura    a ",
      "    ffffff      ",
      "                "
    ],
    [
      "                ",
      " afsssssfa    a ",
      " f       o      ",
      " f       o      ",
      " f              ",
      " a       a    a ",
      " fLM K   f      ",
      " fN  LJ  f      ",
      " fLK M   f      ",
      " aO      abbEaa ",
      " fm      fHH    ",
      " fB     Ff      ",
      "  CB    If      ",
      "   CB    a    a ",
      "    ffsssf      ",
      "                "
    ],
    [
      "                ",
      " afsssssfa    a ",
      " f       o      ",
      " f       o      ",
      " f       o      ",
      " a       a    a ",
      " fVUTP   f      ",
      " f   Q   f      ",
      " fVUTR   f  HH  ",
      " a       a  bba ",
      " fm      f  bb  ",
      " fB      fbbbb  ",
      "  CB     fbbbb  ",
      "   CB    a    a ",
      "    ffffff      ",
      "                "
    ],
    [
      "                ",
      " afWWWWWfa    a ",
      " f       f      ",
      " f       f      ",
      " f       f      ",
      " a       annnSa ",
      " f       f  HHn ",
      " f       f  bbn ",
      " f       f    n ",
      " a       a    a ",
      " fm      f    n ",
      " fB      f    n ",
      "  CB     f    n ",
      "   CB    annnSa ",
      "    ffffff      ",
      "                "
    ],
    [
      "                ",
      " afffffffa    a ",
      " fnnnnn  f      ",
      " fnnnnn  f      ",
      " fnnnnn  f  HH  ",
      " annnnn  aaEbba ",
      " fnnnnn  f      ",
      " fnnnnn  f      ",
      " fnnnnn  f      ",
      " a nnnn  a    a ",
      " fm nnn  f      ",
      " fB  nn  f      ",
      "  CB  n  f      ",
      "   CB    a    a ",
      "    ffffff      ",
      "                "
    ]
  ]
}