{
  "name": "building_hotel2_floor1_90",
  "refpalette": "c70cities:building_hotel2_floor1_palette_90",
  "xsize": 16,
  "zsize": 16,
  "slices": [
    [
      "                ",
      " a              ",
      " a              ",
      " a              ",
      " adddddddddddd  ",
      " a!ccccccccccd  ",
      " acccccccccccd  ",
      " acccccccccccd  ",
      " acccccccccccd  ",
      " acccccccccccd  ",
      " acccccccccccd  ",
      " accc!cccccccd  ",
      " acccccccccccd  ",
      " abb=ccccccccd  ",
      " aaaaaaaaaaaaaa ",
      "                "
    ],
    [
      "                ",
      " a              ",
      " a              ",
      " a              ",
      " ahhhhhhhhhhhx  ",
      " agj m j  uu w  ",
      " af j        w  ",
      " af  m    tt w  ",
      " a        ss w  ",
      " a     j  rr w  ",
      " aeiaaaa     w  ",
      " a  ag p     w  ",
      " a  aloa =q= w  ",
      " abb=kna#=== w  ",
      " aaaaaaaaaaaaaa ",
      "                "
    ],
    [
      "                ",
      " a              ",
      " a              ",
      " a              ",
      " ahhhhhhhhhhhx  ",
      " a AA  D     w  ",
      " a  A        w  ",
      " a  A        w  ",
      " a           w  ",
      " a     C  rr w  ",
      " ayzaaaa     w  ",
      " a  a  B     w  ",
      " a  a  a     w  ",
      " abb=  a     w  ",
      " aaaaaaaaaaaaaa ",
      "                "
    ],
    [
      "                ",
      " a              ",
      " a              ",
      " a              ",
      " ahhhhhhhhhhhx  ",
      " a     D     w  ",
      " a           w  ",
      " a           w  ",
      " a           w  ",
      " a     C     w  ",
      " aaaaaaa     w  ",
      " a  a  a     w  ",
      " a  a  a     w  ",
      " abb=  a     w  ",
      " aaaaaaaaaaaaaa ",
      "                "
    ],
    [
      "                ",
      " a              ",
      " a              ",
      " a              ",
      " ahhhhhhhhhhhx  ",
      " a           w  ",
      " a           w  ",
      " a  EFE FEE  w  ",
      " a           w  ",
      " a           w  ",
      " aaaaaaa     w  ",
      " a  a  a     w  ",
      " a  a  a     w  ",
      " abb=  a     w  ",
      " aaaaaaaaaaaaaa ",
      "                "
    ],
    [
      "                ",
      " a              ",
      " a              ",
      " a              ",
      " aAAAAAAAAAAAA  ",
      " aIIIIIIIIIIIA  ",
      " aIIIIIIIIIIIA  ",
      " aIIIIIIIIIIIA  ",
      " aIIIIIIIIIIIA  ",
      " aIIIIIIIIIIIA  ",
      " aaaaaaaIIIIIA  ",
      " aIIaIIaIIIIIA  ",
      " aIIaIIaIIIIIA  ",
      " abb=IIaIIIIIA  ",
      " aaaaaaaaaaaaaa ",
      "                "
    ]
  ]
}