{
  "name": "building_hotel2_floor1_270",
  "refpalette": "c70cities:building_hotel2_floor1_palette_270",
  "xsize": 16,
  "zsize": 16,
  "slices": [
    [
      "                ",
      " aaaaaaaaaaaaaa ",
      "  dcccccccc=bba ",
      "  dccccccccccca ",
      "  dccccccc!ccca ",
      "  dccccccccccca ",
      "  dccccccccccca ",
      "  dccccccccccca ",
      "  dccccccccccca ",
      "  dccccccccccca ",
      "  dcccccccccc!a ",
      "  dddddddddddda ",
      "              a ",
      "              a ",
      "              a ",
      "                "
    ],
    [
      "                ",
      " aaaaaaaaaaaaaa ",
      "  w ===#ank=bba ",
      "  w =q= aola  a ",
      "  w     p ga  a ",
      "  w     aaaaiea ",
      "  w rr  j     a ",
      "  w ss        a ",
      "  w tt    m  fa ",
      "  w        j fa ",
      "  w uu  j m jga ",
      "  xhhhhhhhhhhha ",
      "              a ",
      "              a ",
      "              a ",
      "                "
    ],
    [
      "                ",
      " aaaaaaaaaaaaaa ",
      "  w     a  =bba ",
      "  w     a  a  a ",
      "  w     B  a  a ",
      "  w     aaaazya ",
      "  w rr  C     a ",
      "  w           a ",
      "  w        A  a ",
      "  w        A  a ",
      "  w     D  AA a ",
      "  xhhhhhhhhhhha ",
      "              a ",
      "              a ",
      "              a ",
      "                "
    ],
    [
      "                ",
      " aaaaaaaaaaaaaa ",
      "  w     a  =bba ",
      "  w     a  a  a ",
      "  w     a  a  a ",
      "  w     aaaaaaa ",
      "  w     C     a ",
      "  w           a ",
      "  w           a ",
      "  w           a ",
      "  w     D     a ",
      "  xhhhhhhhhhhha ",
      "              a ",
      "              a ",
      "              a ",
      "                "
    ],
    [
      "                ",
      " aaaaaaaaaaaaaa ",
      "  w     a  =bba ",
      "  w     a  a  a ",
      "  w     a  a  a ",
      "  w     aaaaaaa ",
      "  w           a ",
      "  w           a ",
      "  w  EEF EFE  a ",
      "  w           a ",
      "  w           a ",
      "  xhhhhhhhhhhha ",
      "              a ",
      "              a ",
      "              a ",
      "                "
    ],
    [
      "                ",
      " aaaaaaaaaaaaaa ",
      "  AIIIIIaII=bba ",
      "  AIIIIIaIIaIIa ",
      "  AIIIIIaIIaIIa ",
      "  AIIIIIaaaaaaa ",
      "  AIIIIIIIIIIIa ",
      "  AIIIIIIIIIIIa ",
      "  AIIIIIIIIIIIa ",
      "  AIIIIIIIIIIIa ",
      "  AIIIIIIIIIIIa ",
      "  AAAAAAAAAAAAa ",
      "              a ",
      "              a ",
      "              a ",
      "                "
    ]
  ]
}