{
  "name": "building_hotel1_floor2_90",
  "refpalette": "c70cities:building_hotel1_floor2_palette_90",
  "xsize": 16,
  "zsize": 16,
  "slices": [
    [
      "                ",
      " aaaaaaaaffffaa ",
      " abbbcbbbbbbbba ",
      " abbbcbbbbbbbbd ",
      " abbbcbbbbbbbbd ",
      " abbbcdbbbbbbbd ",
      " abbbc   ecccbd ",
      " abbbc    cbbbd ",
      " abbbc    cbbba ",
      " abbbc    cbbba ",
      " abbbccccccbbba ",
      " abbbbbbbbbbbba ",
      " abbbbbbbbbbbba ",
      " abbbbbbbbbbbba ",
      " aaaaadddddddaa ",
      "                "
    ],
    [
      "                ",
      " aaaaaaaattttaa ",
      " a   a  m    ma ",
      " ak  p      Dea ",
      " a   a      Dea ",
      " a  no rs   eea ",
      " aj  a   daaaaa ",
      " ai =a   eayCEa ",
      " ai =a   eaxB a ",
      " ah  a    awA a ",
      " a  noaaaao   a ",
      " a   #=qq=auz a ",
      " agm      auz a ",
      " a l          a ",
      " aaaaaaaaaaaaaa ",
      "                "
    ],
    [
      "                ",
      " aaaaaaaattttaa ",
      " a   a  L    Oa ",
      " a   J        a ",
      " a   a        a ",
      " a  no        a ",
      " a   a    aaaaa ",
      " a  Ia    a   P ",
      " a   a   da   P ",
      " a   a  eeatN P ",
      " a  noaaaao   P ",
      " a    K  Ma   P ",
      " a F      a   P ",
      " a            a ",
      " aaaaattttaaaaa ",
      "                "
    ],
    [
      "                ",
      " aaaaaaaattttaa ",
      " a   a  L    Oa ",
      " a   a        a ",
      " a   a        a ",
      " aQ  o        a ",
      " a   a    aaaaa ",
      " a   a    a   a ",
      " a   a    a   a ",
      " a   aeed atN a ",
      " aQ  oaaaaoQ  a ",
      " a     DD a   a ",
      " a        a   a ",
      " a        a   a ",
      " aaaaaaaaaaaaaa ",
      "                "
    ],
    [
      "                ",
      " aaaaaaaattttaa ",
      " a   a        a ",
      " a   a        a ",
      " a   a        a ",
      " aR  o        a ",
      " a   a    aaaaa ",
      " a   ae   a   P ",
      " a   ae   a   P ",
      " a   ad   attta ",
      " aR  oaaaaoR  a ",
      " a        a   a ",
      " a        a   a ",
      " a        a   a ",
      " aattaaaaaaaaaa ",
      "                "
    ],
    [
      "                ",
      " aaaaaaaaffffaa ",
      " aTTTaTTTTTTTTa ",
      " aTTTaTTTTTTTTa ",
      " aTTTaTTTTTTTTa ",
      " aTTToTTTTTTTTa ",
      " aTTTae   aaaaa ",
      " aTTTad   aTTTa ",
      " aTTTa    aTTTa ",
      " aTTTa    aTTTa ",
      " aTTToaaaaoTTTa ",
      " aTTTTTTTTTTTTa ",
      " aTTTTTTTTTTTTa ",
      " aTTTTTTTTTTTTa ",
      " aaaaaaaaaaaaaa ",
      "                "
    ]
  ]
}