{
  "name": "building_carservice1_base1_180",
  "refpalette": "c70cities:building_carservice1_base1_palette_180",
  "xsize": 16,
  "zsize": 16,
  "slices": [
    [
      "vvvvvvvvvvvvvvvv",
      "vaaaaaaaaaaaaaav",
      "vaaaaaaaaaaa==av",
      "vaaaaaaaaaaa==av",
      "vaaaaaaaaaaa==av",
      "vaaaaaaaaaaa==av",
      "vaaaaa!aaaaaaaav",
      "vaaaaaaaaaaaaaav",
      "vaaaaaaaaaaaaaav",
      "vaaaaaaaaaaaaaav",
      "vaaaaaaaaaaaaaav",
      "vaaaaaaaaaaaaaav",
      "vaaaaaaaaaaaaaav",
      "vaaaaaaaaaaaaaav",
      "vaaaaaaaaaaaaaav",
      "vvvvvvvvvvvvvvvv"
    ],
    [
      "vvvvvvvvvvvvvvvv",
      "vbbbbbwbbbbbvvvv",
      "vbuttsr qq b pvv",
      "vb    o    n  vv",
      "vb         n  vv",
      "vb         n  vv",
      "vblml bkj  biivv",
      "vbccc gh   b==vv",
      "vbfcfeg    b==vv",
      "vbccc bb  bb==vv",
      "vbc#c bd  d===vv",
      "vbfcfeb! dd===vv",
      "vbccc bvvvvvvvvv",
      "vb    bvvvvvvvvv",
      "vbbbbbbvvvvvvvvv",
      "vvvvvvvvvvvvvvvv"
    ],
    [
      "vvvvvvvvvvvvvvvv",
      "vbbbbbwbbbbbvvvv",
      "vb    r    b pvv",
      "vb    o    n  vv",
      "vb         n  vv",
      "vb         n  vv",
      "vb    b    b  vv",
      "vbFJF g    b  vv",
      "vbFIF g    biivv",
      "vbEDC bb  bb==vv",
      "vbB A b    ===vv",
      "vbyzy bd   ===vv",
      "vbxxx bvvvvvvvvv",
      "vb    bvvvvvvvvv",
      "vbbbbbbvvvvvvvvv",
      "vvvvvvvvvvvvvvvv"
    ],
    [
      "vvvvvvvvvvvvvvvv",
      "vbbbbbwbbbbbvvvv",
      "vb    r    bKKvv",
      "vb    o    n  vv",
      "vb         n  vv",
      "vb         n  vv",
      "vb    b    b  vv",
      "vb    g    b  vv",
      "vb    g    b  vv",
      "vbFJF bbbbbb  vv",
      "vbFIF b    =iivv",
      "vb J  b    =iivv",
      "vb    bvvvvvvvvv",
      "vb    bvvvvvvvvv",
      "vbbbbbbvvvvvvvvv",
      "vvvvvvvvvvvvvvvv"
    ],
    [
      "vvvvvvvvvvvvvvvv",
      "vbbbbbbbbbbbvvvv",
      "vb    b    bKKvv",
      "vb    b    b  vv",
      "vb    b    b  vv",
      "vb    b    b  vv",
      "vb    b    b  vv",
      "vb    b    b  vv",
      "vb    b    b  vv",
      "vb    bbbbbb  vv",
      "vb    b===i   vv",
      "vb    b===i   vv",
      "vb    bvvvvvvvvv",
      "vb    bvvvvvvvvv",
      "vbbbbbbvvvvvvvvv",
      "vvvvvvvvvvvvvvvv"
    ],
    [
      "vvvvvvvvvvvvvvvv",
      "vbbbbbbbbbbbvvvv",
      "vbLMM bMMMMbNNvv",
      "vbMMMMbMMMMbNNvv",
      "vbMMMMbMMMMbNNvv",
      "vbMMMMbMMMMbNNvv",
      "vbMMMMbMMMMbNNvv",
      "vbMMMMbMMMMbNNvv",
      "vbOMMLbMMMMbNNvv",
      "vbMMMMbbbbbb  vv",
      "vbMMMMb=i     vv",
      "vbMMMMb=i     vv",
      "vbMMMMbvvvvvvvvv",
      "vb MMLbvvvvvvvvv",
      "vbbbbbbvvvvvvvvv",
      "vvvvvvvvvvvvvvvv"
    ]
  ]
}