{
  "name": "building_carservice1_floor1_180",
  "refpalette": "c70cities:building_carservice1_floor1_palette_180",
  "xsize": 16,
  "zsize": 16,
  "slices": [
    [
      "                ",
      "    eeaeeeaeeea ",
      "   ddjfggggggfe ",
      "  ddcffgighbgfe ",
      " edcfffgighbgfe ",
      " ecffffggg!hgfe ",
      " effffffffffffe ",
      " effffffffffffe ",
      " ecccccccccccce ",
      " eadddadddaccca ",
      "         Hbbbb  ",
      "         Hbbbb  ",
      "            bb  ",
      "            bb  ",
      "  a   a   a   a ",
      "                "
    ],
    [
      "                ",
      "    eeaeeeaeeea ",
      "   ppjymumt   e ",
      "  pp   uxu    p ",
      " ep    uxu    p ",
      " e     wumt  sp ",
      " er          sp ",
      " er   q       p ",
      " eooonm       e ",
      " eaeeeaeeeallla ",
      "      SHb     S ",
      "      kHb     k ",
      "      k       k ",
      "      k       k ",
      "  a   akkkakkka ",
      "                "
    ],
    [
      "                ",
      "    eeaeeeaeeea ",
      "   ppjIDFD    e ",
      "  pp   C E    p ",
      " ep           p ",
      " e     EDC    p ",
      " p      B     p ",
      " p            p ",
      " p AA         e ",
      " eaeeeaeeeallla ",
      "     Hb         ",
      "     Hb         ",
      "      z         ",
      "      a         ",
      "  a   a   a   a ",
      "                "
    ],
    [
      "                ",
      "    eeaeeeaeeea ",
      "   ppj K K    e ",
      "  pp   J J    p ",
      " ep    J J    p ",
      " e     JJJ    p ",
      " e            p ",
      " e            p ",
      " e            e ",
      " eaeeeaeeeallla ",
      "   bb           ",
      "   bb           ",
      "   bbbbH        ",
      "   bbbbH        ",
      "  a   a   a   a ",
      "                "
    ],
    [
      "                ",
      "    eeaeeeaeeea ",
      "   ppj        e ",
      "  pp          L ",
      " ep           L ",
      " e            L ",
      " e            L ",
      " e            L ",
      " e            e ",
      " eaeeeaeeeaeeea ",
      "  k       k     ",
      "  k       k     ",
      "  k     bHk     ",
      "  S     bHS     ",
      "  akkkakkka   a ",
      "                "
    ],
    [
      "                ",
      "    eeaeeeaeeea ",
      "   ppj kkkkkkke ",
      "  pp  kkkkkkkke ",
      " ep  kkkkkkkkke ",
      " e  kkkkkkkkkke ",
      " e kkkkkkkkkkke ",
      " e            e ",
      " e            e ",
      " eaeeeaeeeaeeea ",
      "          a     ",
      "          z     ",
      "          bH    ",
      "          bH    ",
      "  a   a   a   a ",
      "                "
    ]
  ]
}