{
  "name": "building_carservice1_floor1_90",
  "refpalette": "c70cities:building_carservice1_floor1_palette_90",
  "xsize": 16,
  "zsize": 16,
  "slices": [
    [
      "                ",
      "      eeeeee    ",
      " a    acffcdd   ",
      "      dcfffcdd  ",
      "      dcffffcde ",
      "      dcfffffje ",
      " a    acffffffa ",
      "      dcffgggge ",
      "      dcffgiige ",
      "    HHdcffgggge ",
      " a  bbacff!hhga ",
      "    bbccffhbbge ",
      "  bbbbccffgggge ",
      "  bbbbccffffffe ",
      " a    aeeeeeeea ",
      "                "
    ],
    [
      "                ",
      "      eeeeee    ",
      " a    aorr pp   ",
      "      eo    pp  ",
      "      eo     pe ",
      "      en     je ",
      " akkkSamq    ya ",
      " k  HHe   wuume ",
      " k  bbe   uxxue ",
      " k    e   muume ",
      " a    a   t  ta ",
      " k    l       e ",
      " k    l       e ",
      " k    l  ss   e ",
      " akkkSaepppppea ",
      "                "
    ],
    [
      "                ",
      "      epppee    ",
      " a    a    pp   ",
      "      eA    pp  ",
      "      eA     pe ",
      "    HHe      je ",
      " aazbba      Ia ",
      "      e   E CDe ",
      "      e  BD  Fe ",
      "      e   C EDe ",
      " a    a       a ",
      "      l       e ",
      "      l       e ",
      "      l       e ",
      " a    aepppppea ",
      "                "
    ],
    [
      "                ",
      "      eeeeee    ",
      " a    a    pp   ",
      "  bbbbe     pp  ",
      "  bbbbe      pe ",
      "  bb  e      je ",
      " abb  a       a ",
      "  HH  e   JJJKe ",
      "      e   J   e ",
      "      e   JJJKe ",
      " a    a       a ",
      "      l       e ",
      "      l       e ",
      "      l       e ",
      " a    aepppppea ",
      "                "
    ],
    [
      "                ",
      "      eeeeee    ",
      " aSkkka    pp   ",
      " k    e     pp  ",
      " k    e      pe ",
      " k    e      je ",
      " a    a       a ",
      " k    e       e ",
      " kbb  e       e ",
      " kHH  e       e ",
      " aSkkka       a ",
      "      e       e ",
      "      e       e ",
      "      e       e ",
      " a    aeLLLLLea ",
      "                "
    ],
    [
      "                ",
      "      eeeeee    ",
      " a    a    pp   ",
      "      e  k  pp  ",
      "      e  kk  pe ",
      "      e  kkk je ",
      " a    a  kkkk a ",
      "      e  kkkkke ",
      "      e  kkkkke ",
      "      e  kkkkke ",
      " abbzaa  kkkkka ",
      "  HH  e  kkkkke ",
      "      e  kkkkke ",
      "      e  kkkkke ",
      " a    aeeeeeeea ",
      "                "
    ]
  ]
}