{
  "name": "building_hotel1_floor2_270",
  "refpalette": "c70cities:building_hotel1_floor2_palette_270",
  "xsize": 16,
  "zsize": 16,
  "slices": [
    [
      "                ",
      " aadddddddaaaaa ",
      " abbbbbbbbbbbba ",
      " abbbbbbbbbbbba ",
      " abbbbbbbbbbbba ",
      " abbbccccccbbba ",
      " abbbc    cbbba ",
      " abbbc    cbbba ",
      " dbbbc    cbbba ",
      " dbccce   cbbba ",
      " dbbbbbbbdcbbba ",
      " dbbbbbbbbcbbba ",
      " dbbbbbbbbcbbba ",
      " abbbbbbbbcbbba ",
      " aaffffaaaaaaaa ",
      "                "
    ],
    [
      "                ",
      " aaaaaaaaaaaaaa ",
      " a          l a ",
      " a wsa      mga ",
      " a wsa=qq=#   a ",
      " a   oaaaaon  a ",
      " a ffa    a  ha ",
      " a xtae   a= ia ",
      " aAyuae   a= ia ",
      " aaaaad   a  ja ",
      " aee   rr on  a ",
      " aez      a   a ",
      " aez      p  ka ",
      " am    m  a   a ",
      " aaffffaaaaaaaa ",
      "                "
    ],
    [
      "                ",
      " aaaaaffffaaaaa ",
      " a            a ",
      " f   a      B a ",
      " f   aI  E    a ",
      " f   oaaaaon  a ",
      " f ffaee  a   a ",
      " f   ad   a   a ",
      " f   a    aC  a ",
      " aaaaa    a   a ",
      " a        on  a ",
      " a        a   a ",
      " a        D   a ",
      " aF    F  a   a ",
      " aaffffaaaaaaaa ",
      "                "
    ],
    [
      "                ",
      " aaaaaaaaaaaaaa ",
      " a   a        a ",
      " a   a        a ",
      " a   a zz     a ",
      " a  Ioaaaao  Ia ",
      " a ffa deea   a ",
      " a   a    a   a ",
      " a   a    a   a ",
      " aaaaa    a   a ",
      " a        o  Ia ",
      " a        a   a ",
      " a        a   a ",
      " aF    F  a   a ",
      " aaffffaaaaaaaa ",
      "                "
    ],
    [
      "                ",
      " aaaaaaaaaaffaa ",
      " a   a        a ",
      " a   a        a ",
      " a   a        a ",
      " a  Joaaaao  Ja ",
      " afffa   da   a ",
      " f   a   ea   a ",
      " f   a   ea   a ",
      " aaaaa    a   a ",
      " a        o  Ja ",
      " a        a   a ",
      " a        a   a ",
      " a        a   a ",
      " aaffffaaaaaaaa ",
      "                "
    ],
    [
      "                ",
      " aaaaaaaaaaaaaa ",
      " aKKKKKKKKKKKKa ",
      " aKKKKKKKKKKKKa ",
      " aKKKKKKKKKKKKa ",
      " aKKKoaaaaoKKKa ",
      " aKKKa    aKKKa ",
      " aKKKa    aKKKa ",
      " aKKKa   daKKKa ",
      " aaaaa   eaKKKa ",
      " aKKKKKKKKoKKKa ",
      " aKKKKKKKKaKKKa ",
      " aKKKKKKKKaKKKa ",
      " aKKKKKKKKaKKKa ",
      " aaffffaaaaaaaa ",
      "                "
    ]
  ]
}