{
  "name": "building_bank1_floor2_90",
  "refpalette": "c70cities:building_bank1_floor2_palette_90",
  "xsize": 16,
  "zsize": 16,
  "slices": [
    [
      "                ",
      "   fbbh  fbbh   ",
      "  SddddSdddddS  ",
      " cddddddddddddj ",
      " bddddddddddddb ",
      " bdddddd!dddddb ",
      " addddddddddddi ",
      "  ddd!dddddddS  ",
      "  Sddddddddddd  ",
      " cddddddddddddj ",
      " bddddddddddddb ",
      " bddddddddddddb ",
      " addd     ddddi ",
      "  SdddddSddddS  ",
      "   ebbg  ebbg   ",
      "                "
    ],
    [
      "                ",
      "  fbbh  fbbh    ",
      "  kkkklkkkkklkj ",
      "  l     m    kb ",
      " ck p x m pC kb ",
      " bk otw m B  ki ",
      " bk     m Ax l  ",
      " akmmmm y    k  ",
      "  k nn    mmmkj ",
      "  l          kb ",
      " ck          kb ",
      " bk  suuuz   ki ",
      " bk  r       l  ",
      " aklkqkkklkkkk  ",
      "    ebbg  ebbg  ",
      "                "
    ],
    [
      "                ",
      " Ebbh  fbbh  fK ",
      " akkklkkkkklkkb ",
      "  k     m    kb ",
      "  l     m    ki ",
      " ck     m    l  ",
      " bk     m    k  ",
      " bkmmmm I    kj ",
      " ak       mmmkb ",
      "  k          kb ",
      "  l          ki ",
      " ck  F F F   l  ",
      " bk   r      k  ",
      " bkklkqkkklkkkj ",
      " Dg  ebbg  ebbJ ",
      "                "
    ],
    [
      "                ",
      " Ebh  fbbh  fbK ",
      " bkklkkkkklkkkb ",
      " ak          ki ",
      "  k          l  ",
      "  l          k  ",
      " ck          kj ",
      " bk     L    kb ",
      " bk          kb ",
      " ak          ki ",
      "  k          l  ",
      "  l  F F F   k  ",
      " ck    r     kj ",
      " bkkklkqkkklkkb ",
      " Dbg  ebbg  ebJ ",
      "                "
    ],
    [
      "                ",
      " Nh  fbbh  fbbP ",
      " bklkkkkklkkkki ",
      " bk          l  ",
      " ak          k  ",
      "  k          kj ",
      "  l          kb ",
      " ck          kb ",
      " bk          ki ",
      " bk          l  ",
      " ak          k  ",
      "  k  F F F   kj ",
      "  l     r    kb ",
      " ckkkklkqkkklkb ",
      " Mbbg  ebbg  eO ",
      "                "
    ],
    [
      "                ",
      "    fbbh  fbbh  ",
      " clkkkkklkkkkl  ",
      " bkQQQQQQQQQQk  ",
      " bkQQQQQQQQQQkj ",
      " akQQQQQQQQQQkb ",
      "  kQQQQQQQQQQkb ",
      "  lQQQQQQQQQQki ",
      " ckQQQQQQQQQQl  ",
      " bkQQQQQQQQQQk  ",
      " bkQQQQQQQQQQkj ",
      " akQQF F FQQQkb ",
      "  kQQ    rQQQkb ",
      "  lkkkklkqkkkli ",
      "  ebbg  ebbg    ",
      "                "
    ]
  ]
}