{
  "name": "building_apartment1_floor2_180",
  "refpalette": "c70cities:building_apartment1_floor2_palette_180",
  "xsize": 16,
  "zsize": 16,
  "slices": [
    [
      "                ",
      "      aaaaaaaaa ",
      "  ihgdbbbbbbbba ",
      "  ef  bbbbbbbba ",
      "  ebb bbbbbbbba ",
      "  dbbcbbbbbbbba ",
      " abbbbbbbbbbbba ",
      " abbbbbbbbbbbba ",
      " abbbbbbbbbbbba ",
      " abbbbbbbbbbbba ",
      " abbbbbbbbbbbba ",
      " abbbbbbbbbbbba ",
      " abbbbbbbbbbbba ",
      " abbbbbbbbbbbba ",
      " aaaaaaaaaaaaaa ",
      "                "
    ],
    [
      "                ",
      "      VVVVVVVVU ",
      "  ddTTp      Rm ",
      "  dQ  pP L   Om ",
      "  dN  pM L   Km ",
      "  d   p     Jqm ",
      " spIpppFFE Bppm ",
      " s  D      D  m ",
      " sCCp      Bqrm ",
      " sppppppxpApppm ",
      " szy     p zy m ",
      " s   wwxwp    m ",
      " st  p   u tt m ",
      " son!p rqp#oonm ",
      " lkkkkkkkkkkkkj ",
      "                "
    ],
    [
      "                ",
      "      p&*****&% ",
      "  ddddp      $3 ",
      "  dN@ p8     93 ",
      "  T   p8      3 ",
      "  h   p     7 3 ",
      " pp6ppp    Bpp1 ",
      " p  5      5  3 ",
      " p  p      B 43 ",
      " ppppppp0p2ppp1 ",
      " p       p    p ",
      " W   ww0wp    W ",
      " W   p   Z    W ",
      " W   p Y p   XW ",
      " pppppppppppppp ",
      "                "
    ],
    [
      "                ",
      "      p&*****&% ",
      "  ,'ddp ;:`|\\ W ",
      "  d }Qp{      W ",
      "  d   p{      W ",
      "  d   p       3 ",
      " pppppp    Bpp1 ",
      " W  p      B  W ",
      " W  p      B  W ",
      " ppppppppppppp1 ",
      " p       p    p ",
      " W]  wwwwp   [W ",
      " W-  p   p   +W ",
      " W)  p   p   (W ",
      " pp**pp**pp**pp ",
      "                "
    ],
    [
      "                ",
      "      p&&&&&&&% ",
      "  dTTep       3 ",
      "  '  }p       3 ",
      "  '  /p       3 ",
      "  '   p       3 ",
      " pppppp  . Bpp1 ",
      " 3 fp      B  3 ",
      " 3  p      B  3 ",
      " ppppppppppppp1 ",
      " p       p    p ",
      " 3   wwwwp    3 ",
      " 3   p   p    3 ",
      " 3   p   p    3 ",
      " ppkkppkkppkkpp ",
      "                "
    ],
    [
      "                ",
      "      ppppppppp ",
      "  ddddpdddddddp ",
      "  d   pdddddddp ",
      "  d  cpdddddddp ",
      "  d  Qpdddddddp ",
      " ppppppdddddddp ",
      " pddpddddddd<<p ",
      " pddpddddddd<<p ",
      " pppppppppppppp ",
      " pdddddddpddddp ",
      " pdddddddpddddp ",
      " pdddd<<<pddddp ",
      " pdddd<<<pddddp ",
      " pppppppppppppp ",
      "                "
    ]
  ]
}