{
  "name": "building_carservice1_floor1",
  "refpalette": "c70cities:building_carservice1_floor1_palette",
  "xsize": 16,
  "zsize": 16,
  "slices": [
    [
      "                ",
      " a   a   a   a  ",
      "  bb            ",
      "  bb            ",
      "  bbbbH         ",
      "  bbbbH         ",
      " acccadeeaeeeaf ",
      " fccccccccccccf ",
      " fggggggggggggf ",
      " fggggggggggggf ",
      " fghi!hhhggggcf ",
      " fghbihjhgggckf ",
      " fghbihjhggckl  ",
      " fghhhhhhgmkl   ",
      " afffafffaff    ",
      "                "
    ],
    [
      "                ",
      " annnannna   a  ",
      " n       n      ",
      " n       n      ",
      " n     bHn      ",
      " S     bHS      ",
      " ao  afffafffaf ",
      " f       pqrrrf ",
      " s       t   uf ",
      " sw          uf ",
      " sw  xpyz     f ",
      " s    yAy    Bf ",
      " s    yAy   BC  ",
      " f   xpypDmBC   ",
      " afffafffaff    ",
      "                "
    ],
    [
      "                ",
      " a   a   a   a  ",
      "         a      ",
      "         E      ",
      "         bH     ",
      "         bH     ",
      " aoo afffafffaf ",
      " f         FI s ",
      " s            s ",
      " s     J      s ",
      " s    KLM     f ",
      " s           Bf ",
      " s    M K   BC  ",
      " f    LNLOmBC   ",
      " afffafffaff    ",
      "                "
    ],
    [
      "                ",
      " a   a   a   a  ",
      "        Hbbbb   ",
      "        Hbbbb   ",
      "           bb   ",
      "           bb   ",
      " aoooafffafffaf ",
      " f            f ",
      " s            f ",
      " s            f ",
      " s    PQR     f ",
      " s    T T    Bf ",
      " s    U U   BC  ",
      " f    V V mBC   ",
      " afffafffaff    ",
      "                "
    ],
    [
      "                ",
      " a   annnannna  ",
      "     SHb     S  ",
      "     nHb     n  ",
      "     n       n  ",
      "     n       n  ",
      " afffafffafffaf ",
      " f            f ",
      " W            f ",
      " W            f ",
      " W            f ",
      " W           Bf ",
      " W          BC  ",
      " f        mBC   ",
      " afffafffaff    ",
      "                "
    ],
    [
      "                ",
      " a   a   a   a  ",
      "    Hb          ",
      "    Hb          ",
      "     E          ",
      "     a          ",
      " afffafffafffaf ",
      " f            f ",
      " f            f ",
      " fnnnnnnnnnnn f ",
      " fnnnnnnnnnn  f ",
      " fnnnnnnnnn  Bf ",
      " fnnnnnnnn  BC  ",
      " fnnnnnnn mBC   ",
      " afffafffaff    ",
      "                "
    ]
  ]
}