{
  "name": "building_apartment1_floor1_90",
  "refpalette": "c70cities:building_apartment1_floor1_palette_90",
  "xsize": 16,
  "zsize": 16,
  "slices": [
    [
      "                ",
      " aaaaaaaaa      ",
      " abbbbbbbbdeei  ",
      " abbbbbbbbbbfh  ",
      " abbbbbbbbbb g  ",
      " abbbbbbbbc  d  ",
      " abbbbbbbbbbbba ",
      " abbbbbbbbbbbba ",
      " abbbbbbbbbbbba ",
      " abbbbbbbbbbbba ",
      " abbbbbbbbbbbba ",
      " abbbbbbbbbbbba ",
      " abbbbbbbbbbbba ",
      " abbbbbbbbbbbba ",
      " aaaaaaaaaaaaaa ",
      "                "
    ],
    [
      "                ",
      " lssssssss      ",
      " kot zpC pdddd  ",
      " kn  ypC I NQd  ",
      " k#   ppDp   T  ",
      " kppw p  p   T  ",
      " k  w p  pppppV ",
      " kr x p  F MP!V ",
      " kq w x  F    V ",
      " kpuppp  E LL V ",
      " k    A       V ",
      " kot zpBDB    V ",
      " kot ypq pJ   V ",
      " kn   pr pqKORV ",
      " jmmmmmmmmmmmmU ",
      "                "
    ],
    [
      "                ",
      " pWWWppppp      ",
      " p    p  phTdd  ",
      " p    p  6  Nd  ",
      " p    pp5p  @d  ",
      " pppw p  p   d  ",
      " p  w p  pppppp ",
      " pY 0 p    88 & ",
      " p  w 0       * ",
      " ppZppp       * ",
      " p    2       * ",
      " p    pB5B    * ",
      " p    p  p7   * ",
      " pX   p4 p  9$& ",
      " pWWWp13313333% ",
      "                "
    ],
    [
      "                ",
      " pWWWppWWp      ",
      " p)-] p  pddd'  ",
      " *    p  p   ;  ",
      " *    pppp  \\d  ",
      " pppw p  p  Qd  ",
      " p  w p  pppppp ",
      " *  w p    }} & ",
      " *  w p      :* ",
      " pppppp  {   :* ",
      " p    p      `* ",
      " *    pBBB   |* ",
      " *    p  p   |* ",
      " p(+[ p  p    & ",
      " pWWWp1WW13WWW% ",
      "                "
    ],
    [
      "                ",
      " p333pp33p      ",
      " p    p  p;;;d  ",
      " k    p fp   T  ",
      " k    pppp   T  ",
      " pppw p  p ,\\e  ",
      " p  w p  pppppp ",
      " k  w p       & ",
      " k  w p       & ",
      " pppppp  f    & ",
      " p    p       & ",
      " k    pBBB    & ",
      " k    p  p    & ",
      " p    p  p    & ",
      " p333p13313333% ",
      "                "
    ],
    [
      "                ",
      " ppppppppp      ",
      " pddddpddpdddd  ",
      " pddddpddp   d  ",
      " pddddpppp   d  ",
      " pddddpddpQc d  ",
      " p..ddpddpppppp ",
      " p..ddpdddddddp ",
      " p..ddpdddddddp ",
      " ppppppdddddddp ",
      " pddddpdddddddp ",
      " pddddpdddddddp ",
      " pddddp..dddddp ",
      " pddddp..dddddp ",
      " pppppppppppppp ",
      "                "
    ]
  ]
}