{
  "name": "building_bank1_floor1",
  "refpalette": "c70cities:building_bank1_floor1_palette",
  "xsize": 16,
  "zsize": 16,
  "slices": [
    [
      "                ",
      "   abbc  abbc   ",
      "  SddddSdddddS  ",
      " eddddddddddddf ",
      " bddddddddddddb ",
      " bd ddddddddddb ",
      " gd ddddddddddh ",
      "  d dddddddddS  ",
      "  S dddddddddd  ",
      " ed ddddddddddf ",
      " bddddddddddddb ",
      " bddddddddddddb ",
      " gddddddddddddh ",
      "  SdddddSddddS  ",
      "   ibbj  ibbj   ",
      "                "
    ],
    [
      "                ",
      "  abbc  abbc    ",
      "  kkkklkkkkklkf ",
      "  l    m    nkb ",
      " ek    o     kb ",
      " bpqr  b     kh ",
      " bk s  btt   l  ",
      " gk s  buw   k  ",
      "  k s xby    kf ",
      "  l z Aby B Ckb ",
      " ek   xby D Ckb ",
      " bk   xb#    kh ",
      " bk    b     l  ",
      " gklkkkkklkkkk  ",
      "    ibbj  ibbj  ",
      "                "
    ],
    [
      "                ",
      " Ebbc  abbc  aF ",
      " gkkklkkkkklkkb ",
      "  k    I    nkb ",
      "  l    J     kh ",
      " ek K  b     l  ",
      " bpq   btL   k  ",
      " bk K  b     kf ",
      " gk    b     kb ",
      "  k K Mb     kb ",
      "  l    b     kh ",
      " ek    b     l  ",
      " bk    b     k  ",
      " bkklkkkkklkkkf ",
      " Nj  ibbj  ibbO ",
      "                "
    ],
    [
      "                ",
      " Ebc  abbc  abF ",
      " bkklkkkkklkkkb ",
      " gk    b    nkh ",
      "  k    b     l  ",
      "  l K  b     k  ",
      " e     btt   kf ",
      " bpqK  b     kb ",
      " bk    b     kb ",
      " gk K Mb     kh ",
      "  k    b     l  ",
      "  l    b     k  ",
      " ek    b     kf ",
      " bkkklkkkkklkkb ",
      " Nbj  ibbj  ibO ",
      "                "
    ],
    [
      "                ",
      " Pc  abbc  abbQ ",
      " bklkkkkklkkkkh ",
      " bk    b     l  ",
      " gk    b     k  ",
      "  k K  b     kf ",
      "  l    b     kb ",
      " e  K  b     kb ",
      " bpq   b     kh ",
      " bk K  b     l  ",
      " gk    b     k  ",
      "  k    b     kf ",
      "  l    b     kb ",
      " ekkkklkkkkklkb ",
      " Rbbj  ibbj  iT ",
      "                "
    ],
    [
      "                ",
      "    abbc  abbc  ",
      " elkkkkklkkkkl  ",
      " bkUUUUbUUUUUk  ",
      " bkUUUUbUUUUUkf ",
      " gk KUUbUUUUUkb ",
      "  k  UUbUUUUUkb ",
      "  l KUUbUVVVUkh ",
      " e   UUbUV!VUl  ",
      " bpqKUUbUV!VUk  ",
      " bkUUUUbUVVVUkf ",
      " gkUUUUbUUUUUkb ",
      "  kUUUUbUUUUUkb ",
      "  lkkkklkkkkklh ",
      "  ibbj  ibbj    ",
      "                "
    ]
  ]
}