{
  "name": "building_hotel1_top_180",
  "refpalette": "c70cities:building_hotel1_top_palette_180",
  "xsize": 16,
  "zsize": 16,
  "slices": [
    [
      "                ",
      " aadddddaaaaaaa ",
      " a^bbbbbbbbbb^a ",
      " ebccccbbccccbd ",
      " ebccccbbccccbd ",
      " ebccbbbbbbccbd ",
      " ebccb    bccbd ",
      " ebbbb    bbbbd ",
      " abbbb    bbbbd ",
      " abbbd    bccbd ",
      " abbbbbbbbbccba ",
      " abccccbbccccba ",
      " abccccbbccccba ",
      " a^bbbbbbbbbb^a ",
      " aaaaaaaaaaaaaa ",
      "                "
    ],
    [
      "                ",
      " aaaaaaaaaaaaaa ",
      " a            a ",
      " k            a ",
      " k            a ",
      " k   mggggl   a ",
      " k   i    i   a ",
      " k   i    i   a ",
      " k   j    i   a ",
      " a        i   a ",
      " a   hggggf   a ",
      " a            a ",
      " a            a ",
      " a #          a ",
      " aaaaaaaaaaaaaa ",
      "                "
    ],
    [
      "                ",
      " aaaaaannnnnnaa ",
      " a            a ",
      " k            a ",
      " k            a ",
      " k            a ",
      " k            k ",
      " k            k ",
      " k            k ",
      " k            k ",
      " a            a ",
      " a            a ",
      " a            a ",
      " a            a ",
      " aaaaaaaaaaaaaa ",
      "                "
    ],
    [
      "                ",
      " aaaaaaaaaaaaaa ",
      " a            a ",
      " k            a ",
      " k            a ",
      " k            a ",
      " k            a ",
      " k            a ",
      " k            a ",
      " k            a ",
      " k            a ",
      " a            a ",
      " a            a ",
      " a            a ",
      " aaaaaaaaaaaaaa ",
      "                "
    ],
    [
      "                ",
      " aaaaaaaaaaaaaa ",
      " aooooooooooooa ",
      " ooppppppppppoa ",
      " ooppppppppppoa ",
      " ooppppppppppoa ",
      " ooppppppppppoa ",
      " ooppppppppppoa ",
      " ooppppppppppoa ",
      " ooppppppppppoa ",
      " ooppppppppppoa ",
      " ooppppppppppoa ",
      " aoppppppppppoa ",
      " aooooooooooooa ",
      " aaaaaaaaaaaaaa ",
      "                "
    ],
    [
      "                ",
      " aaaaaaaaaaaaaa ",
      " a            a ",
      "              a ",
      "              a ",
      "              a ",
      "              a ",
      "              a ",
      "              a ",
      "              a ",
      "              a ",
      "              a ",
      "              a ",
      " a            a ",
      " aaaaaaaaaaaaaa ",
      "                "
    ]
  ]
}