{
  "name": "building_bank1_floor2_180",
  "refpalette": "c70cities:building_bank1_floor2_palette_180",
  "xsize": 16,
  "zsize": 16,
  "slices": [
    [
      "                ",
      "   jbbi  jbbi   ",
      "  SddddSdddddS  ",
      " hddddddddddddg ",
      " bddddddddddddb ",
      " bddddddddddddb ",
      " fdddddddddd de ",
      "  ddd!dddddd S  ",
      "  Sddddddddd d  ",
      " hdddddddddd dg ",
      " bddddd!dddd db ",
      " bddddddddddddb ",
      " fdddddddddddde ",
      "  SdddddSddddS  ",
      "   cbba  cbba   ",
      "                "
    ],
    [
      "                ",
      "  jbbi  jbbi    ",
      "  kkkklkkkkklkg ",
      "  l     m    kb ",
      " hk C x m    kb ",
      " bk pBA m    ke ",
      " bk        z l  ",
      " fkmmmmy   u k  ",
      "  k        u kg ",
      "  l xw m   u kb ",
      " hk  t mn  srqb ",
      " bk po mn    ke ",
      " bk    m     l  ",
      " fklkkkkklkkkk  ",
      "    cbba  cbba  ",
      "                "
    ],
    [
      "                ",
      " Kbbi  jbbi  jJ ",
      " fkkklkkkkklkkb ",
      "  k     m    kb ",
      "  l     m    ke ",
      " hk     m    l  ",
      " bk        F k  ",
      " bkmmmmI     kg ",
      " fk        F kb ",
      "  k    m    rqb ",
      "  l    m   F ke ",
      " hk    m     l  ",
      " bk    m     k  ",
      " bkklkkkkklkkkg ",
      " Ea  cbba  cbbD ",
      "                "
    ],
    [
      "                ",
      " Kbi  jbbi  jbJ ",
      " bkklkkkkklkkkb ",
      " fk          ke ",
      "  k          l  ",
      "  l          k  ",
      " hk        F kg ",
      " bk    L     kb ",
      " bk        Frqb ",
      " fk          ke ",
      "  k        F l  ",
      "  l          k  ",
      " hk          kg ",
      " bkkklkkkkklkkb ",
      " Eba  cbba  cbD ",
      "                "
    ],
    [
      "                ",
      " Pi  jbbi  jbbO ",
      " bklkkkkklkkkke ",
      " bk          l  ",
      " fk          k  ",
      "  k          kg ",
      "  l        F kb ",
      " hk         rqb ",
      " bk        F ke ",
      " bk          l  ",
      " fk        F k  ",
      "  k          kg ",
      "  l          kb ",
      " hkkkklkkkkklkb ",
      " Nbba  cbba  cM ",
      "                "
    ],
    [
      "                ",
      "    jbbi  jbbi  ",
      " hlkkkkklkkkkl  ",
      " bkQQQQQQQQQQk  ",
      " bkQQQQQQQQQQkg ",
      " fkQQQQQQQQQQkb ",
      "  kQQQQQQQQFrqb ",
      "  lQQQQQQQQ  ke ",
      " hkQQQQQQQQF l  ",
      " bkQQQQQQQQ  k  ",
      " bkQQQQQQQQF kg ",
      " fkQQQQQQQQQQkb ",
      "  kQQQQQQQQQQkb ",
      "  lkkkklkkkkkle ",
      "  cbba  cbba    ",
      "                "
    ]
  ]
}