{
  "name": "building_carservice1_floor1_180",
  "refpalette": "c70cities:building_carservice1_floor1_palette_180",
  "xsize": 16,
  "zsize": 16,
  "slices": [
    [
      "                ",
      "    ffafffafffa ",
      "   lkmghhhhhhgf ",
      "  lkcgghjhibhgf ",
      " fkcggghjhibhgf ",
      " fcgggghhh!ihgf ",
      " fggggggggggggf ",
      " fggggggggggggf ",
      " fccccccccccccf ",
      " faeeeaeedaccca ",
      "         Hbbbb  ",
      "         Hbbbb  ",
      "            bb  ",
      "            bb  ",
      "  a   a   a   a ",
      "                "
    ],
    [
      "                ",
      "    ffafffafffa ",
      "   CBmDpypx   f ",
      "  CB   yAy    s ",
      " fB    yAy    s ",
      " f     zypx  ws ",
      " fu          ws ",
      " fu   t       s ",
      " frrrqp       f ",
      " fafffafffaoooa ",
      "      SHb     S ",
      "      nHb     n ",
      "      n       n ",
      "      n       n ",
      "  a   annnannna ",
      "                "
    ],
    [
      "                ",
      "    ffafffafffa ",
      "   CBmOLNL    f ",
      "  CB   K M    s ",
      " fB           s ",
      " f     MLK    s ",
      " s      J     s ",
      " s            s ",
      " s IF         f ",
      " fafffafffaoooa ",
      "     Hb         ",
      "     Hb         ",
      "      E         ",
      "      a         ",
      "  a   a   a   a ",
      "                "
    ],
    [
      "                ",
      "    ffafffafffa ",
      "   CBm V V    f ",
      "  CB   U U    s ",
      " fB    T T    s ",
      " f     RQP    s ",
      " f            s ",
      " f            s ",
      " f            f ",
      " fafffafffaoooa ",
      "   bb           ",
      "   bb           ",
      "   bbbbH        ",
      "   bbbbH        ",
      "  a   a   a   a ",
      "                "
    ],
    [
      "                ",
      "    ffafffafffa ",
      "   CBm        f ",
      "  CB          W ",
      " fB           W ",
      " f            W ",
      " f            W ",
      " f            W ",
      " f            f ",
      " fafffafffafffa ",
      "  n       n     ",
      "  n       n     ",
      "  n     bHn     ",
      "  S     bHS     ",
      "  annnannna   a ",
      "                "
    ],
    [
      "                ",
      "    ffafffafffa ",
      "   CBm nnnnnnnf ",
      "  CB  nnnnnnnnf ",
      " fB  nnnnnnnnnf ",
      " f  nnnnnnnnnnf ",
      " f nnnnnnnnnnnf ",
      " f            f ",
      " f            f ",
      " fafffafffafffa ",
      "          a     ",
      "          E     ",
      "          bH    ",
      "          bH    ",
      "  a   a   a   a ",
      "                "
    ]
  ]
}