{
  "name": "building_carservice1_floor2_270",
  "refpalette": "c70cities:building_carservice1_floor2_palette_270",
  "xsize": 16,
  "zsize": 16,
  "slices": [
    [
      "                ",
      " afffffffa    a ",
      " fggggggccbbbb  ",
      " fhhhhggccbbbb  ",
      " fhiihggccbb    ",
      " ahhhhggcabb  a ",
      " f    ggcdHH    ",
      " f   !ggce      ",
      " f    ggce      ",
      " aggggggca    a ",
      " flgggggce      ",
      " fjcggggce      ",
      "  kjcgggce      ",
      "   kjcggca    a ",
      "    ffffff      ",
      "                "
    ],
    [
      "                ",
      " afrrrrrfaSmmma ",
      " f   t        m ",
      " fu  u        m ",
      " fwyyw        m ",
      " au  u   a    a ",
      " fx  x   f    m ",
      " f      nfbb  m ",
      " fx  x  nfHH  m ",
      " a      oaSmmma ",
      " fl     pf      ",
      " fz     qf      ",
      "  Az    qf      ",
      "   Az sp#a    a ",
      "    ffffff      ",
      "                "
    ],
    [
      "                ",
      " afrrrrrfa    a ",
      " fI             ",
      " f EE           ",
      " fJ  E          ",
      " a EE    a    a ",
      " fFFFF   f      ",
      " fFbbF   f      ",
      " fFFFF   f      ",
      " aI     CabbBaa ",
      " fl      fHH    ",
      " fz      f      ",
      "  Az    Df      ",
      "   Az    a    a ",
      "    ffrrrf      ",
      "                "
    ],
    [
      "                ",
      " afrrrrrfa    a ",
      " f       K      ",
      " f       K      ",
      " f       K      ",
      " a       a    a ",
      " f       f      ",
      " f       f      ",
      " f       f  HH  ",
      " a       a  bba ",
      " fl      f  bb  ",
      " fz      fbbbb  ",
      "  Az     fbbbb  ",
      "   Az    a    a ",
      "    ffffff      ",
      "                "
    ],
    [
      "                ",
      " afLLLLLfa    a ",
      " f       f      ",
      " f       f      ",
      " f       f      ",
      " a       ammmSa ",
      " f       f  HHm ",
      " f       f  bbm ",
      " f       f    m ",
      " a       a    a ",
      " fl      f    m ",
      " fz      f    m ",
      "  Az     f    m ",
      "   Az    ammmSa ",
      "    ffffff      ",
      "                "
    ],
    [
      "                ",
      " afffffffa    a ",
      " fmmmmm  f      ",
      " fmmmmm  f      ",
      " fmmmmm  f  HH  ",
      " ammmmm  aaBbba ",
      " fmmmmm  f      ",
      " fmmmmm  f      ",
      " fmmmmm  f      ",
      " a mmmm  a    a ",
      " fl mmm  f      ",
      " fz  mm  f      ",
      "  Az  m  f      ",
      "   Az    a    a ",
      "    ffffff      ",
      "                "
    ]
  ]
}