{
  "name": "building_hotel1_floor1_270",
  "refpalette": "c70cities:building_hotel1_floor1_palette_270",
  "xsize": 16,
  "zsize": 16,
  "slices": [
    [
      "                ",
      " aadddddddaaaaa ",
      " abbbbbbbbcbbba ",
      " abbbbbbbbcbbba ",
      " abbbbbbbbcbbba ",
      " abbbbbbbbcbbba ",
      " abbbb    cbbba ",
      " abbbb    cbbba ",
      " dbbbb    cbbba ",
      " dbbbbe   cbbba ",
      " dbbbbbbbdcbbba ",
      " dbbbbbbbbcbbba ",
      " dbbbbbbbbcbbba ",
      " abbbbbbbbcbbba ",
      " aaffffaaaaaaaa ",
      "                "
    ],
    [
      "                ",
      " aaaaaaaaaaaaaa ",
      " ao   o o ai ga ",
      " ar    r  ai  a ",
      " ap   p p aj  a ",
      " a        aj  a ",
      " ao       aj  a ",
      " ar   e   ak  a ",
      " ap   e   al  a ",
      " a    d   a   a ",
      " ao    sq a   a ",
      " ar          ha ",
      " ap       nm ha ",
      " ar    r  n  ha ",
      " aattttaaaaaaaa ",
      "                "
    ],
    [
      "                ",
      " aaaaattttaaaaa ",
      " a        a   a ",
      " zw   www a   a ",
      " z        a   a ",
      " z        a   a ",
      " z    ee  a   a ",
      " zw   d   a   a ",
      " z        au  a ",
      " a        a   a ",
      " a        a   a ",
      " aw           a ",
      " a            a ",
      " ay    x      a ",
      " aattttaaaaaaaa ",
      "                "
    ],
    [
      "                ",
      " aaaaaaaaaaaaaa ",
      " a        a   a ",
      " a        a   a ",
      " a        a   a ",
      " a        a   a ",
      " a     deea   a ",
      " a        a   a ",
      " a        a   a ",
      " a        a   a ",
      " a        a   a ",
      " a            a ",
      " a            a ",
      " ay    x      a ",
      " aattttaaaaaaaa ",
      "                "
    ],
    [
      "                ",
      " aaaaaaaaaattaa ",
      " a        a   a ",
      " a        a   a ",
      " a        a   a ",
      " a        a   a ",
      " a       da   a ",
      " z       ea   a ",
      " z       ea   a ",
      " a        a   a ",
      " a        a   a ",
      " a        a   a ",
      " a        a   a ",
      " a        a   a ",
      " aattttaaaaaaaa ",
      "                "
    ],
    [
      "                ",
      " aaaaaaaaaaaaaa ",
      " aAAAAAAAAaAAAa ",
      " aAAAAAAAAaAAAa ",
      " aAAAAAAAAaAAAa ",
      " aAAAAAAAAaAAAa ",
      " aAAAA    aAAAa ",
      " aAAAA    aAAAa ",
      " aAAAA   daAAAa ",
      " aAAAA   eaAAAa ",
      " aAAAAAAAAaAAAa ",
      " aAAAAAAAAaAAAa ",
      " aAAAAAAAAaAAAa ",
      " aAAAAAAAAaAAAa ",
      " aaffffaaaaaaaa ",
      "                "
    ]
  ]
}