{
  "name": "building_carservice1_ground_270",
  "refpalette": "c70cities:building_carservice1_ground_palette_270",
  "xsize": 16,
  "zsize": 16,
  "slices": [
    [
      "GGGGGGGGGGGGGGGG",
      "GafffffffavvvvaG",
      "Gf!ggggggf  vvvG",
      "Gfgg  g gf  vvvG",
      "Gfgg gg gf  vvvG",
      "Gaggggggga  vvaG",
      "Gfgg gg gf  vvvG",
      "Gfgg g  gf  vvvG",
      "Gf!ggggggfbbvvvG",
      "GagggggggaccvvaG",
      "GfgggggggfddvvvG",
      "GfgggggggfeevvvG",
      "GGgggggggfeevvvG",
      "GGGgggggga==vvaG",
      "GGGGffffffHHHHGG",
      "GGGGGGGGGGHHHHGG"
    ],
    [
      "                ",
      " afooooofaiii a ",
      " fq     kf  i   ",
      " fr     kf  i   ",
      " fs     kf  i   ",
      " at     la  i a ",
      " fr     #f  i   ",
      " fs      f  i   ",
      " fq     mf  i   ",
      " a       a  i a ",
      " fu      j  i   ",
      " fo      j  i   ",
      "  oo     j  HH  ",
      "   ooqppna  hha ",
      "    ffffff      ",
      "                "
    ],
    [
      "                ",
      " afooooofawwwSa ",
      " fq      f      ",
      " f       f      ",
      " f      xf      ",
      " a      ya    a ",
      " f       f      ",
      " f       f      ",
      " fq      f      ",
      " a       awwwSa ",
      " fu      j  HH  ",
      " fo      j  hh  ",
      "  oo     j      ",
      "   ooq   a    a ",
      "    ffooof      ",
      "                "
    ],
    [
      "                ",
      " afooooofa    a ",
      " f       f      ",
      " f       f      ",
      " f       f      ",
      " a       a    a ",
      " f       f      ",
      " f       f      ",
      " f       f  HH  ",
      " a       a  hha ",
      " fu      j      ",
      " fo      j      ",
      "  oo     j      ",
      "   oo    a    a ",
      "    ffffff      ",
      "                "
    ],
    [
      "                ",
      " afzzzzzfa    a ",
      " f       f      ",
      " f       f      ",
      " f       f      ",
      " a       awwwSa ",
      " f       f  HHw ",
      " f       f  hhw ",
      " f       f    w ",
      " a       a    a ",
      " fu      f    w ",
      " fo      f    w ",
      "  oo     f    w ",
      "   oo    awwwSa ",
      "    ffffff      ",
      "                "
    ],
    [
      "                ",
      " afffffffa    a ",
      " fwwwww  f      ",
      " fwwwww  f      ",
      " fwwwww  f  HH  ",
      " awwwww  aaAhha ",
      " fwwwww  f      ",
      " fwwwww  f      ",
      " fwwwww  f      ",
      " a wwww  a    a ",
      " fu www  f      ",
      " fo  ww  f      ",
      "  oo  w  f      ",
      "   oo    a    a ",
      "    ffffff      ",
      "                "
    ]
  ]
}