{
  "name": "building_bank1_floor1_270",
  "refpalette": "c70cities:building_bank1_floor1_palette_270",
  "xsize": 16,
  "zsize": 16,
  "slices": [
    [
      "                ",
      "   gbbe  gbbe   ",
      "  SddddSdddddS  ",
      " idddd     ddda ",
      " bddddddddddddb ",
      " bddddddddddddb ",
      " jddddddddddddc ",
      "  dddddddddddS  ",
      "  Sddddddddddd  ",
      " idddddddddddda ",
      " bddddddddddddb ",
      " bddddddddddddb ",
      " jddddddddddddc ",
      "  SdddddSddddS  ",
      "   hbbf  hbbf   ",
      "                "
    ],
    [
      "                ",
      "  gbbe  gbbe    ",
      "  kkkklkkkpklka ",
      "  l       q  kb ",
      " ik   rrrrr  kb ",
      " bk          kc ",
      " bk DByw     l  ",
      " jkbbbbbbbbomk  ",
      "  k #Cxxts   ka ",
      "  l     us   kb ",
      " ik  zz      kb ",
      " bk          kc ",
      " bk  AA     nl  ",
      " jklkkkkklkkkk  ",
      "    hbbf  hbbf  ",
      "                "
    ],
    [
      "                ",
      " Ebbe  gbbe  gE ",
      " jkkklkkkpklkkb ",
      "  k      q   kb ",
      "  l   r r r  kc ",
      " ik          l  ",
      " bk   K      k  ",
      " bkbbbbbbbbIFka ",
      " jk      s   kb ",
      "  k      J   kb ",
      "  l          kc ",
      " ik          l  ",
      " bk         nk  ",
      " bkklkkkkklkkka ",
      " Ef  hbbf  hbbE ",
      "                "
    ],
    [
      "                ",
      " Ebe  gbbe  gbE ",
      " bkklkkkp lkkkb ",
      " jk     q    kc ",
      "  k   r r r  l  ",
      "  l          k  ",
      " ik   K      ka ",
      " bkbbbbbbbbbbkb ",
      " bk      s   kb ",
      " jk      s   kc ",
      "  k          l  ",
      "  l          k  ",
      " ik         nka ",
      " bkkklkkkkklkkb ",
      " Ebf  hbbf  hbE ",
      "                "
    ],
    [
      "                ",
      " Ee  gbbe  gbbE ",
      " bklkkkp lkkkkc ",
      " bk    q     l  ",
      " jk   r r r  k  ",
      "  k          ka ",
      "  l          kb ",
      " ikbbbbbbbbbbkb ",
      " bk          kc ",
      " bk          l  ",
      " jk          k  ",
      "  k          ka ",
      "  l          kb ",
      " ikkkklkkkkklkb ",
      " Ebbf  hbbf  hE ",
      "                "
    ],
    [
      "                ",
      "    gbbe  gbbe  ",
      " ilkkkp lkkkkl  ",
      " bkLLLq    LLk  ",
      " bkLLLr r rLLka ",
      " jkLLLLLLLLLLkb ",
      "  kLLLLLLLLLLkb ",
      "  lbbbbbbbbbbkc ",
      " ikLLLLLLLLLLl  ",
      " bkLLMMMMLLLLk  ",
      " bkLLM!!MLLLLka ",
      " jkLLMMMMLLLLkb ",
      "  kLLLLLLLLLLkb ",
      "  lkkkklkkkkklc ",
      "  hbbf  hbbf    ",
      "                "
    ]
  ]
}