{
  "name": "building_hotel1_floor1",
  "refpalette": "c70cities:building_hotel1_floor1_palette",
  "xsize": 16,
  "zsize": 16,
  "slices": [
    [
      "                ",
      " aaaaaaaaaaaaaa ",
      " abbbbbbbbbbbba ",
      " abbbbbbbbbbbba ",
      " abbbbbbbbbbbba ",
      " acccccccccccca ",
      " dbbbb    dbbba ",
      " dbbbb    bbbba ",
      " dbbbb    bbbba ",
      " dbbbb   ebbbbf ",
      " dbbbbbbbbbbbbf ",
      " dbbbbbbbbbbbbf ",
      " dbbbbbbbbbbbbf ",
      " abbbbbbbbbbbba ",
      " aaaaaaadddddaa ",
      "                "
    ],
    [
      "                ",
      " aaaaaaaaaaaaaa ",
      " ag        hhha ",
      " a            a ",
      " aiijkklm   n a ",
      " aaaaaaaaaa ooa ",
      " a            a ",
      " ap q     r   a ",
      " a s      t  sa ",
      " ap q  eed    u ",
      " a            u ",
      " a            u ",
      " a            u ",
      " apsq psq psqsa ",
      " aaaaaaaaaaaaaa ",
      "                "
    ],
    [
      "                ",
      " aaaaaaaaaaaaaa ",
      " a            a ",
      " a            a ",
      " a  w   x     a ",
      " aaaaaaaaaa   a ",
      " u            a ",
      " u y          a ",
      " u y  e      za ",
      " u y  ed      u ",
      " a            u ",
      " a            u ",
      " a            u ",
      " a y   y   y Aa ",
      " aaBBBBBBaaaaaa ",
      "                "
    ],
    [
      "                ",
      " aaaaaaaaaaaaaa ",
      " a            a ",
      " a            a ",
      " a            a ",
      " aaaaaaaaaa   a ",
      " a    e       a ",
      " a    e       a ",
      " a    d      za ",
      " a            u ",
      " a            u ",
      " a            u ",
      " a            u ",
      " a           Aa ",
      " aaaaaaaaaaaaaa ",
      "                "
    ],
    [
      "                ",
      " aaaaaaaaaaaaaa ",
      " a            a ",
      " u            a ",
      " u            a ",
      " aaaaaaaaaaaaaa ",
      " a    dee     a ",
      " a            a ",
      " a            a ",
      " a            u ",
      " a            u ",
      " a            u ",
      " a            u ",
      " a            a ",
      " aaaaaaBBaaaaaa ",
      "                "
    ],
    [
      "                ",
      " aaaaaaaaaaaaaa ",
      " aCCCCCCCCCCCCa ",
      " aCCCCCCCCCCCCa ",
      " aCCCCCCCCCCCCa ",
      " aaaaaaaaaaaaaa ",
      " aCCCC  deCCCCa ",
      " aCCCC    CCCCa ",
      " aCCCC    CCCCa ",
      " aCCCC    CCCCf ",
      " aCCCCCCCCCCCCf ",
      " aCCCCCCCCCCCCf ",
      " aCCCCCCCCCCCCf ",
      " aCCCCCCCCCCCCa ",
      " aaaaaaaaaaaaaa ",
      "                "
    ]
  ]
}