{
  "name": "building_hotel2_floor2",
  "refpalette": "c70cities:building_hotel2_floor2_palette",
  "xsize": 16,
  "zsize": 16,
  "slices": [
    [
      "                ",
      " aaaaaaaaaaaaaa ",
      " abccccccccd    ",
      " abccccccccd    ",
      " a=ccccccccd    ",
      " acccccccccd    ",
      " acccccccccd    ",
      " a!ccccccccd    ",
      " accccc!cccd    ",
      " a!ccccccccd    ",
      " acccccccccd    ",
      " acccccccccd    ",
      " acccccccccd    ",
      " adddddddddd    ",
      " a              ",
      "                "
    ],
    [
      "                ",
      " aaaaaaaaaaaaaa ",
      " ab   e    f    ",
      " ab   a    f    ",
      " a=aagahi jf    ",
      " akla ahi jf    ",
      " amna a    f    ",
      " ao p a    f    ",
      " aaaa ao qqf    ",
      " a=rr aaaaaf    ",
      " a     ss# f    ",
      " a     tt  f    ",
      " auwx      f    ",
      " affffffffff    ",
      " a              ",
      "                "
    ],
    [
      "                ",
      " aaaaaaaaaaaaaa ",
      " ab   y    f    ",
      " ab   a    f    ",
      " a=aaza    f    ",
      " a  a a    f    ",
      " a  a a    f    ",
      " a  A a    f    ",
      " aaaa a  B f    ",
      " aC   aaaaaf    ",
      " a         f    ",
      " a         f    ",
      " a D       f    ",
      " affffffffff    ",
      " a              ",
      "                "
    ],
    [
      "                ",
      " aaaaaaaaaaaaaa ",
      " ab   a    f    ",
      " ab   a    f    ",
      " a=aaaa    f    ",
      " a  a a    f    ",
      " a  a a    f    ",
      " a  a a    f    ",
      " aaaa a    f    ",
      " a    aaaaaf    ",
      " a         f    ",
      " a         f    ",
      " a         f    ",
      " affffffffff    ",
      " a              ",
      "                "
    ],
    [
      "                ",
      " aaaaaaaaaaaaaa ",
      " ab E a    f    ",
      " ab E a    f    ",
      " a=aaaa EF f    ",
      " a  a a    f    ",
      " a  a a EE f    ",
      " a  a a    f    ",
      " aaaa a    f    ",
      " a    aaaaaf    ",
      " a         f    ",
      " a     EE  f    ",
      " a         f    ",
      " affffffffff    ",
      " a              ",
      "                "
    ],
    [
      "                ",
      " aaaaaaaaaaaaaa ",
      " abIIIaIIIID    ",
      " abIIIaIIIID    ",
      " a=aaaaIIIID    ",
      " aIIaIaIIIID    ",
      " aIIaIaIIIID    ",
      " aIIaIaIIIID    ",
      " aaaaIaIIIID    ",
      " aIIIIaaaaID    ",
      " aIIIIIIIIID    ",
      " aIIIIIIIIID    ",
      " aIIIIIIIIID    ",
      " aDDDDDDDDDD    ",
      " a              ",
      "                "
    ]
  ]
}