{
  "name": "building_hotel1_floor1",
  "refpalette": "c70cities:building_hotel1_floor1_palette",
  "xsize": 16,
  "zsize": 16,
  "slices": [
    [
      "                ",
      " aaaaaaaaaaaaaa ",
      " abbbbbbbbbbbba ",
      " abbbbbbbbbbbba ",
      " abbbbbbbbbbbba ",
      " acccccccccccca ",
      " dbbbb    dbbba ",
      " dbbbb    bbbba ",
      " dbbbb    bbbba ",
      " dbbbb   ebbbbf ",
      " dbbbbbbbbbbbbf ",
      " dbbbbbbbbbbbbf ",
      " dbbbbbbbbbbbbf ",
      " abbbbbbbbbbbba ",
      " aaaaaaadddddaa ",
      "                "
    ],
    [
      "                ",
      " aaaaaaaaaaaaaa ",
      " ag        hhha ",
      " a            a ",
      " aiijjjkl   m a ",
      " aaaaaaaaaa nna ",
      " a            a ",
      " ao p     q   a ",
      " a r      q  ra ",
      " ao p  eed    f ",
      " a            f ",
      " a            f ",
      " a            f ",
      " aorp orp orpra ",
      " aaaaaaaaaaaaaa ",
      "                "
    ],
    [
      "                ",
      " aaaaaaaaaaaaaa ",
      " a            a ",
      " a            a ",
      " a      s     a ",
      " aaaaaaaaaa   a ",
      " f            a ",
      " f t          a ",
      " f t  e      ua ",
      " f t  ed      f ",
      " a            f ",
      " a            f ",
      " a            f ",
      " a t   t   t ua ",
      " aaffffffaaaaaa ",
      "                "
    ],
    [
      "                ",
      " aaaaaaaaaaaaaa ",
      " a            a ",
      " a            a ",
      " a            a ",
      " aaaaaaaaaa   a ",
      " a    e       a ",
      " a    e       a ",
      " a    d      ua ",
      " a            f ",
      " a            f ",
      " a            f ",
      " a            f ",
      " a           ua ",
      " aaaaaaaaaaaaaa ",
      "                "
    ],
    [
      "                ",
      " aaaaaaaaaaaaaa ",
      " a            a ",
      " f            a ",
      " f            a ",
      " aaaaaaaaaaaaaa ",
      " a    dee     a ",
      " a            a ",
      " a            a ",
      " a            f ",
      " a            f ",
      " a            f ",
      " a            f ",
      " a            a ",
      " aaaaaaffaaaaaa ",
      "                "
    ],
    [
      "                ",
      " aaaaaaaaaaaaaa ",
      " awwwwwwwwwwwwa ",
      " awwwwwwwwwwwwa ",
      " awwwwwwwwwwwwa ",
      " aaaaaaaaaaaaaa ",
      " awwww  dewwwwa ",
      " awwww    wwwwa ",
      " awwww    wwwwa ",
      " awwww    wwwwf ",
      " awwwwwwwwwwwwf ",
      " awwwwwwwwwwwwf ",
      " awwwwwwwwwwwwf ",
      " awwwwwwwwwwwwa ",
      " aaaaaaaaaaaaaa ",
      "                "
    ]
  ]
}