{
  "name": "building_carservice1_top",
  "refpalette": "c70cities:building_carservice1_top_palette",
  "xsize": 16,
  "zsize": 16,
  "slices": [
    [
      "                ",
      " a   a   a   a  ",
      "  bb            ",
      "  bb            ",
      "  bbb           ",
      "  bbb           ",
      " acccadddadddae ",
      " ecccccccccccce ",
      " effffffffffffe ",
      " effffffffffffe ",
      " efffffffffffce ",
      " effffffffffcge ",
      " efffffffffcgh  ",
      " effffffffigh   ",
      " aeeeaeeeaee    ",
      "                "
    ],
    [
      "                ",
      " ajjjajjja   a  ",
      " j       j      ",
      " j       j      ",
      " j       j      ",
      " S       S      ",
      " akkkaeeeaeeeae ",
      " e    lllmn!noe ",
      " p         qr e ",
      " p  s  s   q  e ",
      " tuuwxxwy     e ",
      " tuux#uuu    ze ",
      " tuuwxxwy   zA  ",
      " e  B  B   zA   ",
      " aeeeaeeeaee    ",
      "                "
    ],
    [
      "                ",
      " a   a   a   a  ",
      "                ",
      "                ",
      "                ",
      "                ",
      " akkkaeeeaeeeae ",
      " e      Cmnnn p ",
      " p            p ",
      " p            p ",
      " pD           e ",
      " tuxDED      ze ",
      " pD         zA  ",
      " e         zA   ",
      " aeeeaeeeaee    ",
      "                "
    ],
    [
      "                ",
      " a   a   a   a  ",
      " F   F   F   F  ",
      " F   F   F   F  ",
      " F   F   F   F  ",
      " F   F   F   F  ",
      " akkkaeeeaeeeae ",
      " a   F   FIJK e ",
      " a   F   F    e ",
      " a   F   F    e ",
      " a   F   F    e ",
      " a   F   F   ze ",
      " a   F   F  zA  ",
      " a   F   F zA   ",
      " aeeeaeeeaee    ",
      "                "
    ],
    [
      "                ",
      "                ",
      "                ",
      "                ",
      "                ",
      "                ",
      " eeeeeeeeeeeeee ",
      " eLLLLLLLLLLLLe ",
      " eLLLLLLLLLLLLe ",
      " eLLLLLLLLLLLLe ",
      " eLLLLLLLLLLLLe ",
      " eLLLLLLLLLLLLe ",
      " eLLLLLLLLLLLL  ",
      " eLLLLLLLLLLL   ",
      " eeeeeeeeeee    ",
      "                "
    ],
    [
      "                ",
      "                ",
      "                ",
      "                ",
      "                ",
      "                ",
      " eeeeeeeeeeeeee ",
      " e            e ",
      " e            e ",
      " e            e ",
      " e            e ",
      " e            e ",
      " e              ",
      " e              ",
      " eeeeeeeeeee    ",
      "                "
    ]
  ]
}