{
  "name": "building_bank1_floor1_90",
  "refpalette": "c70cities:building_bank1_floor1_palette_90",
  "xsize": 16,
  "zsize": 16,
  "slices": [
    [
      "                ",
      "   fbbh  fbbh   ",
      "  SddddSdddddS  ",
      " cddddddddddddj ",
      " bddddddddddddb ",
      " bddddddddddddb ",
      " addddddddddddi ",
      "  dddddddddddS  ",
      "  Sddddddddddd  ",
      " cddddddddddddj ",
      " bddddddddddddb ",
      " bddddddddddddb ",
      " addd     ddddi ",
      "  SdddddSddddS  ",
      "   ebbg  ebbg   ",
      "                "
    ],
    [
      "                ",
      "  fbbh  fbbh    ",
      "  kkkklkkkkklkj ",
      "  ln     CC  kb ",
      " ck          kb ",
      " bk      BD  ki ",
      " bk   tw     l  ",
      " ak   tuyyy# k  ",
      "  kmobbbbbbbbkj ",
      "  l     xAxx kb ",
      " ck          kb ",
      " bk  rsssz   ki ",
      " bk  q       l  ",
      " aklkpkkklkkkk  ",
      "    ebbg  ebbg  ",
      "                "
    ],
    [
      "                ",
      " Fbbh  fbbh  fO ",
      " akkklkkkkklkkb ",
      "  kn         kb ",
      "  l          ki ",
      " ck          l  ",
      " bk   L      k  ",
      " bk   t      kj ",
      " akIJbbbbbbbbkb ",
      "  k      M   kb ",
      "  l          ki ",
      " ck  K K K   l  ",
      " bk   q      k  ",
      " bkklkpkkklkkkj ",
      " Eg  ebbg  ebbN ",
      "                "
    ],
    [
      "                ",
      " Fbh  fbbh  fbO ",
      " bkklkkkkklkkkb ",
      " akn         ki ",
      "  k          l  ",
      "  l          k  ",
      " ck   t      kj ",
      " bk   t      kb ",
      " bkbbbbbbbbbbkb ",
      " ak      M   ki ",
      "  k          l  ",
      "  l  K K K   k  ",
      " ck    q     kj ",
      " bkkkl pkkklkkb ",
      " Ebg  ebbg  ebN ",
      "                "
    ],
    [
      "                ",
      " Qh  fbbh  fbbT ",
      " bklkkkkklkkkki ",
      " bk          l  ",
      " ak          k  ",
      "  k          kj ",
      "  l          kb ",
      " ck          kb ",
      " bkbbbbbbbbbbki ",
      " bk          l  ",
      " ak          k  ",
      "  k  K K K   kj ",
      "  l     q    kb ",
      " ckkkkl pkkklkb ",
      " Pbbg  ebbg  eR ",
      "                "
    ],
    [
      "                ",
      "    fbbh  fbbh  ",
      " clkkkkklkkkkl  ",
      " bkUUUUUUUUUUk  ",
      " bkUUUUVVVVUUkj ",
      " akUUUUV!!VUUkb ",
      "  kUUUUVVVVUUkb ",
      "  lUUUUUUUUUUki ",
      " ckbbbbbbbbbbl  ",
      " bkUUUUUUUUUUk  ",
      " bkUUUUUUUUUUkj ",
      " akUUK K KUUUkb ",
      "  kUU    qUUUkb ",
      "  lkkkkl pkkkli ",
      "  ebbg  ebbg    ",
      "                "
    ]
  ]
}