{
  "name": "building_hotel1_top_90",
  "refpalette": "c70cities:building_hotel1_top_palette_90",
  "xsize": 16,
  "zsize": 16,
  "slices": [
    [
      "                ",
      " aaaaaaaeeeeeaa ",
      " a^bbbbbbbbbb^a ",
      " abccbbbbccccbd ",
      " abccbbbbccccbd ",
      " abccbdbbbbccbd ",
      " abccb    bccbd ",
      " abbbb    bbbbd ",
      " abbbb    bbbba ",
      " abccb    bccba ",
      " abccbbbbbbccba ",
      " abccccbbccccba ",
      " abccccbbccccba ",
      " a^bbbbbbbbbb^a ",
      " aaaaadddddddaa ",
      "                "
    ],
    [
      "                ",
      " aaaaaaeeeeeeaa ",
      " a            a ",
      " a#           a ",
      " a            a ",
      " a   f ffff   a ",
      " a   f    f   a ",
      " a   f    f   a ",
      " a   f    f   a ",
      " a   f    f   a ",
      " a   ffffff   a ",
      " a            a ",
      " a            a ",
      " a            a ",
      " aaaaaaaaaaaaaa ",
      "                "
    ],
    [
      "                ",
      " aaaaaeeeeeeeaa ",
      " a            a ",
      " a            a ",
      " a            a ",
      " a            a ",
      " a            a ",
      " a            e ",
      " a            e ",
      " a            e ",
      " a            e ",
      " a            e ",
      " a            e ",
      " a            a ",
      " aaaaaeeeeaaaaa ",
      "                "
    ],
    [
      "                ",
      " aaaaeeeeeeeeaa ",
      " a            a ",
      " a            a ",
      " a            a ",
      " a            a ",
      " a            a ",
      " a            a ",
      " a            a ",
      " a            a ",
      " a            a ",
      " a            a ",
      " a            a ",
      " a            a ",
      " aaaaaaaaaaaaaa ",
      "                "
    ],
    [
      "                ",
      " aaagggggggggaa ",
      " agggggggggggga ",
      " aghhhhhhhhhhga ",
      " aghhhhhhhhhhga ",
      " aghhhhhhhhhhga ",
      " aghhhhhhhhhhga ",
      " aghhhhhhhhhhga ",
      " aghhhhhhhhhhga ",
      " aghhhhhhhhhhga ",
      " aghhhhhhhhhhga ",
      " aghhhhhhhhhhga ",
      " aghhhhhhhhhhga ",
      " agggggggggggga ",
      " aaaaaaaaaaaaaa ",
      "                "
    ],
    [
      "                ",
      " aa          aa ",
      " a            a ",
      " a            a ",
      " a            a ",
      " a            a ",
      " a            a ",
      " a            a ",
      " a            a ",
      " a            a ",
      " a            a ",
      " a            a ",
      " a            a ",
      " a            a ",
      " aaaaaaaaaaaaaa ",
      "                "
    ]
  ]
}