{
  "name": "building_bank1_top_180",
  "refpalette": "c70cities:building_bank1_top_palette_180",
  "xsize": 16,
  "zsize": 16,
  "slices": [
    [
      "                ",
      "  abbbc abbbc   ",
      "  SddddSdddddSa ",
      " cddddddddddddb ",
      " bddddddddddddb ",
      " bddddddddddddb ",
      " bdddddddddd dc ",
      " adddddddddd S  ",
      "  Sddddddddd da ",
      " cdddddddddd db ",
      " bdddddddddd db ",
      " bddddddddddddb ",
      " bddddddddddddc ",
      " aSdddddSddddS  ",
      "   cbbba cbbba  ",
      "                "
    ],
    [
      "                ",
      " ebcc abbcc abe ",
      " bffffgfffffgfb ",
      " agsrrrqqrrrqfc ",
      "  fppppppppppfc ",
      " cf          f  ",
      " cf oonm     ga ",
      " bf    k j   fb ",
      " bf  l k     fb ",
      " ag    k j   fc ",
      "  f# iih     fc ",
      " cf          f  ",
      " cf          ga ",
      " bfgfffffgffffb ",
      " eba ccbba ccbe ",
      "                "
    ],
    [
      "                ",
      " ebbbbbbbbbbbbe ",
      " bffffgfffffgfb ",
      " bgrrrrrrrrrrfb ",
      " bf          fb ",
      " bf          fb ",
      " bf oo u     gb ",
      " bf          fb ",
      " bf          fb ",
      " bg          fb ",
      " bf    t     fb ",
      " bf          fb ",
      " bf          gb ",
      " bfgfffffgffffb ",
      " ebbbbbbbbbbbbe ",
      "                "
    ],
    [
      "                ",
      "                ",
      "   ffgfffffgf   ",
      "  ff        ff  ",
      "  g          f  ",
      "  f          g  ",
      "  f          f  ",
      "  f          f  ",
      "  f          f  ",
      "  f          f  ",
      "  g          f  ",
      "  f          g  ",
      "  ff        ff  ",
      "   fgfffffgff   ",
      "                ",
      "                "
    ],
    [
      "                ",
      "                ",
      "                ",
      "    ffffffff    ",
      "   ffffffffff   ",
      "   fff    fff   ",
      "   ff     wff   ",
      "   ff      ff   ",
      "   ff      ff   ",
      "   ffw     ff   ",
      "   fff    fff   ",
      "   ffffffffff   ",
      "    ffffffff    ",
      "                ",
      "                ",
      "                "
    ],
    [
      "                ",
      "                ",
      "                ",
      "                ",
      "                ",
      "      ffff      ",
      "     ffffff     ",
      "     ffffff     ",
      "     ffffff     ",
      "     ffffff     ",
      "      ffff      ",
      "                ",
      "                ",
      "                ",
      "                ",
      "                "
    ]
  ]
}