{
  "name": "building_carservice1_top_270",
  "refpalette": "c70cities:building_carservice1_top_palette_270",
  "xsize": 16,
  "zsize": 16,
  "slices": [
    [
      "                ",
      " aeeeeeeea    a ",
      " effffffccbbbb  ",
      " effffffccbbbb  ",
      " effffffccbb    ",
      " affffffca    a ",
      " effffffcd      ",
      " effffffcd      ",
      " effffffcd      ",
      " affffffca    a ",
      " egfffffcd      ",
      " edcffffcd      ",
      "  ddcfffcd      ",
      "   ddcffca    a ",
      "    eeeeee      ",
      "                "
    ],
    [
      "                ",
      " aennnnneaShhha ",
      " e rrr   i    h ",
      " e rrr   i    h ",
      " ewstsq  i    h ",
      " a t#t   a    a ",
      " e trt  je    h ",
      " ewsrsq je    h ",
      " e uru  je    h ",
      " a      kaShhha ",
      " e      le      ",
      " en   oo!e      ",
      "  nn   ple      ",
      "   nn   ma    a ",
      "    eeeeee      ",
      "                "
    ],
    [
      "                ",
      " aennnnnea    a ",
      " e yry   i      ",
      " e  t    i      ",
      " e  y    i      ",
      " a  z    a    a ",
      " e  y    e      ",
      " e       e      ",
      " e      xe      ",
      " a      ka    a ",
      " e      le      ",
      " en     le      ",
      "  nn    le      ",
      "   nn    a    a ",
      "    eennne      ",
      "                "
    ],
    [
      "                ",
      " aaaaaaaaaAAAAa ",
      " e       i      ",
      " e       i      ",
      " e       i      ",
      " aAAAAAAAaAAAAa ",
      " e       e      ",
      " e       e      ",
      " e       e      ",
      " aAAAAAAAaAAAAa ",
      " e      Be      ",
      " en     Be      ",
      "  nn    Be      ",
      "   nn    aAAAAa ",
      "    eeeeee      ",
      "                "
    ],
    [
      "                ",
      " eeeeeeeee      ",
      " eCCCCCCCe      ",
      " eCCCCCCCe      ",
      " eCCCCCCCe      ",
      " eCCCCCCCe      ",
      " eCCCCCCCe      ",
      " eCCCCCCCe      ",
      " eCCCCCCCe      ",
      " eCCCCCCCe      ",
      " eCCCCCCCe      ",
      " eCCCCCCCe      ",
      "  CCCCCCCe      ",
      "   CCCCCCe      ",
      "    eeeeee      ",
      "                "
    ],
    [
      "                ",
      " eeeeeeeee      ",
      " e       e      ",
      " e       e      ",
      " e       e      ",
      " e       e      ",
      " e       e      ",
      " e       e      ",
      " e       e      ",
      " e       e      ",
      " e       e      ",
      " e       e      ",
      "         e      ",
      "         e      ",
      "    eeeeee      ",
      "                "
    ]
  ]
}