{
  "name": "building_bank1_floor2_270",
  "refpalette": "c70cities:building_bank1_floor2_palette_270",
  "xsize": 16,
  "zsize": 16,
  "slices": [
    [
      "                ",
      "   gbbe  gbbe   ",
      "  SddddSdddddS  ",
      " idddd     ddda ",
      " bddddddddddddb ",
      " bddddddddddddb ",
      " jddddddddddddc ",
      "  dddddddddddS  ",
      "  Sddddddd!ddd  ",
      " idddddddddddda ",
      " bddddd!ddddddb ",
      " bddddddddddddb ",
      " jddddddddddddc ",
      "  SdddddSddddS  ",
      "   hbbf  hbbf   ",
      "                "
    ],
    [
      "                ",
      "  gbbe  gbbe    ",
      "  kkkklkkkqklka ",
      "  l       r  kb ",
      " ik   zuuus  kb ",
      " bk          kc ",
      " bk          l  ",
      " jkmmm    nn k  ",
      "  k    y mmmmka ",
      "  l xA m     kb ",
      " ik  B m wto kb ",
      " bk Cp m x p kc ",
      " bk    m     l  ",
      " jklkkkkklkkkk  ",
      "    hbbf  hbbf  ",
      "                "
    ],
    [
      "                ",
      " Jbbe  gbbe  gD ",
      " jkkklkkkqklkkb ",
      "  k      r   kb ",
      "  l   F F F  kc ",
      " ik          l  ",
      " bk          k  ",
      " bkmmm       ka ",
      " jk    I mmmmkb ",
      "  k    m     kb ",
      "  l    m     kc ",
      " ik    m     l  ",
      " bk    m     k  ",
      " bkklkkkkklkkka ",
      " Kf  hbbf  hbbE ",
      "                "
    ],
    [
      "                ",
      " Jbe  gbbe  gbD ",
      " bkklkkkqklkkkb ",
      " jk     r    kc ",
      "  k   F F F  l  ",
      "  l          k  ",
      " ik          ka ",
      " bk          kb ",
      " bk    L     kb ",
      " jk          kc ",
      "  k          l  ",
      "  l          k  ",
      " ik          ka ",
      " bkkklkkkkklkkb ",
      " Kbf  hbbf  hbE ",
      "                "
    ],
    [
      "                ",
      " Oe  gbbe  gbbM ",
      " bklkkkqklkkkkc ",
      " bk    r     l  ",
      " jk   F F F  k  ",
      "  k          ka ",
      "  l          kb ",
      " ik          kb ",
      " bk          kc ",
      " bk          l  ",
      " jk          k  ",
      "  k          ka ",
      "  l          kb ",
      " ikkkklkkkkklkb ",
      " Pbbf  hbbf  hN ",
      "                "
    ],
    [
      "                ",
      "    gbbe  gbbe  ",
      " ilkkkqklkkkkl  ",
      " bkQQQr    QQk  ",
      " bkQQQF F FQQka ",
      " jkQQQQQQQQQQkb ",
      "  kQQQQQQQQQQkb ",
      "  lQQQQQQQQQQkc ",
      " ikQQQQQQQQQQl  ",
      " bkQQQQQQQQQQk  ",
      " bkQQQQQQQQQQka ",
      " jkQQQQQQQQQQkb ",
      "  kQQQQQQQQQQkb ",
      "  lkkkklkkkkklc ",
      "  hbbf  hbbf    ",
      "                "
    ]
  ]
}