{
  "name": "building_hotel1_floor2",
  "refpalette": "c70cities:building_hotel1_floor2_palette",
  "xsize": 16,
  "zsize": 16,
  "slices": [
    [
      "                ",
      " aaaaaaaaaaaaaa ",
      " abbbbbbbbbbbba ",
      " abbbbbbbbbbbba ",
      " abbbbbbbbbbbba ",
      " abbbccccccccca ",
      " dbbbc    dbbba ",
      " dbbbc    bbbba ",
      " dbbbc    bbbba ",
      " dbbbc   ebbbbf ",
      " dbbbcccccbbbbf ",
      " dbbbbbbbcbbbbf ",
      " dbbbbbbbcbbbbf ",
      " abbbbbbbbbbbba ",
      " aaaaaaadddddaa ",
      "                "
    ],
    [
      "                ",
      " aaaaaaaaaaaaaa ",
      " a g  hiij  k a ",
      " alm          a ",
      " a   n == n   a ",
      " a  #oaaaaoapaa ",
      " a  =a        a ",
      " a  qa    r   a ",
      " a  qa    s  ma ",
      " a  =a eed    t ",
      " a aaoaaaa    t ",
      " a uu wxya    t ",
      " a zz ABCaeDD t ",
      " a      Eaeeema ",
      " aaaaaaaaaaaaaa ",
      "                "
    ],
    [
      "                ",
      " aaaaaaaaaaaaaa ",
      " a            a ",
      " a F          a ",
      " a   n  I n   a ",
      " a   oaaaaoaJaa ",
      " t  Ka        a ",
      " t   a        a ",
      " t   ae      La ",
      " t  Maed      t ",
      " a aaoaaaa    t ",
      " a    t  a    t ",
      " a    N  a    t ",
      " a       a   Oa ",
      " aaPPPPPPaaaaaa ",
      "                "
    ],
    [
      "                ",
      " aaaaaaaaaaaaaa ",
      " a   Q    Q   a ",
      " a            a ",
      " a            a ",
      " a   oaaaaoaaaa ",
      " a   ae       a ",
      " a  Dae       a ",
      " a  Dad      La ",
      " a   a        t ",
      " aaaaoaaaa    t ",
      " a   Qt  a    t ",
      " a    N  a    t ",
      " a       a   Oa ",
      " aaaaaaaaaaaaaa ",
      "                "
    ],
    [
      "                ",
      " aaaaaaaaaaaaaa ",
      " a   R    R   a ",
      " t            a ",
      " t            a ",
      " a   oaaaaoaaaa ",
      " a   adee     a ",
      " a   a        a ",
      " a   a        a ",
      " a   a        t ",
      " aaaaoaaaa    t ",
      " a   Rt  a    t ",
      " a    t  a    t ",
      " a    t  a    a ",
      " aaaaaaPPaaaaaa ",
      "                "
    ],
    [
      "                ",
      " aaaaaaaaaaaaaa ",
      " aTTTTTTTTTTTTa ",
      " aTTTTTTTTTTTTa ",
      " aTTTTTTTTTTTTa ",
      " aTTToaaaaoaaaa ",
      " aTTTa  deTTTTa ",
      " aTTTa    TTTTa ",
      " aTTTa    TTTTa ",
      " aTTTa    TTTTf ",
      " aTTToaaaaTTTTf ",
      " aTTTTTTTaTTTTf ",
      " aTTTTTTTaTTTTf ",
      " aTTTTTTTaTTTTa ",
      " aaaaaaaaaaaaaa ",
      "                "
    ]
  ]
}