{
  "name": "building_hotel1_ground_270",
  "refpalette": "c70cities:building_hotel1_ground_palette_270",
  "xsize": 16,
  "zsize": 16,
  "slices": [
    [
      "GGGGGGGGGGGGGGGG",
      "GbbbbbbbbbbbbbbG",
      "Gb!cccccccccccbG",
      "GbccccccccccccbG",
      "Gbccccccccccccba",
      "GbccccccccccccbG",
      "Gbccccddd!ccccbG",
      "GbccccdGGGccccbG",
      "GbccccdGGGccccbG",
      "GbccccdGGGccccbG",
      "GbccccccccccccbG",
      "Gbccccccccccccba",
      "GbccccccccccccbG",
      "GbccccccccccccbG",
      "GbbddddbbbbbbbbG",
      "GGGGGGGGGGGGGGGG"
    ],
    [
      "                ",
      " bbbbbbbbbbbbbbe",
      " bz b     jjffbe",
      " b  s        fbe",
      " bbbb        fbe",
      " b           fbe",
      " b w  nllk    be",
      " b wt g  e gggbe",
      " bAw  g  e gigbe",
      " b wt oeee    be",
      " bBx        hhbe",
      " b            be",
      " b         gigbe",
      " bmpurpm   gggbe",
      " bby  qbbbbbbbbe",
      "                "
    ],
    [
      "                ",
      " bbbbbCCCCbbbbb ",
      " b  b       ffb ",
      " K  F        fb ",
      " Lbbb        fb ",
      " K            b ",
      " K    gglk    b ",
      " K    o       b ",
      " K            b ",
      " b            b ",
      " b            b ",
      " b            b ",
      " b            b ",
      " bJpIEpD      b ",
      " bby  qbbbbbbbb ",
      "                "
    ],
    [
      "                ",
      " bbbbbbbbbbbbbb ",
      " bM b        fb ",
      " b  b        Mb ",
      " bbbb         b ",
      " b            b ",
      " b     ogg    b ",
      " b            b ",
      " b            b ",
      " b            b ",
      " b            b ",
      " b            b ",
      " b            b ",
      " bJppppD      b ",
      " bbNNNNbbbbbbbb ",
      "                "
    ],
    [
      "      ~         ",
      " bbbbbbbbbbCCbb ",
      " bMMbM       Mb ",
      " b  b        Mb ",
      " bbbb         b ",
      " b            b ",
      " b       o    b ",
      " K       g    b ",
      " K       g    b ",
      " b            b ",
      " b            b ",
      " b            b ",
      " b            b ",
      " b pppp       b ",
      " bbNNNNbbbbbbbb ",
      "                "
    ],
    [
      "                ",
      " bbbbbbbbbbbbbb ",
      " bOObOOOOOOOOOb ",
      " bOObOOOOOOOOOb ",
      " bbbbOOOOOOOOOb ",
      " bOOOOOOOOOOOOb ",
      " bOOOO    OOOOb ",
      " bOOOO    OOOOb ",
      " bOOOO   oOOOOb ",
      " bOOOO   gOOOOb ",
      " bOOOOOOOOOOOOb ",
      " bOOOOOOOOOOOOb ",
      " bOOOOOOOOOOOOb ",
      " bOOOOOOOOOOOOb ",
      " bbNNNNbbbbbbbb ",
      "                "
    ]
  ]
}