{
  "name": "building_hotel1_floor1",
  "refpalette": "c70cities:building_hotel1_floor1_palette",
  "xsize": 16,
  "zsize": 16,
  "slices": [
    [
      "                ",
      " aaaaaaaaaaaaaa ",
      " abbbbbbbbbbbba ",
      " abbbbbbbbbbbba ",
      " abbbbbbbbbbbba ",
      " acccccccccccca ",
      " dbbbb    dbbba ",
      " dbbbb    bbbba ",
      " dbbbb    bbbba ",
      " dbbbb   ebbbbf ",
      " dbbbbbbbbbbbbf ",
      " dbbbbbbbbbbbbf ",
      " dbbbbbbbbbbbbf ",
      " abbbbbbbbbbbba ",
      " aaaaaaadddddaa ",
      "                "
    ],
    [
      "                ",
      " aaaaaaaaaaaaaa ",
      " ag        hhha ",
      " a            a ",
      " aiijjjkl   m a ",
      " aaaaaaaaaa nna ",
      " a            a ",
      " ao p     q   a ",
      " a r      s  ra ",
      " ao p  eed    t ",
      " a            t ",
      " a            t ",
      " a            t ",
      " aorp orp orpra ",
      " aaaaaaaaaaaaaa ",
      "                "
    ],
    [
      "                ",
      " aaaaaaaaaaaaaa ",
      " a            a ",
      " a            a ",
      " a      u     a ",
      " aaaaaaaaaa   a ",
      " t            a ",
      " t w          a ",
      " t w  e      xa ",
      " t w  ed      t ",
      " a            t ",
      " a            t ",
      " a            t ",
      " a w   w   w ya ",
      " aazzzzzzaaaaaa ",
      "                "
    ],
    [
      "                ",
      " aaaaaaaaaaaaaa ",
      " a            a ",
      " a            a ",
      " a            a ",
      " aaaaaaaaaa   a ",
      " a    e       a ",
      " a    e       a ",
      " a    d      xa ",
      " a            t ",
      " a            t ",
      " a            t ",
      " a            t ",
      " a           ya ",
      " aaaaaaaaaaaaaa ",
      "                "
    ],
    [
      "                ",
      " aaaaaaaaaaaaaa ",
      " a            a ",
      " t            a ",
      " t            a ",
      " aaaaaaaaaaaaaa ",
      " a    dee     a ",
      " a            a ",
      " a            a ",
      " a            t ",
      " a            t ",
      " a            t ",
      " a            t ",
      " a            a ",
      " aaaaaazzaaaaaa ",
      "                "
    ],
    [
      "                ",
      " aaaaaaaaaaaaaa ",
      " aAAAAAAAAAAAAa ",
      " aAAAAAAAAAAAAa ",
      " aAAAAAAAAAAAAa ",
      " aaaaaaaaaaaaaa ",
      " aAAAA  deAAAAa ",
      " aAAAA    AAAAa ",
      " aAAAA    AAAAa ",
      " aAAAA    AAAAf ",
      " aAAAAAAAAAAAAf ",
      " aAAAAAAAAAAAAf ",
      " aAAAAAAAAAAAAf ",
      " aAAAAAAAAAAAAa ",
      " aaaaaaaaaaaaaa ",
      "                "
    ]
  ]
}