{
  "name": "building_carservice1_base1_270",
  "refpalette": "c70cities:building_carservice1_base1_palette_270",
  "xsize": 16,
  "zsize": 16,
  "slices": [
    [
      "vvvvvvvvvvvvvvvv",
      "vaaaaaaaaaaaaaav",
      "va====aaaaaaaaav",
      "va====aaaaaaaaav",
      "vaaaaaaaaaaaaaav",
      "vaaaaaaaaaaaaaav",
      "vaaaaaaaaaaaaaav",
      "vaaaaaaaaaaaaaav",
      "vaaaaaaaaaaaaaav",
      "vaaaaa!aaaaaaaav",
      "vaaaaaaaaaaaaaav",
      "vaaaaaaaaaaaaaav",
      "vaaaaaaaaaaaaaav",
      "vaaaaaaaaaaaaaav",
      "vaaaaaaaaaaaaaav",
      "vvvvvvvvvvvvvvvv"
    ],
    [
      "vvvvvvvvvvvvvvvv",
      "vvvvvvvvvvvvvvvv",
      "vvp   i=====vvvv",
      "vv    i=====vvvv",
      "vbbnnnbbbb==vvvv",
      "vb       bddvvvv",
      "vbq        dvvvv",
      "vbq   j     vvvv",
      "vb    kh bd!vvvv",
      "vuno  bggbbbbbbv",
      "vbr     e  e  bv",
      "vbs   lcfccfc bv",
      "vbs   mccc#cc bv",
      "vbt   lcfccfc bv",
      "vbbbbbbbbbbbbbbv",
      "vvvvvvvvvvvvvvvv"
    ],
    [
      "vvvvvvvvvvvvvvvv",
      "vvvvvvvvvvvvvvvv",
      "vvp     i===vvvv",
      "vv      i===vvvv",
      "vbbnnnbbbb==vvvv",
      "vb       b  vvvv",
      "vb          vvvv",
      "vb          vvvv",
      "vb       b dvvvv",
      "vuno  bggbbbbbbv",
      "vb            bv",
      "vb     EEBzxw bv",
      "vb     IFC yw bv",
      "vb     EEDAxw bv",
      "vbbbbbbbbbbbbbbv",
      "vvvvvvvvvvvvvvvv"
    ],
    [
      "vvvvvvvvvvvvvvvv",
      "vvvvvvvvvvvvvvvv",
      "vvJ       iivvvv",
      "vvJ       iivvvv",
      "vbbnnnbbbb==vvvv",
      "vb       b  vvvv",
      "vb       b  vvvv",
      "vb       b  vvvv",
      "vb       b  vvvv",
      "vuno  bggbbbbbbv",
      "vb            bv",
      "vb       EE   bv",
      "vb       IFI  bv",
      "vb       EE   bv",
      "vbbbbbbbbbbbbbbv",
      "vvvvvvvvvvvvvvvv"
    ],
    [
      "vvvvvvvvvvvvvvvv",
      "vvvvvvvvvvvvvvvv",
      "vvJ         vvvv",
      "vvJ         vvvv",
      "vbbbbbbbbb  vvvv",
      "vb       biivvvv",
      "vb       b==vvvv",
      "vb       b==vvvv",
      "vb       b==vvvv",
      "vbbbbbbbbbbbbbbv",
      "vb            bv",
      "vb            bv",
      "vb            bv",
      "vb            bv",
      "vbbbbbbbbbbbbbbv",
      "vvvvvvvvvvvvvvvv"
    ],
    [
      "vvvvvvvvvvvvvvvv",
      "vvvvvvvvvvvvvvvv",
      "vvMMMMMMM   vvvv",
      "vvMMMMMMM   vvvv",
      "vbbbbbbbbb  vvvv",
      "vbLLLLLLLb  vvvv",
      "vbLLLLLLLb  vvvv",
      "vbLLLLLLLbiivvvv",
      "vbLLLLLLLb==vvvv",
      "vbbbbbbbbbbbbbbv",
      "vb LLLLLKLLLLKbv",
      "vbLLLLLLLLLLLLbv",
      "vbLLLLLLLLLLLLbv",
      "vbKLLLLLNLLLL bv",
      "vbbbbbbbbbbbbbbv",
      "vvvvvvvvvvvvvvvv"
    ]
  ]
}