{
  "name": "building_carservice1_top_90",
  "refpalette": "c70cities:building_carservice1_top_palette_90",
  "xsize": 16,
  "zsize": 16,
  "slices": [
    [
      "                ",
      "      eeeeee    ",
      " a    acffcdd   ",
      "      dcfffcdd  ",
      "      dcffffcde ",
      "      dcfffffge ",
      " a    acffffffa ",
      "      dcffffffe ",
      "      dcffffffe ",
      "      dcffffffe ",
      " a    acffffffa ",
      "    bbccffffffe ",
      "  bbbbccffffffe ",
      "  bbbbccffffffe ",
      " a    aeeeeeeea ",
      "                "
    ],
    [
      "                ",
      "      eeeeee    ",
      " a    am   nn   ",
      "      elp   nn  ",
      "      e!oo   ne ",
      "      el      e ",
      " ahhhSak      a ",
      " h    ej  uru e ",
      " h    ej qsrswe ",
      " h    ej  trt e ",
      " a    a   t#t a ",
      " h    i  qstswe ",
      " h    i   rrr e ",
      " h    i   rrr e ",
      " ahhhSaennnnnea ",
      "                "
    ],
    [
      "                ",
      "      ennnee    ",
      " a    a    nn   ",
      "      el    nn  ",
      "      el     ne ",
      "      el      e ",
      " a    ak      a ",
      "      ex      e ",
      "      e       e ",
      "      e    y  e ",
      " a    a    z  a ",
      "      i    y  e ",
      "      i    t  e ",
      "      i   yry e ",
      " a    aennnnnea ",
      "                "
    ],
    [
      "                ",
      "      eeeeee    ",
      " aAAAAa    nn   ",
      "      eB    nn  ",
      "      eB     ne ",
      "      eB      e ",
      " aAAAAaAAAAAAAa ",
      "      e       e ",
      "      e       e ",
      "      e       e ",
      " aAAAAaAAAAAAAa ",
      "      i       e ",
      "      i       e ",
      "      i       e ",
      " aAAAAaaaaaaaaa ",
      "                "
    ],
    [
      "                ",
      "      eeeeee    ",
      "      eCCCCCC   ",
      "      eCCCCCCC  ",
      "      eCCCCCCCe ",
      "      eCCCCCCCe ",
      "      eCCCCCCCe ",
      "      eCCCCCCCe ",
      "      eCCCCCCCe ",
      "      eCCCCCCCe ",
      "      eCCCCCCCe ",
      "      eCCCCCCCe ",
      "      eCCCCCCCe ",
      "      eCCCCCCCe ",
      "      eeeeeeeee ",
      "                "
    ],
    [
      "                ",
      "      eeeeee    ",
      "      e         ",
      "      e         ",
      "      e       e ",
      "      e       e ",
      "      e       e ",
      "      e       e ",
      "      e       e ",
      "      e       e ",
      "      e       e ",
      "      e       e ",
      "      e       e ",
      "      e       e ",
      "      eeeeeeeee ",
      "                "
    ]
  ]
}