{
  "name": "building_hotel1_floor1_180",
  "refpalette": "c70cities:building_hotel1_floor1_palette_180",
  "xsize": 16,
  "zsize": 16,
  "slices": [
    [
      "                ",
      " aadddddaaaaaaa ",
      " abbbbbbbbbbbba ",
      " fbbbbbbbbbbbbd ",
      " fbbbbbbbbbbbbd ",
      " fbbbbbbbbbbbbd ",
      " fbbbbe   bbbbd ",
      " abbbb    bbbbd ",
      " abbbb    bbbbd ",
      " abbbd    bbbbd ",
      " acccccccccccca ",
      " abbbbbbbbbbbba ",
      " abbbbbbbbbbbba ",
      " abbbbbbbbbbbba ",
      " aaaaaaaaaaaaaa ",
      "                "
    ],
    [
      "                ",
      " aaaaaaaaaaaaaa ",
      " asqsp qsp qspa ",
      " u            a ",
      " u            a ",
      " u            a ",
      " u    dee  q pa ",
      " as  t      s a ",
      " a   r     q pa ",
      " a            a ",
      " aoo aaaaaaaaaa ",
      " a n   mlkkjiia ",
      " a            a ",
      " ahhh        ga ",
      " aaaaaaaaaaaaaa ",
      "                "
    ],
    [
      "                ",
      " aaaaaaBBBBBBaa ",
      " aA y   y   y a ",
      " u            a ",
      " u            a ",
      " u            a ",
      " u      de  y u ",
      " az      e  y u ",
      " a          y u ",
      " a            u ",
      " a   aaaaaaaaaa ",
      " a     x   w  a ",
      " a            a ",
      " a            a ",
      " aaaaaaaaaaaaaa ",
      "                "
    ],
    [
      "                ",
      " aaaaaaaaaaaaaa ",
      " aA           a ",
      " u            a ",
      " u            a ",
      " u            a ",
      " u            a ",
      " az      d    a ",
      " a       e    a ",
      " a       e    a ",
      " a   aaaaaaaaaa ",
      " a            a ",
      " a            a ",
      " a            a ",
      " aaaaaaaaaaaaaa ",
      "                "
    ],
    [
      "                ",
      " aaaaaaBBaaaaaa ",
      " a            a ",
      " u            a ",
      " u            a ",
      " u            a ",
      " u            a ",
      " a            a ",
      " a            a ",
      " a     eed    a ",
      " aaaaaaaaaaaaaa ",
      " a            u ",
      " a            u ",
      " a            a ",
      " aaaaaaaaaaaaaa ",
      "                "
    ],
    [
      "                ",
      " aaaaaaaaaaaaaa ",
      " aCCCCCCCCCCCCa ",
      " fCCCCCCCCCCCCa ",
      " fCCCCCCCCCCCCa ",
      " fCCCCCCCCCCCCa ",
      " fCCCC    CCCCa ",
      " aCCCC    CCCCa ",
      " aCCCC    CCCCa ",
      " aCCCCed  CCCCa ",
      " aaaaaaaaaaaaaa ",
      " aCCCCCCCCCCCCa ",
      " aCCCCCCCCCCCCa ",
      " aCCCCCCCCCCCCa ",
      " aaaaaaaaaaaaaa ",
      "                "
    ]
  ]
}