{
  "name": "building_carservice1_ground_90",
  "refpalette": "c70cities:building_carservice1_ground_palette_90",
  "xsize": 16,
  "zsize": 16,
  "slices": [
    [
      "GGHHHHGGGGGGGGGG",
      "GGHHHHffffffGGGG",
      "Gavv==aggggggGGG",
      "GvvveefgggggggGG",
      "GvvveefgggggggfG",
      "GvvvddfgggggggfG",
      "GavvccagggggggaG",
      "Gvvvbbfgggggg!fG",
      "Gvvv  fg  g ggfG",
      "Gvvv  fg gg ggfG",
      "Gavv  agggggggaG",
      "Gvvv  fg gg ggfG",
      "Gvvv  fg g  ggfG",
      "Gvvv  fgggggg!fG",
      "GavvvvafffffffaG",
      "GGGGGGGGGGGGGGGG"
    ],
    [
      "                ",
      "      ffffff    ",
      " ahh  anppqoo   ",
      "  HH  j     oo  ",
      "   i  j      of ",
      "   i  j      uf ",
      " a i  a       a ",
      "   i  fm     qf ",
      "   i  f      sf ",
      "   i  f#     rf ",
      " a i  al     ta ",
      "   i  fk     sf ",
      "   i  fk     rf ",
      "   i  fk     qf ",
      " a iiiafooooofa ",
      "                "
    ],
    [
      "                ",
      "      foooff    ",
      " a    a   qoo   ",
      "      j     oo  ",
      "  hh  j      of ",
      "  HH  j      uf ",
      " aSwwwa       a ",
      "      f      qf ",
      "      f       f ",
      "      f       f ",
      " a    ay      a ",
      "      fx      f ",
      "      f       f ",
      "      f      qf ",
      " aSwwwafooooofa ",
      "                "
    ],
    [
      "                ",
      "      ffffff    ",
      " a    a    oo   ",
      "      j     oo  ",
      "      j      of ",
      "      j      uf ",
      " ahh  a       a ",
      "  HH  f       f ",
      "      f       f ",
      "      f       f ",
      " a    a       a ",
      "      f       f ",
      "      f       f ",
      "      f       f ",
      " a    afooooofa ",
      "                "
    ],
    [
      "                ",
      "      ffffff    ",
      " aSwwwa    oo   ",
      " w    f     oo  ",
      " w    f      of ",
      " w    f      uf ",
      " a    a       a ",
      " w    f       f ",
      " whh  f       f ",
      " wHH  f       f ",
      " aSwwwa       a ",
      "      f       f ",
      "      f       f ",
      "      f       f ",
      " a    afzzzzzfa ",
      "                "
    ],
    [
      "                ",
      "      ffffff    ",
      " a    a    oo   ",
      "      f  w  oo  ",
      "      f  ww  of ",
      "      f  www uf ",
      " a    a  wwww a ",
      "      f  wwwwwf ",
      "      f  wwwwwf ",
      "      f  wwwwwf ",
      " ahhAaa  wwwwwa ",
      "  HH  f  wwwwwf ",
      "      f  wwwwwf ",
      "      f  wwwwwf ",
      " a    afffffffa ",
      "                "
    ]
  ]
}