{
  "name": "building_apartment1_ground_90",
  "refpalette": "c70cities:building_apartment1_ground_palette_90",
  "xsize": 16,
  "zsize": 16,
  "slices": [
    [
      "GGGGGGGGGGGGGGGG",
      "GaaaaaaaaaaaaaaG",
      "GaaaaaaaaaaaaaaG",
      "GaaaaaaaaaaaaaaG",
      "GaaaaaaaaaaaaaaG",
      "GaaaaaaaaaaaaaaG",
      "GaaaaaaaaaaaaaaG",
      "GaaaaaaaaaaaaaaG",
      "GaaaaaaaaaaaaaaG",
      "GaaaaaaaaaaaaaaG",
      "GaaaaaaaaaaaaaaG",
      "GaaaaaaaaaaaaaaG",
      "GaaaaaaaaaaaaaaG",
      "GaaaaaaaaaaaaaaG",
      "GaaaaaaaaaaaaaaG",
      "GGGGGGGGGGGGGGGG"
    ],
    [
      "                ",
      " bdddddddb      ",
      " b mmm  pbCCCC  ",
      " cjllls zb FrC  ",
      " cjllls yb   J  ",
      " c kkk  #b   J  ",
      " cbbb    bBEbbb ",
      " ci o        pM ",
      " ch b         L ",
      " cbbbb w   DD L ",
      " cggn      DI L ",
      " cf        D  L ",
      " ce        DI L ",
      " b   pruurp   L ",
      " bdddbqtxAddddK ",
      "                "
    ],
    [
      "                ",
      " bdddddddb      ",
      " b      pbTJCC  ",
      " b       b  FC  ",
      " b       b  WC  ",
      " b       b   C  ",
      " bbbb    bRVbbb ",
      " bN O        pM ",
      " b  b         L ",
      " bbbbb        L ",
      " bg        U  L ",
      " b            L ",
      " b            L ",
      " b   pr  rp   L ",
      " bdddbqPQAddddK ",
      "                "
    ],
    [
      "                ",
      " bdddddddb      ",
      " b       bCCC2  ",
      " L       b   1  ",
      " L       b  0C  ",
      " b       b  rC  ",
      " bbbb    bZZbbb ",
      " L  X         M ",
      " L  b         L ",
      " bbbbb        L ",
      " b            L ",
      " L            L ",
      " L            L ",
      " b    r  r    L ",
      " bdddbqYYAddddK ",
      "                "
    ],
    [
      "                ",
      " b3333333b      ",
      " b       b111C  ",
      " c       b   J  ",
      " c       b   J  ",
      " b       b 405  ",
      " bbbbbbbbbbbbbb ",
      " c  b         M ",
      " c  b         M ",
      " bbbbb        M ",
      " b            M ",
      " c            M ",
      " c            M ",
      " b    rrrr    M ",
      " b333bq  A3333q ",
      "                "
    ],
    [
      "                ",
      " bbbbbbbbb      ",
      " bCCCCCCCbCCCC  ",
      " bCCCCCCCb   C  ",
      " bCCCCCCCb   C  ",
      " bCCCCCCCbr9 C  ",
      " bbbbbbbbbbbbbb ",
      " b66bCCCCCCCCCb ",
      " b66bCCCCCCCCCb ",
      " bbbbbC78CCCCCb ",
      " bCCCCC!wCCCCCb ",
      " bCCCCCCCCCCCCb ",
      " bCCCCCCCCCCCCb ",
      " bCCCCCCCCCCCCb ",
      " bbbbbbbbbbbbbb ",
      "                "
    ]
  ]
}