{
  "name": "building_carservice1_floor2_180",
  "refpalette": "c70cities:building_carservice1_floor2_palette_180",
  "xsize": 16,
  "zsize": 16,
  "slices": [
    [
      "                ",
      "    eeaeeeaeeea ",
      "   ddif   gggfe ",
      "  ddcff   ghgfe ",
      " edcfff   ghgfe ",
      " ecffff ! gggfe ",
      " effffffffffffe ",
      " effffffffffffe ",
      " ecccccccccccce ",
      " eadddadddaccca ",
      "         Hbbbb  ",
      "         Hbbbb  ",
      "            bb  ",
      "            bb  ",
      "  a   a   a   a ",
      "                "
    ],
    [
      "                ",
      "    eeaeeeaeeea ",
      "   ppi u usts e ",
      "  pp       w  p ",
      " ep        w  p ",
      " e     u ustsrp ",
      " eq           p ",
      " en           p ",
      " e#oonmll     e ",
      " eaeeeaeeeakkka ",
      "      SHb     S ",
      "      jHb     j ",
      "      j       j ",
      "      j       j ",
      "  a   ajjjajjja ",
      "                "
    ],
    [
      "                ",
      "    eeaeeeaeeea ",
      "   ppiCBBB D Ce ",
      "  pp   BbBA A p ",
      " ep    BbBA A p ",
      " e     BBB A  p ",
      " p            p ",
      " p            p ",
      " p z  y       e ",
      " eaeeeaeeeakkka ",
      "     Hb         ",
      "     Hb         ",
      "      x         ",
      "      a         ",
      "  a   a   a   a ",
      "                "
    ],
    [
      "                ",
      "    eeaeeeaeeea ",
      "   ppi        e ",
      "  pp          p ",
      " ep           p ",
      " e            p ",
      " e            p ",
      " e            p ",
      " e            e ",
      " eaeeeaeeeakkka ",
      "   bb           ",
      "   bb           ",
      "   bbbbH        ",
      "   bbbbH        ",
      "  a   a   a   a ",
      "                "
    ],
    [
      "                ",
      "    eeaeeeaeeea ",
      "   ppi        e ",
      "  pp          E ",
      " ep           E ",
      " e            E ",
      " e            E ",
      " e            E ",
      " e            e ",
      " eaeeeaeeeaeeea ",
      "  j       j     ",
      "  j       j     ",
      "  j     bHj     ",
      "  S     bHS     ",
      "  ajjjajjja   a ",
      "                "
    ],
    [
      "                ",
      "    eeaeeeaeeea ",
      "   ppi jjjjjjje ",
      "  pp  jjjjjjjje ",
      " ep  jjjjjjjjje ",
      " e  jjjjjjjjjje ",
      " e jjjjjjjjjjje ",
      " e            e ",
      " e            e ",
      " eaeeeaeeeaeeea ",
      "          a     ",
      "          x     ",
      "          bH    ",
      "          bH    ",
      "  a   a   a   a ",
      "                "
    ]
  ]
}