{
  "name": "building_carservice1_floor2_270",
  "refpalette": "c70cities:building_carservice1_floor2_palette_270",
  "xsize": 16,
  "zsize": 16,
  "slices": [
    [
      "                ",
      " aeeeeeeea    a ",
      " effffffccbbbb  ",
      " eggggffccbbbb  ",
      " eghhgffccbb    ",
      " aggggffcabb  a ",
      " e    ffcdHH    ",
      " e   !ffcd      ",
      " e    ffcd      ",
      " affffffca    a ",
      " eifffffcd      ",
      " edcffffcd      ",
      "  ddcfffcd      ",
      "   ddcffca    a ",
      "    eeeeee      ",
      "                "
    ],
    [
      "                ",
      " aepppppeaSjjja ",
      " e   r   k    j ",
      " es  s   k    j ",
      " etwwt   k    j ",
      " as  s   a    a ",
      " eu  u   e    j ",
      " e      lebb  j ",
      " eu  u  leHH  j ",
      " a      maSjjja ",
      " ei     ne      ",
      " ep     oe      ",
      "  pp    oe      ",
      "   pp qn#a    a ",
      "    eeeeee      ",
      "                "
    ],
    [
      "                ",
      " aepppppea    a ",
      " eC      k      ",
      " e AA    k      ",
      " eD  A   k      ",
      " a AA    a    a ",
      " eBBBB   e      ",
      " eBbbB   e      ",
      " eBBBB   e      ",
      " aC     yabbxaa ",
      " ei      eHH    ",
      " ep      e      ",
      "  pp    ze      ",
      "   pp    a    a ",
      "    eepppe      ",
      "                "
    ],
    [
      "                ",
      " aepppppea    a ",
      " e       k      ",
      " e       k      ",
      " e       k      ",
      " a       a    a ",
      " e       e      ",
      " e       e      ",
      " e       e  HH  ",
      " a       a  bba ",
      " ei      e  bb  ",
      " ep      ebbbb  ",
      "  pp     ebbbb  ",
      "   pp    a    a ",
      "    eeeeee      ",
      "                "
    ],
    [
      "                ",
      " aeEEEEEea    a ",
      " e       e      ",
      " e       e      ",
      " e       e      ",
      " a       ajjjSa ",
      " e       e  HHj ",
      " e       e  bbj ",
      " e       e    j ",
      " a       a    a ",
      " ei      e    j ",
      " ep      e    j ",
      "  pp     e    j ",
      "   pp    ajjjSa ",
      "    eeeeee      ",
      "                "
    ],
    [
      "                ",
      " aeeeeeeea    a ",
      " ejjjjj  e      ",
      " ejjjjj  e      ",
      " ejjjjj  e  HH  ",
      " ajjjjj  aaxbba ",
      " ejjjjj  e      ",
      " ejjjjj  e      ",
      " ejjjjj  e      ",
      " a jjjj  a    a ",
      " ei jjj  e      ",
      " ep  jj  e      ",
      "  pp  j  e      ",
      "   pp    a    a ",
      "    eeeeee      ",
      "                "
    ]
  ]
}