{
  "name": "building_hotel1_floor1_270",
  "refpalette": "c70cities:building_hotel1_floor1_palette_270",
  "xsize": 16,
  "zsize": 16,
  "slices": [
    [
      "                ",
      " aadddddddaaaaa ",
      " abbbbbbbbcbbba ",
      " abbbbbbbbcbbba ",
      " abbbbbbbbcbbba ",
      " abbbbbbbbcbbba ",
      " abbbb    cbbba ",
      " abbbb    cbbba ",
      " dbbbb    cbbba ",
      " dbbbbe   cbbba ",
      " dbbbbbbbdcbbba ",
      " dbbbbbbbbcbbba ",
      " dbbbbbbbbcbbba ",
      " abbbbbbbbcbbba ",
      " aaffffaaaaaaaa ",
      "                "
    ],
    [
      "                ",
      " aaaaaaaaaaaaaa ",
      " ap   p p ai ga ",
      " as    s  ai  a ",
      " aq   q q aj  a ",
      " a        ak  a ",
      " ap       ak  a ",
      " as   e   al  a ",
      " aq   e   am  a ",
      " a    d   a   a ",
      " ap    tr a   a ",
      " as          ha ",
      " aq       on ha ",
      " as    s  o  ha ",
      " aauuuuaaaaaaaa ",
      "                "
    ],
    [
      "                ",
      " aaaaauuuuaaaaa ",
      " a        a   a ",
      " By   yyy a   a ",
      " B        aw  a ",
      " B        a   a ",
      " B    ee  a   a ",
      " By   d   a   a ",
      " B        ax  a ",
      " a        a   a ",
      " a        a   a ",
      " ay           a ",
      " a            a ",
      " aA    z      a ",
      " aauuuuaaaaaaaa ",
      "                "
    ],
    [
      "                ",
      " aaaaaaaaaaaaaa ",
      " a        a   a ",
      " a        a   a ",
      " a        a   a ",
      " a        a   a ",
      " a     deea   a ",
      " a        a   a ",
      " a        a   a ",
      " a        a   a ",
      " a        a   a ",
      " a            a ",
      " a            a ",
      " aA    z      a ",
      " aauuuuaaaaaaaa ",
      "                "
    ],
    [
      "                ",
      " aaaaaaaaaauuaa ",
      " a        a   a ",
      " a        a   a ",
      " a        a   a ",
      " a        a   a ",
      " a       da   a ",
      " B       ea   a ",
      " B       ea   a ",
      " a        a   a ",
      " a        a   a ",
      " a        a   a ",
      " a        a   a ",
      " a        a   a ",
      " aauuuuaaaaaaaa ",
      "                "
    ],
    [
      "                ",
      " aaaaaaaaaaaaaa ",
      " aCCCCCCCCaCCCa ",
      " aCCCCCCCCaCCCa ",
      " aCCCCCCCCaCCCa ",
      " aCCCCCCCCaCCCa ",
      " aCCCC    aCCCa ",
      " aCCCC    aCCCa ",
      " aCCCC   daCCCa ",
      " aCCCC   eaCCCa ",
      " aCCCCCCCCaCCCa ",
      " aCCCCCCCCaCCCa ",
      " aCCCCCCCCaCCCa ",
      " aCCCCCCCCaCCCa ",
      " aaffffaaaaaaaa ",
      "                "
    ]
  ]
}