{
  "name": "building_hotel1_top",
  "refpalette": "c70cities:building_hotel1_top_palette",
  "xsize": 16,
  "zsize": 16,
  "slices": [
    [
      "                ",
      " aaaaaaaaaaaaaa ",
      " a^bbbbbbbbbb^a ",
      " abccccbbccccba ",
      " abccccbbccccba ",
      " abccbbbbbbbbba ",
      " dbccb    dbbba ",
      " dbbbb    bbbba ",
      " dbbbb    bbbbe ",
      " dbccb    bccbe ",
      " dbccbbbbbbccbe ",
      " dbccccbbccccbe ",
      " dbccccbbccccbe ",
      " a^bbbbbbbbbb^a ",
      " aaaaaaadddddaa ",
      "                "
    ],
    [
      "                ",
      " aaaaaaaaaaaaaa ",
      " a          # a ",
      " a            a ",
      " a            a ",
      " a   fggggh   a ",
      " a   i        a ",
      " a   i    j   k ",
      " a   i    i   k ",
      " a   i    i   k ",
      " a   lggggm   k ",
      " a            k ",
      " a            k ",
      " a            a ",
      " aaaaaaaaaaaaaa ",
      "                "
    ],
    [
      "                ",
      " aaaaaaaaaaaaaa ",
      " a            a ",
      " a            a ",
      " a            a ",
      " a            a ",
      " k            k ",
      " k            k ",
      " k            k ",
      " k            k ",
      " a            k ",
      " a            k ",
      " a            k ",
      " a            a ",
      " aannnnnnaaaaaa ",
      "                "
    ],
    [
      "                ",
      " aaaaaaaaaaaaaa ",
      " a            a ",
      " a            a ",
      " a            a ",
      " a            k ",
      " a            k ",
      " a            k ",
      " a            k ",
      " a            k ",
      " a            k ",
      " a            k ",
      " a            k ",
      " a            a ",
      " aaaaaaaaaaaaaa ",
      "                "
    ],
    [
      "                ",
      " aaaaaaaaaaaaaa ",
      " aooooooooooooa ",
      " aoppppppppppoa ",
      " aoppppppppppoo ",
      " aoppppppppppoo ",
      " aoppppppppppoo ",
      " aoppppppppppoo ",
      " aoppppppppppoo ",
      " aoppppppppppoo ",
      " aoppppppppppoo ",
      " aoppppppppppoo ",
      " aoppppppppppoo ",
      " aooooooooooooa ",
      " aaaaaaaaaaaaaa ",
      "                "
    ],
    [
      "                ",
      " aaaaaaaaaaaaaa ",
      " a            a ",
      " a              ",
      " a              ",
      " a              ",
      " a              ",
      " a              ",
      " a              ",
      " a              ",
      " a              ",
      " a              ",
      " a              ",
      " a            a ",
      " aaaaaaaaaaaaaa ",
      "                "
    ]
  ]
}