{
  "name": "building_carservice1_ground_180",
  "refpalette": "c70cities:building_carservice1_ground_palette_180",
  "xsize": 16,
  "zsize": 16,
  "slices": [
    [
      "GGGGGGGGGGGGGGGG",
      "GGGGeeaeeeaeeeaG",
      "GGGffff!fffff!eG",
      "GGffffffffffffeG",
      "Geffffff fml feG",
      "Gefffffff kjifeG",
      "Geffffffff hgfeG",
      "GeffffffffffffeG",
      "GeffffffffffffeG",
      "GeaeeeaeeeaeeeaG",
      "HH=ddcb       vG",
      "HH=ddcb       vG",
      "HHvvvvvvvvvvvvvG",
      "HHvvvvvvvvvvvvvG",
      "GGavvvavvvavvvaG",
      "GGGGGGGGGGGGGGGG"
    ],
    [
      "                ",
      "    eeaeeeaeeea ",
      "   AzF ECCDCCBe ",
      "  Az          w ",
      " ez           w ",
      " ey           w ",
      " ex           w ",
      " ex           w ",
      " eu    t #srrre ",
      " ea   aeeeaeeea ",
      "              q ",
      "              q ",
      "  nHppppppppppo ",
      "  nH            ",
      "  a   a   a   a ",
      "                "
    ],
    [
      "                ",
      "    eeaeeeaeeea ",
      "   AzF E     Be ",
      "  Az          w ",
      " ez           w ",
      " ey           w ",
      " w            w ",
      " w            w ",
      " w        KJ  e ",
      " ea   aeeeaeeea ",
      "      I       I ",
      "      I       I ",
      "    nHI       I ",
      "    nHS       S ",
      "  a   a   a   a ",
      "                "
    ],
    [
      "                ",
      "    eeaeeeaeeea ",
      "   AzF        e ",
      "  Az          w ",
      " ez           w ",
      " e            w ",
      " e            w ",
      " e            w ",
      " e            e ",
      " eaLLLaeeeaeeea ",
      "                ",
      "                ",
      "      nH        ",
      "      nH        ",
      "  a   a   a   a ",
      "                "
    ],
    [
      "                ",
      "    eeaeeeaeeea ",
      "   AzF        e ",
      "  Az          M ",
      " ez           M ",
      " e            M ",
      " e            M ",
      " e            M ",
      " e            e ",
      " eaeeeaeeeaeeea ",
      "  I       I     ",
      "  I       I     ",
      "  I     nHI     ",
      "  S     nHS     ",
      "  aIIIaIIIa   a ",
      "                "
    ],
    [
      "                ",
      "    eeaeeeaeeea ",
      "   AzF IIIIIIIe ",
      "  Az  IIIIIIIIe ",
      " ez  IIIIIIIIIe ",
      " e  IIIIIIIIIIe ",
      " e IIIIIIIIIIIe ",
      " e            e ",
      " e            e ",
      " eaeeeaeeeaeeea ",
      "          a     ",
      "          N     ",
      "          nH    ",
      "          nH    ",
      "  a   a   a   a ",
      "                "
    ]
  ]
}