{
  "name": "building_bank1_ground_270",
  "refpalette": "c70cities:building_bank1_ground_palette_270",
  "xsize": 16,
  "zsize": 16,
  "slices": [
    [
      "GGGGGGGGGGGGGGGG",
      "GGaGGaaaaGGaaaGG",
      "GabbbbbbbbbbbbaG",
      "GabcbbbbbbbbbbGG",
      "GabbbbbbbbbbbbGG",
      "GGbbbbbbbbbbbbaG",
      "GGbbbbbbbbbbbbaG",
      "Gabb!bbbbbbbbbaG",
      "GabbbbbbbbbbbbaG",
      "GabbbbbbbbbbbbGG",
      "GabbbbbbbbbbbbGG",
      "GGbbbbbbbbbbbbaG",
      "GGbbbbbbbbbbbbaG",
      "GabbbbbbbbbbbbaG",
      "GGaaaGGaaaaGGaGG",
      "GGGGGGGGGGGGGGGG"
    ],
    [
      "                ",
      " ta  aaaa  aaad ",
      " affgfmfffgfffa ",
      " af  anl     f  ",
      " afaqa   k k g  ",
      "  g     iiiiifa ",
      "  f          fa ",
      " afrr        fa ",
      " afrs o      fa ",
      " afrs p      f  ",
      " afrr        g  ",
      "  g          fa ",
      "  f          ha ",
      " afffgjffffgjfa ",
      " uaaa  aaaa  ae ",
      "                "
    ],
    [
      "                ",
      " ta  aaaa  aaad ",
      " affgfmfffgfffa ",
      " af  any     f  ",
      " afaza       g  ",
      "  g     x    fa ",
      "  f          fa ",
      " af          fa ",
      " af          fa ",
      " af          f  ",
      " af          g  ",
      "  g          fa ",
      "  f          ha ",
      " afffgwffffgwfa ",
      " uaaa  aaaa  ae ",
      "                "
    ],
    [
      "                ",
      " FE  aaaE  aaaA ",
      " afgffmffgffffB ",
      " af  any     g  ",
      " afaaa       f  ",
      "  f          fa ",
      "  g          fa ",
      " If          fa ",
      " af          fB ",
      " af          g  ",
      " af          f  ",
      "  f          fa ",
      "  g          fa ",
      " Iffffgfffffgfa ",
      " Jaaa  Daaa  DC ",
      "                "
    ],
    [
      "                ",
      " M   aaa   aaaK ",
      " afgffmffgffff  ",
      " af  an      g  ",
      " afaaa       f  ",
      "  f          fa ",
      "  g          fa ",
      "  f          fa ",
      " af          f  ",
      " af          g  ",
      " af          f  ",
      "  f          fa ",
      "  g          fa ",
      "  ffffgfffffgfa ",
      " Naaa   aaa   L ",
      "                "
    ],
    [
      "                ",
      "    RaaE  RaaE  ",
      " Igfffmfgffffg  ",
      " afPPan    PPf  ",
      " afaaaPPPPPPPfO ",
      " VfPPPPPPPPPPfa ",
      "  fPPPPPPPPPPfa ",
      "  gPPTTTTTTPPfB ",
      " IfPPTUUUUTPPg  ",
      " afPPTUUUUTPPf  ",
      " afPPTTTTTTPPfO ",
      " VfPPPPPPPPPPfa ",
      "  fPPPPPPPPPPfa ",
      "  gffffgfffffgB ",
      "  DaaQ  DaaQ    ",
      "                "
    ]
  ]
}