{
  "name": "building_hotel1_floor3_90",
  "refpalette": "c70cities:building_hotel1_floor3_palette_90",
  "xsize": 16,
  "zsize": 16,
  "slices": [
    [
      "                ",
      " aaaaaaaaffffaa ",
      " abbbcbbbbbbbba ",
      " abbbcbbbbbbbbd ",
      " abbbcbbbbbbbbd ",
      " abbbcdbbbbbbbd ",
      " abbbc   ecccbd ",
      " abbbc    cbbbd ",
      " abbbc    cbbba ",
      " abbbc    cbbba ",
      " abbbccccccbbba ",
      " abbbbbbbbbbbba ",
      " abbbbbbbbbbbba ",
      " abbbbbbbbbbbba ",
      " aaaaadddddddaa ",
      "                "
    ],
    [
      "                ",
      " aaaaaaaaffffaa ",
      " a   a  m    ma ",
      " ak  p      zea ",
      " a   a      zea ",
      " a  no rr   eea ",
      " aj  a   daaaaa ",
      " ai =a   eauyAa ",
      " ai =a   eatx a ",
      " ah  a    aff a ",
      " a  noaaaao#  a ",
      " a    =qq=asw a ",
      " agm      asw a ",
      " a l          a ",
      " aaaaaaaaaaaaaa ",
      "                "
    ],
    [
      "                ",
      " aaaaaaaaffffaa ",
      " a   a  E    Ea ",
      " a   C        a ",
      " a   a        a ",
      " a  no        a ",
      " a   a    aaaaa ",
      " a   a    a   f ",
      " a   a   da   f ",
      " a   a  eeaff f ",
      " a  noaaaao   f ",
      " a    D  Fa   f ",
      " a B      a   f ",
      " a            a ",
      " aaaaaffffaaaaa ",
      "                "
    ],
    [
      "                ",
      " aaaaaaaa fffaa ",
      " a   a  E    Ea ",
      " a   a        a ",
      " a   a        a ",
      " aF no        a ",
      " a   a    aaaaa ",
      " a   a    a   a ",
      " a   a    a   a ",
      " a   aeed aff a ",
      " aF noaaaaoF  a ",
      " a     zz a   a ",
      " a        a   a ",
      " a        a   a ",
      " aaaaaaaaaaaaaa ",
      "                "
    ],
    [
      "                ",
      " aaaaaaaaffffaa ",
      " a   a        a ",
      " a   a        a ",
      " a   a        a ",
      " aI  o        a ",
      " a   a    aaaaa ",
      " a   ae   a   f ",
      " a   ae   a   f ",
      " a   ad   afffa ",
      " aI  oaaaaoI  a ",
      " a        a   a ",
      " a        a   a ",
      " a        a   a ",
      " aaffaaaaaaaaaa ",
      "                "
    ],
    [
      "                ",
      " aaaaaaaaffffaa ",
      " aJJJaJJJJJJJJa ",
      " aJJJaJJJJJJJJa ",
      " aJJJaJJJJJJJJa ",
      " aJJJoJJJJJJJJa ",
      " aJJJae   aaaaa ",
      " aJJJad   aJJJa ",
      " aJJJa    aJJJa ",
      " aJJJa    aJJJa ",
      " aJJJoaaaaoJJJa ",
      " aJJJJJJJJaJJJa ",
      " aJJJJJJJJaJJJa ",
      " aJJJJJJJJaJJJa ",
      " aaaaaaaaaaaaaa ",
      "                "
    ]
  ]
}