{
  "name": "building_bank1_ground",
  "refpalette": "c70cities:building_bank1_ground_palette",
  "xsize": 16,
  "zsize": 16,
  "slices": [
    [
      "GGGGGGGGGGGGGGGG",
      "GGaGGaaaaGGaaaGG",
      "GabbbbbbbbbbbbaG",
      "GabbbbbbbbbbbbGG",
      "GabbbbbbbbbbbbGG",
      "GGbbbbbbbbbbbbaG",
      "GGbbbbbbbbbbbbaG",
      "GabbbbbbbbbbbbaG",
      "GabbbbbbbbbbbbaG",
      "GabbbbbbbbbbbbGG",
      "GabbbbbbbbbbbbGG",
      "GGbbbbb!bbbbbbaG",
      "GGbcbbbbbbbbbbaG",
      "GabbbbbbbbbbbbaG",
      "GGaaaGGaaaaGGaGG",
      "GGGGGGGGGGGGGGGG"
    ],
    [
      "                ",
      " da  aaaa  aaae ",
      " affgfffffgfhfa ",
      " af  i       j  ",
      " af ki       g  ",
      "  g  i       fa ",
      "  f ki       fa ",
      " af  i       fa ",
      " afl         fa ",
      " amn    op   j  ",
      " afaa        g  ",
      "  g q  rssr  fa ",
      "  f a  rrrr  fa ",
      " afffgfffffgffa ",
      " taaa  aaaa  au ",
      "                "
    ],
    [
      "                ",
      " da  aaaa  aaae ",
      " affgfffffgfhfa ",
      " af          w  ",
      " af          g  ",
      "  g          fa ",
      "  f          fa ",
      " af  x       fa ",
      " afy         fa ",
      " amn         w  ",
      " afaa        g  ",
      "  g z        fa ",
      "  f a        fa ",
      " afffgfffffgffa ",
      " taaa  aaaa  au ",
      "                "
    ],
    [
      "                ",
      " AB  aaaB  aaaC ",
      " afgfffffgffffD ",
      " af          g  ",
      " af          f  ",
      "  f          fa ",
      "  g          fa ",
      " Ef          fa ",
      " afy         fD ",
      " amn         g  ",
      " afaa        f  ",
      "  f a        fa ",
      "  g a        fa ",
      " Effffgfffffgfa ",
      " Faaa  Iaaa  IJ ",
      "                "
    ],
    [
      "                ",
      " K   aaa   aaaL ",
      " afgfffffgffff  ",
      " af          g  ",
      " af          f  ",
      "  f          fa ",
      "  g          fa ",
      "  f          fa ",
      " af          f  ",
      " amn         g  ",
      " afaa        f  ",
      "  f a        fa ",
      "  g a        fa ",
      "  ffffgfffffgfa ",
      " Maaa   aaa   N ",
      "                "
    ],
    [
      "                ",
      "    OaaB  OaaB  ",
      " Egfffffgffffg  ",
      " afPPPPPPPPPPf  ",
      " afPPPPPPPPPPfQ ",
      " Rf PPPTTTTPPfa ",
      "  f PPPTUUTPPfa ",
      "  g PPPTUUTPPfD ",
      " Ef PPPTUUTPPg  ",
      " amnPPPTUUTPPf  ",
      " afaaPPTTTTPPfQ ",
      " RfPaPPPPPPPPfa ",
      "  fPaPPPPPPPPfa ",
      "  gffffgfffffgD ",
      "  IaaV  IaaV    ",
      "                "
    ]
  ]
}