{
  "name": "building_carservice1_top_90",
  "refpalette": "c70cities:building_carservice1_top_palette_90",
  "xsize": 16,
  "zsize": 16,
  "slices": [
    [
      "                ",
      "      eeeeee    ",
      " a    acffcgh   ",
      "      dcfffcgh  ",
      "      dcffffcge ",
      "      dcfffffie ",
      " a    acffffffa ",
      "      dcffffffe ",
      "      dcffffffe ",
      "      dcffffffe ",
      " a    acffffffa ",
      "    bbccffffffe ",
      "  bbbbccffffffe ",
      "  bbbbccffffffe ",
      " a    aeeeeeeea ",
      "                "
    ],
    [
      "                ",
      "      eeeeee    ",
      " a    ao   zA   ",
      "      enr   zA  ",
      "      e!qq   ze ",
      "      en      e ",
      " ajjjSam      a ",
      " j    el  yuy e ",
      " j    el swuwBe ",
      " j    el  xux e ",
      " a    a   x#x a ",
      " j    k  swxwBe ",
      " j    k   uuu e ",
      " j    k   uuu e ",
      " ajjjSaepptttea ",
      "                "
    ],
    [
      "                ",
      "      epppee    ",
      " a    a    zA   ",
      "      en    zA  ",
      "      en     ze ",
      "      en      e ",
      " a    am      a ",
      "      eC      e ",
      "      e       e ",
      "      e    D  e ",
      " a    a    E  a ",
      "      k    D  e ",
      "      k    x  e ",
      "      k   DuD e ",
      " a    aeppptpea ",
      "                "
    ],
    [
      "                ",
      "      eeeeee    ",
      " aFFFFa    zA   ",
      "      eK    zA  ",
      "      eJ     ze ",
      "      eI      e ",
      " aFFFFaFFFFFFFa ",
      "      e       e ",
      "      e       e ",
      "      e       e ",
      " aFFFFaFFFFFFFa ",
      "      k       e ",
      "      k       e ",
      "      k       e ",
      " aFFFFaaaaaaaaa ",
      "                "
    ],
    [
      "                ",
      "      eeeeee    ",
      "      eLLLLLL   ",
      "      eLLLLLLL  ",
      "      eLLLLLLLe ",
      "      eLLLLLLLe ",
      "      eLLLLLLLe ",
      "      eLLLLLLLe ",
      "      eLLLLLLLe ",
      "      eLLLLLLLe ",
      "      eLLLLLLLe ",
      "      eLLLLLLLe ",
      "      eLLLLLLLe ",
      "      eLLLLLLLe ",
      "      eeeeeeeee ",
      "                "
    ],
    [
      "                ",
      "      eeeeee    ",
      "      e         ",
      "      e         ",
      "      e       e ",
      "      e       e ",
      "      e       e ",
      "      e       e ",
      "      e       e ",
      "      e       e ",
      "      e       e ",
      "      e       e ",
      "      e       e ",
      "      e       e ",
      "      eeeeeeeee ",
      "                "
    ]
  ]
}