{
  "name": "building_hotel1_floor2_180",
  "refpalette": "c70cities:building_hotel1_floor2_palette_180",
  "xsize": 16,
  "zsize": 16,
  "slices": [
    [
      "                ",
      " aadddddaaaaaaa ",
      " abbbbbbbbbbbba ",
      " fbbbbcbbbbbbbd ",
      " fbbbbcbbbbbbbd ",
      " fbbbbcccccbbbd ",
      " fbbbbe   cbbbd ",
      " abbbb    cbbbd ",
      " abbbb    cbbbd ",
      " abbbd    cbbbd ",
      " acccccccccbbba ",
      " abbbbbbbbbbbba ",
      " abbbbbbbbbbbba ",
      " abbbbbbbbbbbba ",
      " aaaaaaaaaaaaaa ",
      "                "
    ],
    [
      "                ",
      " aaaaaaaaaaaaaa ",
      " ameeeaA      a ",
      " f zzeayxf ww a ",
      " f    autf ss a ",
      " f    aaaaoaa a ",
      " f    dee a=  a ",
      " am  r    aq  a ",
      " a   r    aq  a ",
      " a        a=  a ",
      " aapaoaaaao#  a ",
      " a   n == n   a ",
      " a          mla ",
      " a k  jiih  g a ",
      " aaaaaaaaaaaaaa ",
      "                "
    ],
    [
      "                ",
      " aaaaaaffffffaa ",
      " aF   a       a ",
      " f    a  f    a ",
      " f    a  f    a ",
      " f    aaaaoaa a ",
      " f      deaI  f ",
      " aF      ea   f ",
      " a        a   f ",
      " a        aE  f ",
      " aaDaoaaaao   a ",
      " a   n C  n   a ",
      " a          B a ",
      " a            a ",
      " aaaaaaaaaaaaaa ",
      "                "
    ],
    [
      "                ",
      " aaaaaaaaaaaaaa ",
      " aF   a       a ",
      " f    a  f    a ",
      " f    a  fI   a ",
      " f    aaaaoaaaa ",
      " f        a   a ",
      " aF      daz  a ",
      " a       eaz  a ",
      " a       ea   a ",
      " aaaaoaaaao   a ",
      " a            a ",
      " a            a ",
      " a   I    I   a ",
      " aaaaaaaaaaaaaa ",
      "                "
    ],
    [
      "                ",
      " aaaaaaffaaaaaa ",
      " a    a  f    a ",
      " f    a  f    a ",
      " f    a  fJ   a ",
      " f    aaaaoaaaa ",
      " f        a   a ",
      " a        a   a ",
      " a        a   a ",
      " a     eeda   a ",
      " aaaaoaaaao   a ",
      " a            f ",
      " a            f ",
      " a   J    J   a ",
      " aaaaaaaaaaaaaa ",
      "                "
    ],
    [
      "                ",
      " aaaaaaaaaaaaaa ",
      " aKKKKaKKKKKKKa ",
      " fKKKKaKKKKKKKa ",
      " fKKKKaKKKKKKKa ",
      " fKKKKaaaaoKKKa ",
      " fKKKK    aKKKa ",
      " aKKKK    aKKKa ",
      " aKKKK    aKKKa ",
      " aKKKKed  aKKKa ",
      " aaaaoaaaaoKKKa ",
      " aKKKKKKKKKKKKa ",
      " aKKKKKKKKKKKKa ",
      " aKKKKKKKKKKKKa ",
      " aaaaaaaaaaaaaa ",
      "                "
    ]
  ]
}