{
  "name": "building_hotel2_base1_180",
  "refpalette": "c70cities:building_hotel2_base1_palette_180",
  "xsize": 16,
  "zsize": 16,
  "slices": [
    [
      "vvvvvvvvvvvvvvvv",
      "vaaaaaaaaaaaaaav",
      "va!bbbb!bbbbb!av",
      "vabbbbbbbbbbbbav",
      "vabbbbbbbbbbbbav",
      "vabbbbbbbbbbbbav",
      "vabbbbbbbbbbbbav",
      "vabbbbbbbbbbbbav",
      "vabbbbbbbbbbbbav",
      "vabbbbbbbbbbbbav",
      "vabbbbbbbbbbbbav",
      "vabbbbbbbbbbbbav",
      "vabbbbbbbbbbbbav",
      "vabbbbbbbbbbbbav",
      "vaaaaaaaaaaaaaav",
      "vvvvvvvvvvvvvvvv"
    ],
    [
      "vvvvvvvvvvvvvvvv",
      "vccccccccccccccv",
      "vco  mf       fv",
      "vcl  nfi i i ifv",
      "vcl  mfe  e  efv",
      "vcl  kfg g g gfv",
      "vcf  ff       fv",
      "vcj      i i ifv",
      "vc=hhh    e  efv",
      "vcbbb=   g g gfv",
      "vcbbb=e       fv",
      "vcbbb=      e==v",
      "vcbbb=e      dcv",
      "vcbbb=       dcv",
      "vccccccccccccccv",
      "vvvvvvvvvvvvvvvv"
    ],
    [
      "vvvvvvvvvvvvvvvv",
      "vccccccccccccccv",
      "vc    f       fv",
      "vc   wf       fv",
      "vc    fj jjj jfv",
      "vc   uf       fv",
      "vcf  ff       fv",
      "vcj           fv",
      "vc=      jjj jfv",
      "vcp  r        fv",
      "vcpt rq       fv",
      "vcp  r      s==v",
      "vcp  rq      dcv",
      "vcpoo=       dcv",
      "vccccccccccccccv",
      "vvvvvvvvvvvvvvvv"
    ],
    [
      "vvvvvvvvvvvvvvvv",
      "vccccccccccccccv",
      "vc    f       fv",
      "vcy   f       fv",
      "vcz   f       fv",
      "vcy   f       fv",
      "vcf  ff       fv",
      "vcj           fv",
      "vc=           fv",
      "vct           fv",
      "vct           fv",
      "vc          s==v",
      "vct          dcv",
      "vct  x       dcv",
      "vccccccccccccccv",
      "vvvvvvvvvvvvvvvv"
    ],
    [
      "vvvvvvvvvvvvvvvv",
      "vccccccccccccccv",
      "vc    f       fv",
      "vc    f       fv",
      "vcz   f       fv",
      "vc    f       fv",
      "vcfffff       fv",
      "vcj           fv",
      "vc=           fv",
      "vct           fv",
      "vc            fv",
      "vct          ==v",
      "vct          dcv",
      "vct          dcv",
      "vccccccccccccccv",
      "vvvvvvvvvvvvvvvv"
    ],
    [
      "vvvvvvvvvvvvvvvv",
      "vccccccccccccccv",
      "vcAAAAfAAAAAAAAv",
      "vcAAAAfAAAAAAAAv",
      "vcAAAAfAAAAAAAAv",
      "vcAAAAfAAAAAAAAv",
      "vcfffffAAAAAAAAv",
      "vcAAAAAAAAAAAAAv",
      "vc=AAAAAAAAAAAAv",
      "vcCAAAAAAAAAAAAv",
      "vcBAAAAAAAAAAAAv",
      "vcBAAAAAAAAAA==v",
      "vcCAAAAAAAAAAdcv",
      "vcBAAAAAAAAAAdcv",
      "vccccccccccccccv",
      "vvvvvvvvvvvvvvvv"
    ]
  ]
}