{
  "name": "building_carservice1_ground_270",
  "refpalette": "c70cities:building_carservice1_ground_palette_270",
  "xsize": 16,
  "zsize": 16,
  "slices": [
    [
      "GGGGGGGGGGGGGGGG",
      "GafffffffavvvvaG",
      "Gf!ggggggf  vvvG",
      "Gfgg  g gf  vvvG",
      "Gfgg gg gf  vvvG",
      "Gaggggggga  vvaG",
      "Gfgg gg gf  vvvG",
      "Gfgg g  gf  vvvG",
      "Gf!ggggggfbbvvvG",
      "GagggggggaccvvaG",
      "GfgggggggfddvvvG",
      "GfgggggggfeevvvG",
      "GGgggggggfeevvvG",
      "GGGgggggga==vvaG",
      "GGGGffffffHHHHGG",
      "GGGGGGGGGGHHHHGG"
    ],
    [
      "                ",
      " afqqqqqfakki a ",
      " fw     mf  j   ",
      " fx     mf  j   ",
      " fx     mf  j   ",
      " ay     na  j a ",
      " fx     #f  j   ",
      " fx      f  j   ",
      " fz     of  j   ",
      " a       a  j a ",
      " fA      l  j   ",
      " ft      l  j   ",
      "  ut     l  HH  ",
      "   utsrrpa  hha ",
      "    ffffff      ",
      "                "
    ],
    [
      "                ",
      " afqqqqqfaBBBSa ",
      " fw      f      ",
      " f       f      ",
      " f      Cf      ",
      " a      Da    a ",
      " f       f      ",
      " f       f      ",
      " fz      f      ",
      " a       aBBBSa ",
      " fA      l  HH  ",
      " ft      l  hh  ",
      "  ut     l      ",
      "   uts   a    a ",
      "    ffqqqf      ",
      "                "
    ],
    [
      "                ",
      " afqqqqqfa    a ",
      " f       f      ",
      " f       f      ",
      " f       f      ",
      " a       a    a ",
      " f       f      ",
      " f       f      ",
      " f       f  HH  ",
      " a       a  hha ",
      " fA      l      ",
      " ft      l      ",
      "  ut     l      ",
      "   ut    a    a ",
      "    ffffff      ",
      "                "
    ],
    [
      "                ",
      " afEEEEEfa    a ",
      " f       f      ",
      " f       f      ",
      " f       f      ",
      " a       aBBBSa ",
      " f       f  HHB ",
      " f       f  hhB ",
      " f       f    B ",
      " a       a    a ",
      " fA      f    B ",
      " ft      f    B ",
      "  ut     f    B ",
      "   ut    aBBBSa ",
      "    ffffff      ",
      "                "
    ],
    [
      "                ",
      " afffffffa    a ",
      " fBBBBB  f      ",
      " fBBBBB  f      ",
      " fBBBBB  f  HH  ",
      " aBBBBB  aaFhha ",
      " fBBBBB  f      ",
      " fBBBBB  f      ",
      " fBBBBB  f      ",
      " a BBBB  a    a ",
      " fA BBB  f      ",
      " ft  BB  f      ",
      "  ut  B  f      ",
      "   ut    a    a ",
      "    ffffff      ",
      "                "
    ]
  ]
}