{
  "name": "building_carservice1_ground_180",
  "refpalette": "c70cities:building_carservice1_ground_palette_180",
  "xsize": 16,
  "zsize": 16,
  "slices": [
    [
      "GGGGGGGGGGGGGGGG",
      "GGGGffafffafffaG",
      "GGGgggg!ggggg!fG",
      "GGggggggggggggfG",
      "Gfgggggg  g  gfG",
      "Gfgggggggggg gfG",
      "Gfgggggg gggggfG",
      "Gfgggggg  g  gfG",
      "GfggggggggggggfG",
      "GfafffafffafffaG",
      "HH=eedcb      vG",
      "HH=eedcb      vG",
      "HHvvvvvvvvvvvvvG",
      "HHvvvvvvvvvvvvvG",
      "GGavvvavvvavvvaG",
      "GGGGGGGGGGGGGGGG"
    ],
    [
      "                ",
      "    ffafffafffa ",
      "   oou qsrtsrqf ",
      "  oo          o ",
      " fo           o ",
      " fq           o ",
      " fp           o ",
      " fp           o ",
      " fn    m #lkkkf ",
      " fajjjafffafffa ",
      "              i ",
      "              i ",
      "  hHiiiiiiiiiii ",
      "  hH            ",
      "  a   a   a   a ",
      "                "
    ],
    [
      "                ",
      "    ffafffafffa ",
      "   oou q     qf ",
      "  oo          o ",
      " fo           o ",
      " fq           o ",
      " o            o ",
      " o            o ",
      " o        yx  f ",
      " fajjjafffafffa ",
      "      w       w ",
      "      w       w ",
      "    hHw       w ",
      "    hHS       S ",
      "  a   a   a   a ",
      "                "
    ],
    [
      "                ",
      "    ffafffafffa ",
      "   oou        f ",
      "  oo          o ",
      " fo           o ",
      " f            o ",
      " f            o ",
      " f            o ",
      " f            f ",
      " fajjjafffafffa ",
      "                ",
      "                ",
      "      hH        ",
      "      hH        ",
      "  a   a   a   a ",
      "                "
    ],
    [
      "                ",
      "    ffafffafffa ",
      "   oou        f ",
      "  oo          z ",
      " fo           z ",
      " f            z ",
      " f            z ",
      " f            z ",
      " f            f ",
      " fafffafffafffa ",
      "  w       w     ",
      "  w       w     ",
      "  w     hHw     ",
      "  S     hHS     ",
      "  awwwawwwa   a ",
      "                "
    ],
    [
      "                ",
      "    ffafffafffa ",
      "   oou wwwwwwwf ",
      "  oo  wwwwwwwwf ",
      " fo  wwwwwwwwwf ",
      " f  wwwwwwwwwwf ",
      " f wwwwwwwwwwwf ",
      " f            f ",
      " f            f ",
      " fafffafffafffa ",
      "          a     ",
      "          A     ",
      "          hH    ",
      "          hH    ",
      "  a   a   a   a ",
      "                "
    ]
  ]
}