{
  "name": "building_carservice1_floor1",
  "refpalette": "c70cities:building_carservice1_floor1_palette",
  "xsize": 16,
  "zsize": 16,
  "slices": [
    [
      "                ",
      " a   a   a   a  ",
      "  bb            ",
      "  bb            ",
      "  bbbbH         ",
      "  bbbbH         ",
      " acccadddadddae ",
      " ecccccccccccce ",
      " effffffffffffe ",
      " effffffffffffe ",
      " efgh!gggffffce ",
      " efgbhgigfffcde ",
      " efgbhgigffcdd  ",
      " efggggggfjdd   ",
      " aeeeaeeeaee    ",
      "                "
    ],
    [
      "                ",
      " akkkakkka   a  ",
      " k       k      ",
      " k       k      ",
      " k     bHk      ",
      " S     bHS      ",
      " alllaeeeaeeeae ",
      " e       mnoooe ",
      " p       q   re ",
      " ps          re ",
      " ps  tmuw     e ",
      " p    uxu    pe ",
      " p    uxu   pp  ",
      " e   tmumyjpp   ",
      " aeeeaeeeaee    ",
      "                "
    ],
    [
      "                ",
      " a   a   a   a  ",
      "         a      ",
      "         z      ",
      "         bH     ",
      "         bH     ",
      " alllaeeeaeeeae ",
      " e         AA p ",
      " p            p ",
      " p     B      p ",
      " p    CDE     e ",
      " p           pe ",
      " p    E C   pp  ",
      " e    DFDIjpp   ",
      " aeeeaeeeaee    ",
      "                "
    ],
    [
      "                ",
      " a   a   a   a  ",
      "        Hbbbb   ",
      "        Hbbbb   ",
      "           bb   ",
      "           bb   ",
      " alllaeeeaeeeae ",
      " e            e ",
      " p            e ",
      " p            e ",
      " p    JJJ     e ",
      " p    J J    pe ",
      " p    J J   pp  ",
      " e    K K jpp   ",
      " aeeeaeeeaee    ",
      "                "
    ],
    [
      "                ",
      " a   akkkakkka  ",
      "     SHb     S  ",
      "     kHb     k  ",
      "     k       k  ",
      "     k       k  ",
      " aeeeaeeeaeeeae ",
      " e            e ",
      " L            e ",
      " L            e ",
      " L            e ",
      " L           pe ",
      " L          pp  ",
      " e        jpp   ",
      " aeeeaeeeaee    ",
      "                "
    ],
    [
      "                ",
      " a   a   a   a  ",
      "    Hb          ",
      "    Hb          ",
      "     z          ",
      "     a          ",
      " aeeeaeeeaeeeae ",
      " e            e ",
      " e            e ",
      " ekkkkkkkkkkk e ",
      " ekkkkkkkkkk  e ",
      " ekkkkkkkkk  pe ",
      " ekkkkkkkk  pp  ",
      " ekkkkkkk jpp   ",
      " aeeeaeeeaee    ",
      "                "
    ]
  ]
}