{
  "name": "building_bank1_base1_270",
  "refpalette": "c70cities:building_bank1_base1_palette_270",
  "xsize": 16,
  "zsize": 16,
  "slices": [
    [
      "vvvvvvvvvvvvvvvv",
      "vaabbaaaabbaaaav",
      "vabbbbbbbbbbbbav",
      "vabbbbbbbbbbb!bv",
      "vabbbbbbbbbbbbbv",
      "vbbbbbbbbbbbbbav",
      "vbbbbbbbbbbbbbav",
      "vabbbbbbbbbbbbav",
      "vabbbbbbbbbbbbav",
      "vabbbbbbbbbbbbbv",
      "vabbbbbbbbbbbbbv",
      "vb!bbbbbbbbbbbav",
      "vbbbbbbbbbbbbbav",
      "vabbbbbbbbbbbbav",
      "vaaaabbaaaabbaav",
      "vvvvvvvvvvvvvvvv"
    ],
    [
      "vvvvvvvvvvvvvvvv",
      "vaabbaaaabbaaaav",
      "va ccegdecc g av",
      "va h         cbv",
      "va           cbv",
      "vbc         edav",
      "vbc   e       av",
      "vae          eav",
      "vae      e   eav",
      "vae         #cbv",
      "vae          cbv",
      "vbc           av",
      "vbc           av",
      "vaggdcceegeccfav",
      "vaaaabbaaaabbaav",
      "vvvvvvvvvvvvvvvv"
    ],
    [
      "vvvvvvvvvvvvvvvv",
      "vaabbaaaabbaaaav",
      "va cc  d cc   av",
      "va h         cbv",
      "va           cbv",
      "vbc           av",
      "vbc           av",
      "va            av",
      "vag           av",
      "va           cbv",
      "va           cbv",
      "vbc           av",
      "vbc           av",
      "vag dcc    cc av",
      "vaaaabbaaaabbaav",
      "vvvvvvvvvvvvvvvv"
    ],
    [
      "vvvvvvvvvvvvvvvv",
      "vaabbaaaabbaaaav",
      "va cc    cc   av",
      "va h         cbv",
      "va           cbv",
      "vbc           av",
      "vbc           av",
      "va            av",
      "va            av",
      "va           cbv",
      "va           cbv",
      "vbc           av",
      "vbc           av",
      "va   cc    cc av",
      "vaaaabbaaaabbaav",
      "vvvvvvvvvvvvvvvv"
    ],
    [
      "vvvvvvvvvvvvvvvv",
      "vaabbaaaabbaaaav",
      "va cc    cc   av",
      "va h         cbv",
      "va           cbv",
      "vbc           av",
      "vbc           av",
      "va            av",
      "va            av",
      "va           cbv",
      "va           cbv",
      "vbc           av",
      "vbc           av",
      "va   cc    cc av",
      "vaaaabbaaaabbaav",
      "vvvvvvvvvvvvvvvv"
    ],
    [
      "vvvvvvvvvvvvvvvv",
      "vaabbaaaabbaaaav",
      "vakcciiiicciifav",
      "vaihiiiiiiiiicbv",
      "vaiiiiiiiiiiicbv",
      "vbciiiiiiiiiiiav",
      "vbciiiiiiiiiiiav",
      "vaiiiiiiiiiiiiav",
      "vaiiiiiiiiiiiiav",
      "vaiiiiiiiiiiicbv",
      "vaiiiiiiiiiiicbv",
      "vbciiiiiiiiiiiav",
      "vbciiiiiiiiiiiav",
      "vafiicciiiiccjav",
      "vaaaabbaaaabbaav",
      "vvvvvvvvvvvvvvvv"
    ]
  ]
}