{
  "name": "building_hotel1_floor3_180",
  "refpalette": "c70cities:building_hotel1_floor3_palette_180",
  "xsize": 16,
  "zsize": 16,
  "slices": [
    [
      "                ",
      " aadddddaaaaaaa ",
      " abbbbbbbbbbbba ",
      " fbbbbcbbbbbbbd ",
      " fbbbbcbbbbbbbd ",
      " fbbbbcccccbbbd ",
      " fbbbbe   cbbbd ",
      " abbbb    cbbbd ",
      " abbbb    cbbbd ",
      " abbbd    cbbbd ",
      " acccccccccbbba ",
      " abbbbbbbbbbbba ",
      " abbbbbbbbbbbba ",
      " abbbbbbbbbbbba ",
      " aaaaaaaaaaaaaa ",
      "                "
    ],
    [
      "                ",
      " aaaaaaaaaaaaaa ",
      " ameeeaA      a ",
      " f zzeayxf ww a ",
      " f    autf#ss a ",
      " f    aaaaoaa a ",
      " f    dee a=  a ",
      " am  r    aq  a ",
      " a   r    aq  a ",
      " a        a=  a ",
      " aapaoaaaao   a ",
      " a   n == n   a ",
      " a          mla ",
      " a k  jiih  g a ",
      " aaaaaaaaaaaaaa ",
      "                "
    ],
    [
      "                ",
      " aaaaaaffffffaa ",
      " aE   a       a ",
      " f    a  f    a ",
      " f    a  f    a ",
      " f    aaaaoaa a ",
      " f      deaF  f ",
      " aE      ea   f ",
      " a        a   f ",
      " a        aD  f ",
      " aaCaoaaaao   a ",
      " a   n    n   a ",
      " a          B a ",
      " a            a ",
      " aaaaaaaaaaaaaa ",
      "                "
    ],
    [
      "                ",
      " aaaaaaaaaaaaaa ",
      " aE   a       a ",
      " f    a  f    a ",
      " f    a  fF   a ",
      " f    aaaaoaaaa ",
      "          a   a ",
      " aE      daz  a ",
      " a       eaz  a ",
      " a       ea   a ",
      " aaaaoaaaao   a ",
      " a   n    n   a ",
      " a            a ",
      " a   F    F   a ",
      " aaaaaaaaaaaaaa ",
      "                "
    ],
    [
      "                ",
      " aaaaaaffaaaaaa ",
      " a    a  f    a ",
      " f    a  f    a ",
      " f    a  fI   a ",
      " f    aaaaoaaaa ",
      " f        a   a ",
      " a        a   a ",
      " a        a   a ",
      " a     eeda   a ",
      " aaaaoaaaao   a ",
      " a            f ",
      " a            f ",
      " a   I    I   a ",
      " aaaaaaaaaaaaaa ",
      "                "
    ],
    [
      "                ",
      " aaaaaaaaaaaaaa ",
      " aJJJJaJJJJJJJa ",
      " fJJJJaJJJJJJJa ",
      " fJJJJaJJJJJJJa ",
      " fJJJJaaaaoaaaa ",
      " fJJJJ    aJJJa ",
      " aJJJJ    aJJJa ",
      " aJJJJ    aJJJa ",
      " aJJJJed  aJJJa ",
      " aaaaoaaaaoJJJa ",
      " aJJJJJJJJJJJJa ",
      " aJJJJJJJJJJJJa ",
      " aJJJJJJJJJJJJa ",
      " aaaaaaaaaaaaaa ",
      "                "
    ]
  ]
}