{
  "name": "building_carservice1_ground",
  "refpalette": "c70cities:building_carservice1_ground_palette",
  "xsize": 16,
  "zsize": 16,
  "slices": [
    [
      "GGGGGGGGGGGGGGGG",
      "GavvvavvvavvvaGG",
      "GvvvvvvvvvvvvvHH",
      "GvvvvvvvvvvvvvHH",
      "Gv      bcdee=HH",
      "Gv      bcdee=HH",
      "GafffafffafffafG",
      "GfggggggggggggfG",
      "Gfg  g  ggggggfG",
      "Gfggggg ggggggfG",
      "Gfg ggggggggggfG",
      "Gfg  g  ggggggfG",
      "GfggggggggggggGG",
      "Gf!ggggg!ggggGGG",
      "GafffafffaffGGGG",
      "GGGGGGGGGGGGGGGG"
    ],
    [
      "                ",
      " a   a   a   a  ",
      "            Hh  ",
      " iiiiiiiiiiiHh  ",
      " i              ",
      " i              ",
      " afffafffajjjaf ",
      " fkkkl# m    nf ",
      " o           pf ",
      " o           pf ",
      " o           qf ",
      " o           of ",
      " o          oo  ",
      " fqrstrsq uoo   ",
      " afffafffaff    ",
      "                "
    ],
    [
      "                ",
      " a   a   a   a  ",
      " S       SHh    ",
      " w       wHh    ",
      " w       w      ",
      " w       w      ",
      " afffafffajjjaf ",
      " f  xy        o ",
      " o            o ",
      " o            o ",
      " o           qf ",
      " o           of ",
      " o          oo  ",
      " fq     q uoo   ",
      " afffafffaff    ",
      "                "
    ],
    [
      "                ",
      " a   a   a   a  ",
      "        Hh      ",
      "        Hh      ",
      "                ",
      "                ",
      " afffafffajjjaf ",
      " f            f ",
      " o            f ",
      " o            f ",
      " o            f ",
      " o           of ",
      " o          oo  ",
      " f        uoo   ",
      " afffafffaff    ",
      "                "
    ],
    [
      "                ",
      " a   awwwawwwa  ",
      "     SHh     S  ",
      "     wHh     w  ",
      "     w       w  ",
      "     w       w  ",
      " afffafffafffaf ",
      " f            f ",
      " z            f ",
      " z            f ",
      " z            f ",
      " z           of ",
      " z          oo  ",
      " f        uoo   ",
      " afffafffaff    ",
      "                "
    ],
    [
      "                ",
      " a   a   a   a  ",
      "    Hh          ",
      "    Hh          ",
      "     A          ",
      "     a          ",
      " afffafffafffaf ",
      " f            f ",
      " f            f ",
      " fwwwwwwwwwww f ",
      " fwwwwwwwwww  f ",
      " fwwwwwwwww  of ",
      " fwwwwwwww  oo  ",
      " fwwwwwww uoo   ",
      " afffafffaff    ",
      "                "
    ]
  ]
}