{
  "name": "building_bank1_floor2_180",
  "refpalette": "c70cities:building_bank1_floor2_palette_180",
  "xsize": 16,
  "zsize": 16,
  "slices": [
    [
      "                ",
      "   jbbi  jbbi   ",
      "  SddddSdddddS  ",
      " hddddddddddddg ",
      " bddddddddddddb ",
      " bddddddddddddb ",
      " fdddddddddd de ",
      "  ddd!dddddd S  ",
      "  Sddddddddd d  ",
      " hdddddddddd dg ",
      " bddddd!dddd db ",
      " bddddddddddddb ",
      " fdddddddddddde ",
      "  SdddddSddddS  ",
      "   cbba  cbba   ",
      "                "
    ],
    [
      "                ",
      "  jbbi  jbbi    ",
      "  kkkklkkkkklkg ",
      "  l     m    kb ",
      " hk B x m    kb ",
      " bk pAz m    ke ",
      " bk        s l  ",
      " fkmmmmy   s k  ",
      "  k        s kg ",
      "  l xw m   s kb ",
      " hk  u mt  srqb ",
      " bk po mn    ke ",
      " bk    m     l  ",
      " fklkkkkklkkkk  ",
      "    cbba  cbba  ",
      "                "
    ],
    [
      "                ",
      " Cbbi  jbbi  jC ",
      " fkkklkkkkklkkb ",
      "  k     m    kb ",
      "  l     m    ke ",
      " hk     m    l  ",
      " bk        s k  ",
      " bkmmmmD     kg ",
      " fk        s kb ",
      "  k    m    rqb ",
      "  l    m   s ke ",
      " hk    m     l  ",
      " bk    m     k  ",
      " bkklkkkkklkkkg ",
      " Ca  cbba  cbbC ",
      "                "
    ],
    [
      "                ",
      " Cbi  jbbi  jbC ",
      " bkklkkkkklkkkb ",
      " fk          ke ",
      "  k          l  ",
      "  l          k  ",
      " hk        s kg ",
      " bk    D     kb ",
      " bk        srqb ",
      " fk          ke ",
      "  k        s l  ",
      "  l          k  ",
      " hk          kg ",
      " bkkklkkkkklkkb ",
      " Cba  cbba  cbC ",
      "                "
    ],
    [
      "                ",
      " Ci  jbbi  jbbC ",
      " bklkkkkklkkkke ",
      " bk          l  ",
      " fk          k  ",
      "  k          kg ",
      "  l        s kb ",
      " hk         rqb ",
      " bk        s ke ",
      " bk          l  ",
      " fk        s k  ",
      "  k          kg ",
      "  l          kb ",
      " hkkkklkkkkklkb ",
      " Cbba  cbba  cC ",
      "                "
    ],
    [
      "                ",
      "    jbbi  jbbi  ",
      " hlkkkkklkkkkl  ",
      " bkEEEEEEEEEEk  ",
      " bkEEEEEEEEEEkg ",
      " fkEEEEEEEEEEkb ",
      "  kEEEEEEEEsrqb ",
      "  lEEEEEEEE  ke ",
      " hkEEEEEEEEs l  ",
      " bkEEEEEEEE  k  ",
      " bkEEEEEEEEs kg ",
      " fkEEEEEEEEEEkb ",
      "  kEEEEEEEEEEkb ",
      "  lkkkklkkkkkle ",
      "  cbba  cbba    ",
      "                "
    ]
  ]
}