{
  "name": "building_hotel1_ground_180",
  "refpalette": "c70cities:building_hotel1_ground_palette_180",
  "xsize": 16,
  "zsize": 16,
  "slices": [
    [
      "GGGGGGGGGGGGGGGG",
      "GbbbbbbbbbbbbbbG",
      "Gbccccccccccc!bG",
      "GdccccccccccccbG",
      "GdccccccccccccbG",
      "GdccccccccccccbG",
      "GdccccddddccccbG",
      "GbccccGGGdccccbG",
      "GbccccGGGdccccbG",
      "GbccccGGG!ccccbG",
      "GbccccccccccccbG",
      "GbccccccccccccbG",
      "GbccccccccccccbG",
      "GbccccccccccccbG",
      "GbbbbbbbbbbbbbbG",
      "GGGGaGGGGGGaGGGG"
    ],
    [
      "                ",
      " bbbbbbbbbbbbbb ",
      " bm  B A   b zb ",
      " yp  xwwww b  b ",
      "  u   t t  bsbb ",
      "  r           b ",
      " qp   oggn    b ",
      " bm   e  l    b ",
      " b    e  l    b ",
      " b    eeek    b ",
      " b           jb ",
      " bgg   gg    jb ",
      " bgi h ig    fb ",
      " bgg h gg ffffb ",
      " bbbbbbbbbbbbbb ",
      " eeeeeeeeeeeeee "
    ],
    [
      "                ",
      " bbbbbbKKKKLKbb ",
      " bJ        b  b ",
      " yp        b  b ",
      "  I        bFbb ",
      "  E           b ",
      " qp     og    C ",
      " bD      g    C ",
      " b       l    C ",
      " b       k    C ",
      " b            b ",
      " b            b ",
      " b           fb ",
      " b         fffb ",
      " bbbbbbbbbbbbbb ",
      "                "
    ],
    [
      "                ",
      " bbbbbbbbbbbbbb ",
      " bJ        b Mb ",
      " Np        b  b ",
      " Np        bbbb ",
      " Np           b ",
      " Np           b ",
      " bD      o    b ",
      " b       g    b ",
      " b       g    b ",
      " b            b ",
      " b            b ",
      " b            b ",
      " b          Mfb ",
      " bbbbbbbbbbbbbb ",
      "                "
    ],
    [
      "                ",
      " bbbbbbKKbbbbbb ",
      " b         b Mb ",
      " Np        b Mb ",
      " Np        bbbb ",
      " Np          Mb ",
      " Np           b~",
      " b            b ",
      " b            b ",
      " b     ggo    b ",
      " b            b ",
      " b            C ",
      " b            C ",
      " b          MMb ",
      " bbbbbbbbbbbbbb ",
      "                "
    ],
    [
      "                ",
      " bbbbbbbbbbbbbb ",
      " bOOOOOOOOObOOb ",
      " NOOOOOOOOObOOb ",
      " NOOOOOOOOObbbb ",
      " NOOOOOOOOOOOOb ",
      " NOOOO    OOOOb ",
      " bOOOO    OOOOb ",
      " bOOOO    OOOOb ",
      " bOOOOgo  OOOOb ",
      " bOOOOOOOOOOOOb ",
      " bOOOOOOOOOOOOb ",
      " bOOOOOOOOOOOOb ",
      " bOOOOOOOOOOOOb ",
      " bbbbbbbbbbbbbb ",
      "                "
    ]
  ]
}