{
  "name": "building_hotel1_floor1_90",
  "refpalette": "c70cities:building_hotel1_floor1_palette_90",
  "xsize": 16,
  "zsize": 16,
  "slices": [
    [
      "                ",
      " aaaaaaaaffffaa ",
      " abbbcbbbbbbbba ",
      " abbbcbbbbbbbbd ",
      " abbbcbbbbbbbbd ",
      " abbbcdbbbbbbbd ",
      " abbbc   ebbbbd ",
      " abbbc    bbbbd ",
      " abbbc    bbbba ",
      " abbbc    bbbba ",
      " abbbcbbbbbbbba ",
      " abbbcbbbbbbbba ",
      " abbbcbbbbbbbba ",
      " abbbcbbbbbbbba ",
      " aaaaadddddddaa ",
      "                "
    ],
    [
      "                ",
      " aaaaaaaattttaa ",
      " ah  n  r    ra ",
      " ah mn       pa ",
      " ah          ra ",
      " a   a qs    oa ",
      " a   a   d    a ",
      " a  la   e   pa ",
      " a  ka   e   ra ",
      " a  ja       oa ",
      " a  ja        a ",
      " a  ja p p   pa ",
      " a  ia  r    ra ",
      " ag ia o o   oa ",
      " aaaaaaaaaaaaaa ",
      "                "
    ],
    [
      "                ",
      " aaaaaaaattttaa ",
      " a      x    ya ",
      " a            a ",
      " a           wa ",
      " a   a        a ",
      " a   a        a ",
      " a  ua        z ",
      " a   a   d   wz ",
      " a   a  ee    z ",
      " a   a        z ",
      " a   a        z ",
      " a   a www   wz ",
      " a   a        a ",
      " aaaaattttaaaaa ",
      "                "
    ],
    [
      "                ",
      " aaaaaaaattttaa ",
      " a      x    ya ",
      " a            a ",
      " a            a ",
      " a   a        a ",
      " a   a        a ",
      " a   a        a ",
      " a   a        a ",
      " a   aeed     a ",
      " a   a        a ",
      " a   a        a ",
      " a   a        a ",
      " a   a        a ",
      " aaaaaaaaaaaaaa ",
      "                "
    ],
    [
      "                ",
      " aaaaaaaattttaa ",
      " a   a        a ",
      " a   a        a ",
      " a   a        a ",
      " a   a        a ",
      " a   a        a ",
      " a   ae       z ",
      " a   ae       z ",
      " a   ad       a ",
      " a   a        a ",
      " a   a        a ",
      " a   a        a ",
      " a   a        a ",
      " aattaaaaaaaaaa ",
      "                "
    ],
    [
      "                ",
      " aaaaaaaaffffaa ",
      " aAAAaAAAAAAAAa ",
      " aAAAaAAAAAAAAa ",
      " aAAAaAAAAAAAAa ",
      " aAAAaAAAAAAAAa ",
      " aAAAae   AAAAa ",
      " aAAAad   AAAAa ",
      " aAAAa    AAAAa ",
      " aAAAa    AAAAa ",
      " aAAAaAAAAAAAAa ",
      " aAAAaAAAAAAAAa ",
      " aAAAaAAAAAAAAa ",
      " aAAAaAAAAAAAAa ",
      " aaaaaaaaaaaaaa ",
      "                "
    ]
  ]
}