{
  "name": "building_hotel1_ground_90",
  "refpalette": "c70cities:building_hotel1_ground_palette_90",
  "xsize": 16,
  "zsize": 16,
  "slices": [
    [
      "GGGGGGGGGGGGGGGG",
      "GbbbbbbbbddddbbG",
      "GbccccccccccccbG",
      "GbccccccccccccbG",
      "abccccccccccccbG",
      "GbccccccccccccbG",
      "GbccccGGGdccccbG",
      "GbccccGGGdccccbG",
      "GbccccGGGdccccbG",
      "Gbcccc!dddccccbG",
      "GbccccccccccccbG",
      "abccccccccccccbG",
      "GbccccccccccccbG",
      "Gbccccccccccc!bG",
      "GbbbbbbbbbbbbbbG",
      "GGGGGGGGGGGGGGGG"
    ],
    [
      "                ",
      "ebbbbbbbbq  ybb ",
      "ebggg   mprupmb ",
      "ebgig         b ",
      "eb            b ",
      "ebhh        xBb ",
      "eb    eeeo tw b ",
      "ebgig e  g  wAb ",
      "ebggg e  g tw b ",
      "eb    klln  w b ",
      "ebf           b ",
      "ebf        bbbb ",
      "ebf        s  b ",
      "ebffjj     b zb ",
      "ebbbbbbbbbbbbbb ",
      "                "
    ],
    [
      "                ",
      " bbbbbbbbq  ybb ",
      " b      DpEIpJb ",
      " b            b ",
      " b            b ",
      " b            b ",
      " b            b ",
      " b            K ",
      " b       o    K ",
      " b    klgg    K ",
      " b            K ",
      " bf        bbbL ",
      " bf        F  K ",
      " bff       b  b ",
      " bbbbbCCCCbbbbb ",
      "                "
    ],
    [
      "                ",
      " bbbbbbbbNNNNbb ",
      " b      DppppJb ",
      " b            b ",
      " b            b ",
      " b            b ",
      " b            b ",
      " b            b ",
      " b            b ",
      " b    ggo     b ",
      " b            b ",
      " b         bbbb ",
      " bM        b  b ",
      " bf        b Mb ",
      " bbbbbbbbbbbbbb ",
      "                "
    ],
    [
      "                ",
      " bbbbbbbbNNNNbb ",
      " b       pppp b ",
      " b            b ",
      " b            b ",
      " b            b ",
      " b            b ",
      " b    g       K ",
      " b    g       K ",
      " b    o       b ",
      " b            b ",
      " b         bbbb ",
      " bM        b  b ",
      " bM       MbMMb ",
      " bbCCbbbbbbbbbb ",
      "         ~      "
    ],
    [
      "                ",
      " bbbbbbbbNNNNbb ",
      " bOOOOOOOOOOOOb ",
      " bOOOOOOOOOOOOb ",
      " bOOOOOOOOOOOOb ",
      " bOOOOOOOOOOOOb ",
      " bOOOOg   OOOOb ",
      " bOOOOo   OOOOb ",
      " bOOOO    OOOOb ",
      " bOOOO    OOOOb ",
      " bOOOOOOOOOOOOb ",
      " bOOOOOOOOObbbb ",
      " bOOOOOOOOObOOb ",
      " bOOOOOOOOObOOb ",
      " bbbbbbbbbbbbbb ",
      "                "
    ]
  ]
}