{
  "name": "building_carservice1_base1_270",
  "refpalette": "c70cities:building_carservice1_base1_palette_270",
  "xsize": 16,
  "zsize": 16,
  "slices": [
    [
      "vvvvvvvvvvvvvvvv",
      "vaaaaaaaaaaaaaav",
      "va====aaaaaaaaav",
      "va====aaaaaaaaav",
      "vaaaaaaaaaaaaaav",
      "vaaaaaaaaaaaaaav",
      "vaaaaaaaaaaaaaav",
      "vaaaaaaaaaaaaaav",
      "vaaaaaaaaaaaaaav",
      "vaaaaa!aaaaaaaav",
      "vaaaaaaaaaaaaaav",
      "vaaaaaaaaaaaaaav",
      "vaaaaaaaaaaaaaav",
      "vaaaaaaaaaaaaaav",
      "vaaaaaaaaaaaaaav",
      "vvvvvvvvvvvvvvvv"
    ],
    [
      "vvvvvvvvvvvvvvvv",
      "vvvvvvvvvvvvvvvv",
      "vvn   i=====vvvv",
      "vv    i=====vvvv",
      "vbbmmmbbbb==vvvv",
      "vb       bddvvvv",
      "vbo        dvvvv",
      "vbp   j     vvvv",
      "vb    jh bd!vvvv",
      "vtmm  bggbbbbbbv",
      "vbq     e  e  bv",
      "vbr   kcfccfc bv",
      "vbr   lccc#cc bv",
      "vbs   kcfccfc bv",
      "vbbbbbbbbbbbbbbv",
      "vvvvvvvvvvvvvvvv"
    ],
    [
      "vvvvvvvvvvvvvvvv",
      "vvvvvvvvvvvvvvvv",
      "vvn     i===vvvv",
      "vv      i===vvvv",
      "vbbmmmbbbb==vvvv",
      "vb       b  vvvv",
      "vb          vvvv",
      "vb          vvvv",
      "vb       b dvvvv",
      "vtmm  bggbbbbbbv",
      "vb            bv",
      "vb     zzyywu bv",
      "vb     BAy xu bv",
      "vb     zzyywu bv",
      "vbbbbbbbbbbbbbbv",
      "vvvvvvvvvvvvvvvv"
    ],
    [
      "vvvvvvvvvvvvvvvv",
      "vvvvvvvvvvvvvvvv",
      "vvn       iivvvv",
      "vvn       iivvvv",
      "vbbmmmbbbb==vvvv",
      "vb       b  vvvv",
      "vb       b  vvvv",
      "vb       b  vvvv",
      "vb       b  vvvv",
      "vtmm  bggbbbbbbv",
      "vb            bv",
      "vb       zz   bv",
      "vb       BAB  bv",
      "vb       zz   bv",
      "vbbbbbbbbbbbbbbv",
      "vvvvvvvvvvvvvvvv"
    ],
    [
      "vvvvvvvvvvvvvvvv",
      "vvvvvvvvvvvvvvvv",
      "vvn         vvvv",
      "vvn         vvvv",
      "vbbbbbbbbb  vvvv",
      "vb       biivvvv",
      "vb       b==vvvv",
      "vb       b==vvvv",
      "vb       b==vvvv",
      "vbbbbbbbbbbbbbbv",
      "vb            bv",
      "vb            bv",
      "vb            bv",
      "vb            bv",
      "vbbbbbbbbbbbbbbv",
      "vvvvvvvvvvvvvvvv"
    ],
    [
      "vvvvvvvvvvvvvvvv",
      "vvvvvvvvvvvvvvvv",
      "vvEEEEEEE   vvvv",
      "vvEEEEEEE   vvvv",
      "vbbbbbbbbb  vvvv",
      "vbDDDDDDDb  vvvv",
      "vbDDDDDDDb  vvvv",
      "vbDDDDDDDbiivvvv",
      "vbDDDDDDDb==vvvv",
      "vbbbbbbbbbbbbbbv",
      "vb DDDDDCDDDDCbv",
      "vbDDDDDDDDDDDDbv",
      "vbDDDDDDDDDDDDbv",
      "vbCDDDDDFDDDD bv",
      "vbbbbbbbbbbbbbbv",
      "vvvvvvvvvvvvvvvv"
    ]
  ]
}