{
  "name": "building_bank1_top",
  "refpalette": "c70cities:building_bank1_top_palette",
  "xsize": 16,
  "zsize": 16,
  "slices": [
    [
      "                ",
      "  abbbc abbbc   ",
      "  SddddSdddddSa ",
      " cddddddddddddb ",
      " bddddddddddddb ",
      " bd ddddddddddb ",
      " bd ddddddddddc ",
      " ad dddddddddS  ",
      "  S dddddddddda ",
      " cd ddddddddddb ",
      " bddddddddddddb ",
      " bddddddddddddb ",
      " bddddddddddddc ",
      " aSdddddSddddS  ",
      "   cbbba cbbba  ",
      "                "
    ],
    [
      "                ",
      " ebcc abbcc abe ",
      " bffffgfffffgfb ",
      " ag          fc ",
      "  f          fc ",
      " cf     hii #f  ",
      " cf   j k    ga ",
      " bf     k l  fb ",
      " bf   j k    fb ",
      " ag     mnoo fc ",
      "  f          fc ",
      " cfppppppppppf  ",
      " cfqrrrqqrrrsga ",
      " bfgfffffgffffb ",
      " eba ccbba ccbe ",
      "                "
    ],
    [
      "                ",
      " ebbbbbbbbbbbbe ",
      " bffffgfffffgfb ",
      " bg          fb ",
      " bf          fb ",
      " bf     t    fb ",
      " bf          gb ",
      " bf          fb ",
      " bf          fb ",
      " bg     u oo fb ",
      " bf          fb ",
      " bf          fb ",
      " bfrrrrrrrrrrgb ",
      " bfgfffffgffffb ",
      " ebbbbbbbbbbbbe ",
      "                "
    ],
    [
      "                ",
      "                ",
      "   ffgfffffgf   ",
      "  ff        ff  ",
      "  g          f  ",
      "  f          g  ",
      "  f          f  ",
      "  f          f  ",
      "  f          f  ",
      "  f          f  ",
      "  g          f  ",
      "  f          g  ",
      "  ff        ff  ",
      "   fgfffffgff   ",
      "                ",
      "                "
    ],
    [
      "                ",
      "                ",
      "                ",
      "    ffffffff    ",
      "   ffffffffff   ",
      "   fff    fff   ",
      "   ff     wff   ",
      "   ff      ff   ",
      "   ff      ff   ",
      "   ffw     ff   ",
      "   fff    fff   ",
      "   ffffffffff   ",
      "    ffffffff    ",
      "                ",
      "                ",
      "                "
    ],
    [
      "                ",
      "                ",
      "                ",
      "                ",
      "                ",
      "      ffff      ",
      "     ffffff     ",
      "     ffffff     ",
      "     ffffff     ",
      "     ffffff     ",
      "      ffff      ",
      "                ",
      "                ",
      "                ",
      "                ",
      "                "
    ]
  ]
}