{
  "name": "building_carservice1_base1",
  "refpalette": "c70cities:building_carservice1_base1_palette",
  "xsize": 16,
  "zsize": 16,
  "slices": [
    [
      "vvvvvvvvvvvvvvvv",
      "vaaaaaaaaaaaaaav",
      "vaaaaaaaaaaaaaav",
      "vaaaaaaaaaaaaaav",
      "vaaaaaaaaaaaaaav",
      "vaaaaaaaaaaaaaav",
      "vaaaaaaaaaaaaaav",
      "vaaaaaaaaaaaaaav",
      "vaaaaaaaaaaaaaav",
      "vaaaaaaaa!aaaaav",
      "va==aaaaaaaaaaav",
      "va==aaaaaaaaaaav",
      "va==aaaaaaaaaaav",
      "va==aaaaaaaaaaav",
      "vaaaaaaaaaaaaaav",
      "vvvvvvvvvvvvvvvv"
    ],
    [
      "vvvvvvvvvvvvvvvv",
      "vvvvvvvvvbbbbbbv",
      "vvvvvvvvvb    bv",
      "vvvvvvvvvb cccbv",
      "vv===dd !befcfbv",
      "vv===d  db c#cbv",
      "vv==bb  bb cccbv",
      "vv==b    gefcfbv",
      "vv==b   hg cccbv",
      "vviib  jkb lmlbv",
      "vv  n         bv",
      "vv  n         bv",
      "vv  n    o    bv",
      "vvp b qq nrsstbv",
      "vvvvbbbbbubbbbbv",
      "vvvvvvvvvvvvvvvv"
    ],
    [
      "vvvvvvvvvvvvvvvv",
      "vvvvvvvvvbbbbbbv",
      "vvvvvvvvvb    bv",
      "vvvvvvvvvb wwwbv",
      "vv===   db xyxbv",
      "vv===    b z Abv",
      "vv==bb  bb BCDbv",
      "vviib    g EFEbv",
      "vv  b    g EIEbv",
      "vv  b    b    bv",
      "vv  n         bv",
      "vv  n         bv",
      "vv  n    o    bv",
      "vvp b    n    bv",
      "vvvvbbbbbubbbbbv",
      "vvvvvvvvvvvvvvvv"
    ],
    [
      "vvvvvvvvvvvvvvvv",
      "vvvvvvvvvbbbbbbv",
      "vvvvvvvvvb    bv",
      "vvvvvvvvvb    bv",
      "vvii=    b  I bv",
      "vvii=    b EFEbv",
      "vv  bbbbbb EIEbv",
      "vv  b    g    bv",
      "vv  b    g    bv",
      "vv  b    b    bv",
      "vv  n         bv",
      "vv  n         bv",
      "vv  n    o    bv",
      "vvJJb    n    bv",
      "vvvvbbbbbubbbbbv",
      "vvvvvvvvvvvvvvvv"
    ],
    [
      "vvvvvvvvvvvvvvvv",
      "vvvvvvvvvbbbbbbv",
      "vvvvvvvvvb    bv",
      "vvvvvvvvvb    bv",
      "vv   i===b    bv",
      "vv   i===b    bv",
      "vv  bbbbbb    bv",
      "vv  b    b    bv",
      "vv  b    b    bv",
      "vv  b    b    bv",
      "vv  b    b    bv",
      "vv  b    b    bv",
      "vv  b    b    bv",
      "vvJJb    b    bv",
      "vvvvbbbbbbbbbbbv",
      "vvvvvvvvvvvvvvvv"
    ],
    [
      "vvvvvvvvvvvvvvvv",
      "vvvvvvvvvbbbbbbv",
      "vvvvvvvvvbKLL bv",
      "vvvvvvvvvbLLLLbv",
      "vv     i=bLLLLbv",
      "vv     i=bLLLLbv",
      "vv  bbbbbbLLLLbv",
      "vvMMbLLLLbKLLNbv",
      "vvMMbLLLLbLLLLbv",
      "vvMMbLLLLbLLLLbv",
      "vvMMbLLLLbLLLLbv",
      "vvMMbLLLLbLLLLbv",
      "vvMMbLLLLbLLLLbv",
      "vvMMbLLLLb LLKbv",
      "vvvvbbbbbbbbbbbv",
      "vvvvvvvvvvvvvvvv"
    ]
  ]
}