{
  "name": "building_hotel1_floor2_180",
  "refpalette": "c70cities:building_hotel1_floor2_palette_180",
  "xsize": 16,
  "zsize": 16,
  "slices": [
    [
      "                ",
      " aadddddaaaaaaa ",
      " abbbbbbbbbbbba ",
      " fbbbbcbbbbbbbd ",
      " fbbbbcbbbbbbbd ",
      " fbbbbcccccbbbd ",
      " fbbbbe   cbbbd ",
      " abbbb    cbbbd ",
      " abbbb    cbbbd ",
      " abbbd    cbbbd ",
      " acccccccccbbba ",
      " abbbbbbbbbbbba ",
      " abbbbbbbbbbbba ",
      " abbbbbbbbbbbba ",
      " aaaaaaaaaaaaaa ",
      "                "
    ],
    [
      "                ",
      " aaaaaaaaaaaaaa ",
      " ameeeaE      a ",
      " t DDeaCBA zz a ",
      " t    ayxw uu a ",
      " t    aaaaoaa a ",
      " t    dee a=  a ",
      " am  s    aq  a ",
      " a   r    aq  a ",
      " a        a=  a ",
      " aapaoaaaao#  a ",
      " a   n == n   a ",
      " a          mla ",
      " a k  jiih  g a ",
      " aaaaaaaaaaaaaa ",
      "                "
    ],
    [
      "                ",
      " aaaaaaPPPPPPaa ",
      " aO   a       a ",
      " t    a  N    a ",
      " t    a  t    a ",
      " t    aaaaoaa a ",
      " t      deaM  t ",
      " aL      ea   t ",
      " a        a   t ",
      " a        aK  t ",
      " aaJaoaaaao   a ",
      " a   n I  n   a ",
      " a          F a ",
      " a            a ",
      " aaaaaaaaaaaaaa ",
      "                "
    ],
    [
      "                ",
      " aaaaaaaaaaaaaa ",
      " aO   a       a ",
      " t    a  N    a ",
      " t    a  tQ   a ",
      " t    aaaaoaaaa ",
      " t        a   a ",
      " aL      daD  a ",
      " a       eaD  a ",
      " a       ea   a ",
      " aaaaoaaaao   a ",
      " a            a ",
      " a            a ",
      " a   Q    Q   a ",
      " aaaaaaaaaaaaaa ",
      "                "
    ],
    [
      "                ",
      " aaaaaaPPaaaaaa ",
      " a    a  t    a ",
      " t    a  t    a ",
      " t    a  tR   a ",
      " t    aaaaoaaaa ",
      " t        a   a ",
      " a        a   a ",
      " a        a   a ",
      " a     eeda   a ",
      " aaaaoaaaao   a ",
      " a            t ",
      " a            t ",
      " a   R    R   a ",
      " aaaaaaaaaaaaaa ",
      "                "
    ],
    [
      "                ",
      " aaaaaaaaaaaaaa ",
      " aTTTTaTTTTTTTa ",
      " fTTTTaTTTTTTTa ",
      " fTTTTaTTTTTTTa ",
      " fTTTTaaaaoTTTa ",
      " fTTTT    aTTTa ",
      " aTTTT    aTTTa ",
      " aTTTT    aTTTa ",
      " aTTTTed  aTTTa ",
      " aaaaoaaaaoTTTa ",
      " aTTTTTTTTTTTTa ",
      " aTTTTTTTTTTTTa ",
      " aTTTTTTTTTTTTa ",
      " aaaaaaaaaaaaaa ",
      "                "
    ]
  ]
}