{
  "name": "building_hotel1_top",
  "refpalette": "c70cities:building_hotel1_top_palette",
  "xsize": 16,
  "zsize": 16,
  "slices": [
    [
      "                ",
      " aaaaaaaaaaaaaa ",
      " a^bbbbbbbbbb^a ",
      " abccccbbccccba ",
      " abccccbbccccba ",
      " abccbbbbbbbbba ",
      " dbccb    dbbba ",
      " dbbbb    bbbba ",
      " dbbbb    bbbbe ",
      " dbccb    bccbe ",
      " dbccbbbbbbccbe ",
      " dbccccbbccccbe ",
      " dbccccbbccccbe ",
      " a^bbbbbbbbbb^a ",
      " aaaaaaadddddaa ",
      "                "
    ],
    [
      "                ",
      " aaaaaaaaaaaaaa ",
      " a          # a ",
      " a            a ",
      " a            a ",
      " a   ffffff   a ",
      " a   f        a ",
      " a   f    f   e ",
      " a   f    f   e ",
      " a   f    f   e ",
      " a   ffffff   e ",
      " a            e ",
      " a            e ",
      " a            a ",
      " aaaaaaaaaaaaaa ",
      "                "
    ],
    [
      "                ",
      " aaaaaaaaaaaaaa ",
      " a            a ",
      " a            a ",
      " a            a ",
      " a            a ",
      " e            e ",
      " e            e ",
      " e            e ",
      " e            e ",
      " a            e ",
      " a            e ",
      " a            e ",
      " a            a ",
      " aaeeeeeeaaaaaa ",
      "                "
    ],
    [
      "                ",
      " aaaaaaaaaaaaaa ",
      " a            a ",
      " a            a ",
      " a            a ",
      " a            e ",
      " a            e ",
      " a            e ",
      " a            e ",
      " a            e ",
      " a            e ",
      " a            e ",
      " a            e ",
      " a            a ",
      " aaaaaaaaaaaaaa ",
      "                "
    ],
    [
      "                ",
      " aaaaaaaaaaaaaa ",
      " agggggggggggga ",
      " aghhhhhhhhhhga ",
      " aghhhhhhhhhhgg ",
      " aghhhhhhhhhhgg ",
      " aghhhhhhhhhhgg ",
      " aghhhhhhhhhhgg ",
      " aghhhhhhhhhhgg ",
      " aghhhhhhhhhhgg ",
      " aghhhhhhhhhhgg ",
      " aghhhhhhhhhhgg ",
      " aghhhhhhhhhhgg ",
      " agggggggggggga ",
      " aaaaaaaaaaaaaa ",
      "                "
    ],
    [
      "                ",
      " aaaaaaaaaaaaaa ",
      " a            a ",
      " a              ",
      " a              ",
      " a              ",
      " a              ",
      " a              ",
      " a              ",
      " a              ",
      " a              ",
      " a              ",
      " a              ",
      " a            a ",
      " aaaaaaaaaaaaaa ",
      "                "
    ]
  ]
}