{
  "name": "building_carservice1_ground_270",
  "refpalette": "c70cities:building_carservice1_ground_palette_270",
  "xsize": 16,
  "zsize": 16,
  "slices": [
    [
      "GGGGGGGGGGGGGGGG",
      "GaeeeeeeeavvvvaG",
      "Ge!ffffffe  vvvG",
      "Geff igffe  vvvG",
      "Geffljhffe  vvvG",
      "Gaffmk ffa  vvaG",
      "Gefff fffe  vvvG",
      "Geff ffffe  vvvG",
      "Ge!ffffffe  vvvG",
      "GafffffffabbvvaG",
      "GefffffffeccvvvG",
      "GefffffffeddvvvG",
      "GGfffffffeddvvvG",
      "GGGffffffa==vvaG",
      "GGGGeeeeeeHHHHGG",
      "GGGGGGGGGGHHHHGG"
    ],
    [
      "                ",
      " aewwwwweaqqo a ",
      " eB     re  p   ",
      " eC     re  p   ",
      " eC     re  p   ",
      " aD     sa  p a ",
      " eC     #e  p   ",
      " eC      e  p   ",
      " eE     te  p   ",
      " a       a  p a ",
      " eF         p   ",
      " ez         p   ",
      "  Az        HH  ",
      "   Azyxxua  nna ",
      "    eeeeee      ",
      "                "
    ],
    [
      "                ",
      " aewwwwweaIIISa ",
      " eB      e      ",
      " e       e      ",
      " e      Je      ",
      " a      Ka    a ",
      " e       e      ",
      " e       e      ",
      " eE      e      ",
      " a       aIIISa ",
      " eF         HH  ",
      " ez         nn  ",
      "  Az            ",
      "   Azy   a    a ",
      "    eewwwe      ",
      "                "
    ],
    [
      "                ",
      " aewwwwwea    a ",
      " e       e      ",
      " e       e      ",
      " e       e      ",
      " a       a    a ",
      " e       e      ",
      " e       e      ",
      " e       e  HH  ",
      " a       a  nna ",
      " eF      L      ",
      " ez      L      ",
      "  Az     L      ",
      "   Az    a    a ",
      "    eeeeee      ",
      "                "
    ],
    [
      "                ",
      " aeMMMMMea    a ",
      " e       e      ",
      " e       e      ",
      " e       e      ",
      " a       aIIISa ",
      " e       e  HHI ",
      " e       e  nnI ",
      " e       e    I ",
      " a       a    a ",
      " eF      e    I ",
      " ez      e    I ",
      "  Az     e    I ",
      "   Az    aIIISa ",
      "    eeeeee      ",
      "                "
    ],
    [
      "                ",
      " aeeeeeeea    a ",
      " eIIIII  e      ",
      " eIIIII  e      ",
      " eIIIII  e  HH  ",
      " aIIIII  aaNnna ",
      " eIIIII  e      ",
      " eIIIII  e      ",
      " eIIIII  e      ",
      " a IIII  a    a ",
      " eF III  e      ",
      " ez  II  e      ",
      "  Az  I  e      ",
      "   Az    a    a ",
      "    eeeeee      ",
      "                "
    ]
  ]
}