{
  "name": "building_bank1_ground_90",
  "refpalette": "c70cities:building_bank1_ground_palette_90",
  "xsize": 16,
  "zsize": 16,
  "slices": [
    [
      "GGGGGGGGGGGGGGGG",
      "GGaGGaaaaGGaaaGG",
      "GabbbbbbbbbbbbaG",
      "GabbbbbbbbbbbbGG",
      "GabbbbbbbbbbbbGG",
      "GGbbbbbbbbbbbbaG",
      "GGbbbbbbbbbbbbaG",
      "GabbbbbbbbbbbbaG",
      "Gabbbbbbbbb!bbaG",
      "GabbbbbbbbbbbbGG",
      "GabbbbbbbbbbbbGG",
      "GGbbbbbbbbbbbbaG",
      "GGbbbbbbbbbbcbaG",
      "GabbbbbbbbbbbbaG",
      "GGaaaGGaaaaGGaGG",
      "GGGGGGGGGGGGGGGG"
    ],
    [
      "                ",
      " da  aaaa  aaad ",
      " aeifeeeeifeeea ",
      " ag          e  ",
      " ae          f  ",
      "  f        ppea ",
      "  e      n qpea ",
      " ae      n qpea ",
      " ae        ppea ",
      " ae          e  ",
      " aehhhhh     f  ",
      "  f j j   aoaea ",
      "  e     kma  ea ",
      " aeeefeeelefeea ",
      " daaa  aaaa  ad ",
      "                "
    ],
    [
      "                ",
      " da  aaaa  aaad ",
      " aerfeeeerfeeea ",
      " ag          e  ",
      " ae          f  ",
      "  f          ea ",
      "  e          ea ",
      " ae          ea ",
      " ae          ea ",
      " ae          e  ",
      " ae    s     f  ",
      "  f       auaea ",
      "  e     tma  ea ",
      " aeeefeeelefeea ",
      " daaa  aaaa  ad ",
      "                "
    ],
    [
      "                ",
      " dx  aaax  aaad ",
      " aefeeeeefeeeez ",
      " ae          f  ",
      " ae          e  ",
      "  e          ea ",
      "  f          ea ",
      " we          ea ",
      " ae          ez ",
      " ae          f  ",
      " ae          e  ",
      "  e       aaaea ",
      "  f     tma  ea ",
      " weeeefeeleefea ",
      " daaa  yaaa  yd ",
      "                "
    ],
    [
      "                ",
      " d   aaa   aaad ",
      " aefeeeeefeeee  ",
      " ae          f  ",
      " ae          e  ",
      "  e          ea ",
      "  f          ea ",
      "  e          ea ",
      " ae          e  ",
      " ae          f  ",
      " ae          e  ",
      "  e       aaaea ",
      "  f      ma  ea ",
      "  eeeefeeleefea ",
      " daaa   aaa   d ",
      "                "
    ],
    [
      "                ",
      "    Caax  Caax  ",
      " wfeeeeefeeeef  ",
      " aeBBBBBBBBBBe  ",
      " aeBBBBBBBBBBeI ",
      " AeBBEEEEEEBBea ",
      "  eBBEFFFFEBBea ",
      "  fBBEFFFFEBBez ",
      " weBBEEEEEEBBf  ",
      " aeBBBBBBBBBBe  ",
      " aeBBBBBBBBBBeI ",
      " AeBBBBBBBaaaea ",
      "  eBB    maBBea ",
      "  feeeefeleeefz ",
      "  yaaD  yaaD    ",
      "                "
    ]
  ]
}