{
  "name": "building_hotel1_floor2_90",
  "refpalette": "c70cities:building_hotel1_floor2_palette_90",
  "xsize": 16,
  "zsize": 16,
  "slices": [
    [
      "                ",
      " aaaaaaaaffffaa ",
      " abbbcbbbbbbbba ",
      " abbbcbbbbbbbbd ",
      " abbbcbbbbbbbbd ",
      " abbbcdbbbbbbbd ",
      " abbbc   ecccbd ",
      " abbbc    cbbbd ",
      " abbbc    cbbba ",
      " abbbc    cbbba ",
      " abbbccccccbbba ",
      " abbbbbbbbbbbba ",
      " abbbbbbbbbbbba ",
      " abbbbbbbbbbbba ",
      " aaaaadddddddaa ",
      "                "
    ],
    [
      "                ",
      " aaaaaaaaffffaa ",
      " a   a  m    ma ",
      " ak  p      zea ",
      " a   a      zea ",
      " a  no rr   eea ",
      " aj  a   daaaaa ",
      " ai =a   eauyAa ",
      " ai =a   eatx a ",
      " ah  a    aff a ",
      " a  noaaaao   a ",
      " a   #=qq=asw a ",
      " agm      asw a ",
      " a l          a ",
      " aaaaaaaaaaaaaa ",
      "                "
    ],
    [
      "                ",
      " aaaaaaaaffffaa ",
      " a   a  F    Fa ",
      " a   D        a ",
      " a   a        a ",
      " a  no        a ",
      " a   a    aaaaa ",
      " a  Ca    a   f ",
      " a   a   da   f ",
      " a   a  eeaff f ",
      " a  noaaaao   f ",
      " a    E  Ia   f ",
      " a B      a   f ",
      " a            a ",
      " aaaaaffffaaaaa ",
      "                "
    ],
    [
      "                ",
      " aaaaaaaaffffaa ",
      " a   a  F    Fa ",
      " a   a        a ",
      " a   a        a ",
      " aI  o        a ",
      " a   a    aaaaa ",
      " a   a    a   a ",
      " a   a    a   a ",
      " a   aeed aff a ",
      " aI  oaaaaoI  a ",
      " a     zz a   a ",
      " a        a   a ",
      " a        a   a ",
      " aaaaaaaaaaaaaa ",
      "                "
    ],
    [
      "                ",
      " aaaaaaaaffffaa ",
      " a   a        a ",
      " a   a        a ",
      " a   a        a ",
      " aJ  o        a ",
      " a   a    aaaaa ",
      " a   ae   a   f ",
      " a   ae   a   f ",
      " a   ad   afffa ",
      " aJ  oaaaaoJ  a ",
      " a        a   a ",
      " a        a   a ",
      " a        a   a ",
      " aaffaaaaaaaaaa ",
      "                "
    ],
    [
      "                ",
      " aaaaaaaaffffaa ",
      " aKKKaKKKKKKKKa ",
      " aKKKaKKKKKKKKa ",
      " aKKKaKKKKKKKKa ",
      " aKKKoKKKKKKKKa ",
      " aKKKae   aaaaa ",
      " aKKKad   aKKKa ",
      " aKKKa    aKKKa ",
      " aKKKa    aKKKa ",
      " aKKKoaaaaoKKKa ",
      " aKKKKKKKKKKKKa ",
      " aKKKKKKKKKKKKa ",
      " aKKKKKKKKKKKKa ",
      " aaaaaaaaaaaaaa ",
      "                "
    ]
  ]
}