{
  "general": {
    "auto": true,
    "rate": 3,
    "gripType": "cgm:two_handed",
    "maxAmmo": 30,
    "reloadAmount": 3,
    "recoilAngle": 3.5,
    "recoilKick": 0.5,
    "recoilAdsReduction": 0.5,
    "alwaysSpread": true,
    "spread": 1
  },
  "projectile": {
    "item": "additionalguns:bullet_special",
    "visible": false,
    "gravity": true,
    "damage": 13,
    "size": 0.1,
    "speed": 30,
    "life": 50
  },
  "sounds": {
    "fire": "additionalguns:item.intsup.fire",
    "reload": "cgm:item.pistol.reload",
    "cock": "cgm:item.rifle.cock",
    "silencedFire": "additionalguns:item.intsup.fire"
  },
  "display": {
    "flash": {
      "yOffset": 3.65,
      "zOffset": -7.8
    }
  },
  "modules": {
    "zoom": {
      "fovModifier": 0.8,
      "yOffset": 4.8,
      "zOffset": 2.5
    },
    "attachments": {
      "scope": {
        "yOffset": 4.35,
        "zOffset": 4.1,
        "scale": 0.75
      },
      "stock": {
        "yOffset": 3.65,
        "zOffset": 8.2
      }
    }
  }
}