{
  "general": {
    "auto": true,
    "rate": 2,
    "gripType": "cgm:two_handed",
    "maxAmmo": 30,
    "reloadAmount": 5,
    "recoilAngle": 3,
    "recoilKick": 1,
    "recoilAdsReduction": 0.6,
    "alwaysSpread": true,
    "spread": 3
  },
  "projectile": {
    "item": "additionalguns:bullet_medium",
    "visible": false,
    "gravity": true,
    "damage": 7,
    "size": 0.1,
    "speed": 50,
    "life": 60
  },
  "sounds": {
    "fire": "additionalguns:item.ak1.fire",
    "reload": "cgm:item.pistol.reload",
    "cock": "cgm:item.assault_rifle.cock",
    "silencedFire": "additionalguns:item.rifle.suppressed"
  },
  "display": {
    "flash": {
      "yOffset": 3.6,
      "zOffset": -18
    }
  },
  "modules": {
    "zoom": {
      "fovModifier": 0.8,
      "yOffset": 6.125,
      "zOffset": 3.35
    },
    "attachments": {
      "barrel": {
        "yOffset": 3.6,
        "zOffset": -18,
        "scale": 0.75
      },
      "underBarrel": {
        "yOffset": 2.6,
        "zOffset": -5.5,
        "scale": 1.25
      },
      "scope": {
        "yOffset": 5.35,
        "zOffset": 1.5,
        "scale": 1.25
      }
    }
  }
}