{
  "general": {
    "auto": true,
    "rate": 4,
    "gripType": "cgm:two_handed",
    "maxAmmo": 30,
    "reloadAmount": 6,
    "recoilAngle": 4,
    "recoilKick": 2.5,
    "recoilAdsReduction": 0.6,
    "alwaysSpread": true,
    "spread": 2
  },
  "projectile": {
    "item": "additionalguns:bullet_heavy",
    "visible": false,
    "gravity": true,
    "damage": 13,
    "size": 0.2,
    "speed": 60,
    "life": 70
  },
  "sounds": {
    "fire": "additionalguns:item.ak2.fire",
    "reload": "cgm:item.pistol.reload",
    "cock": "cgm:item.assault_rifle.cock",
    "silencedFire": "additionalguns:item.rifle.suppressed"
  },
  "display": {
    "flash": {
      "yOffset": 2.5,
      "zOffset": -19
    }
  },
  "modules": {
    "zoom": {
      "fovModifier": 0.8,
      "yOffset": 5.15,
      "zOffset": 3.35
    },
    "attachments": {
      "barrel": {
        "yOffset": 2.5,
        "zOffset": -18,
        "scale": 0.75
      },
      "underBarrel": {
        "yOffset": 2,
        "zOffset": -5.5,
        "scale": 1.25
      },
      "scope": {
        "yOffset": 4.5,
        "zOffset": 3.5,
        "scale": 0.85
      }
    }
  }
}