{
  "general": {
    "auto": false,
    "rate": 5,
    "gripType": "cgm:one_handed",
    "maxAmmo": 25,
    "reloadAmount": 5,
    "recoilAngle": 3,
    "recoilKick": 1.5,
    "recoilAdsReduction": 0.5,
    "alwaysSpread": true,
    "spread": 3
  },
  "projectile": {
    "item": "additionalguns:bullet_short",
    "visible": false,
    "gravity": true,
    "damage": 11,
    "size": 0.5,
    "speed": 70,
    "life": 80
  },
  "sounds": {
    "fire": "additionalguns:item.pistol.fire",
    "reload": "cgm:item.pistol.reload",
    "cock": "cgm:item.assault_rifle.cock",
    "silencedFire": "additionalguns:item.pistol.suppressed"
  },
  "modules": {
    "zoom": {
      "fovModifier": 0.8,
      "yOffset": 4,
      "zOffset": 0
    },
    "attachments": {
      "barrel": {
        "yOffset": 3.31,
        "zOffset": -1.5,
        "scale": 0.3
      },
      "scope": {
        "yOffset": 3.7,
        "zOffset": 1,
        "scale": 0.5
      },
      "stock": {
        "yOffset": 3,
        "zOffset": 4,
        "scale": 0.7
      }
    }
  }
}