{
  "general": {
    "rate": 10,
    "gripType": "cgm:one_handed",
    "maxAmmo": 7,
    "reloadAmount": 3,
    "recoilAngle": 14,
    "recoilKick": 2.5,
    "recoilAdsReduction": 0.65,
    "alwaysSpread": true,
    "spread": 5
  },
  "projectile": {
    "item": "additionalguns:bullet_short",
    "visible": false,
    "damage": 14,
    "size": 1,
    "speed": 80,
    "life": 100
  },
  "sounds": {
    "fire": "additionalguns:item.deagle.fire",
    "reload": "cgm:item.pistol.reload",
    "cock": "cgm:item.shotgun.cock",
    "silencedFire": "additionalguns:item.heavy.suppressed"
  },
  "display": {
    "flash": {
      "yOffset": 5.1,
      "zOffset": -3
    }
  },
  "modules": {
    "zoom": {
      "fovModifier": 0.7,
      "yOffset": 6.5,
      "zOffset": 1
    },
    "attachments": {
      "scope": {
        "yOffset": 5.7,
        "zOffset": 5
      },
      "barrel": {
        "yOffset": 5.1,
        "zOffset": -1.6,
        "scale": 0.75
      }
    }
  }
}