{
  "general": {
    "rate": 5,
    "gripType": "cgm:two_handed",
    "maxAmmo": 8,
    "reloadAmount": 2,
    "recoilAngle": 5,
    "recoilKick": 0.5,
    "recoilAdsReduction": 0.5,
    "projectileAmount": 8,
    "alwaysSpread": true,
    "spread": 10
  },
  "projectile": {
    "item": "cgm:shell",
    "damage": 40,
    "size": 1,
    "speed": 20,
    "life": 59
  },
  "sounds": {
    "fire": "additionalguns:item.m1014.fire",
    "reload": "cgm:item.pistol.reload",
    "cock": "cgm:item.shotgun.cock",
    "silencedFire": "cgm:item.shotgun.silenced_fire",
    "enchantedFire": "cgm:item.shotgun.enchanted_fire"
  },
  "display": {
    "flash": {
      "yOffset": 1.65,
      "zOffset": -23.95
    }
  },
  "modules": {
    "zoom": {
      "yOffset": 2.8,
      "zOffset": 9,
      "fovModifier": 0.7
    },
    "attachments": {
      "barrel": {
        "yOffset": 1.65,
        "zOffset": -23.75,
        "scale": 0.75
      },
      "underBarrel": {
        "yOffset": -1.25,
        "zOffset": -4.35,
        "scale": 1.25
      },
      "scope": {
        "yOffset": 2.6,
        "zOffset": 4.7,
        "scale": 1.25
      }
    }
  }
}