{
  "general": {
    "auto": true,
    "rate": 7,
    "gripType": "cgm:one_handed",
    "maxAmmo": 8,
    "reloadAmount": 2,
    "recoilAngle": 5.5,
    "recoilKick": 1.5,
    "recoilAdsReduction": 0.55,
    "alwaysSpread": true,
    "spread": 4
  },
  "projectile": {
    "item": "additionalguns:bullet_small",
    "visible": false,
    "gravity": true,
    "damage": 9,
    "size": 0.25,
    "speed": 50,
    "life": 50
  },
  "sounds": {
    "fire": "additionalguns:item.m1911.fire",
    "reload": "cgm:item.pistol.reload",
    "cock": "cgm:item.pistol.cock",
    "silencedFire": "additionalguns:item.m1911.suppressed",
    "enchantedFire": "additionalguns:item.m1911.enchanted"
  },
  "display": {
    "flash": {
      "yOffset": 9.325,
      "zOffset": -3.85
    }
  },
  "modules": {
    "zoom": {
      "fovModifier": 0.7,
      "yOffset": 10.5,
      "zOffset": 2
    },
    "attachments": {
      "barrel": {
        "yOffset": 9.325,
        "zOffset": -3.8,
        "scale": 0.5
      },
      "stock": {
        "yOffset": 6.1,
        "zOffset": 10.15,
        "scale": 1.25
      },
      "scope": {
        "yOffset": 9.5,
        "zOffset": 6.85
      }
    }
  }
}