{
  "general": {
    "auto": true,
    "rate": 2,
    "gripType": "cgm:one_handed",
    "maxAmmo": 32,
    "reloadAmount": 10,
    "recoilAngle": 3,
    "recoilKick": 1,
    "recoilAdsReduction": 0.75,
    "alwaysSpread": true,
    "spread": 8
  },
  "projectile": {
    "item": "additionalguns:bullet_small",
    "visible": false,
    "damage": 6,
    "size": 0.1,
    "speed": 25,
    "life": 10
  },
  "sounds": {
    "fire": "additionalguns:item.pistol.fire",
    "reload": "cgm:item.pistol.reload",
    "cock": "cgm:item.assault_rifle.cock",
    "silencedFire": "additionalguns:item.pistol.suppressed"
  },
  "display": {
    "flash": {
      "yOffset": 4.6,
      "zOffset": -0.75
    }
  },
  "modules": {
    "zoom": {
      "fovModifier": 0.7,
      "yOffset": 6.6
    },
    "attachments": {
      "barrel": {
        "yOffset": 4.6,
        "zOffset": -0.75,
        "scale": 0.5
      }
    }
  }
}