{
  "general": {
    "auto": false,
    "rate": 15,
    "gripType": "cgm:two_handed",
    "maxAmmo": 2,
    "reloadAmount": 1,
    "recoilAngle": 13,
    "recoilKick": 5.5,
    "recoilAdsReduction": 0.5,
    "projectileAmount": 8,
    "alwaysSpread": true,
    "spread": 14
  },
  "projectile": {
    "item": "cgm:shell",
    "visible": true,
    "gravity": true,
    "damage": 10,
    "size": 1.5,
    "speed": 20,
    "life": 10
  },
  "sounds": {
    "fire": "additionalguns:item.ou.fire",
    "reload": "cgm:item.pistol.reload",
    "cock": "cgm:item.shotgun.cock"
  },
  "display": {
    "flash": {
      "yOffset": 4.6,
      "zOffset": -12.6
    }
  },
  "modules": {
    "zoom": {
      "fovModifier": 0.7,
      "yOffset": 5,
      "zOffset": 4
    }
  }
}