{
  "general": {
    "rate": 5,
    "gripType": "cgm:one_handed",
    "maxAmmo": 13,
    "reloadAmount": 5,
    "recoilAngle": 8,
    "recoilKick": 1,
    "recoilAdsReduction": 0.7,
    "alwaysSpread": true,
    "spread": 2
  },
  "projectile": {
    "item": "additionalguns:bullet_short",
    "damage": 12,
    "size": 0.2,
    "speed": 40,
    "life": 50
  },
  "sounds": {
    "fire": "additionalguns:item.p250.fire",
    "reload": "cgm:item.pistol.reload",
    "cock": "cgm:item.pistol.cock",
    "silencedFire": "additionalguns:item.pistol.suppressed"
  },
  "display": {
    "flash": {
      "yOffset": 7.1,
      "zOffset": -2.8
    }
  },
  "modules": {
    "zoom": {
      "fovModifier": 0.8,
      "yOffset": 8.25,
      "zOffset": 1.5
    },
    "attachments": {
      "scope": {
        "yOffset": 8,
        "zOffset": 6,
        "scale": 1.1
      },
      "barrel": {
        "yOffset": 7.1,
        "zOffset": -2.8,
        "scale": 0.75
      }
    }
  }
}