{
  "general": {
    "rate": 11,
    "gripType": "cgm:one_handed",
    "maxAmmo": 5,
    "reloadAmount": 1,
    "recoilAngle": 9,
    "recoilKick": 2.25,
    "recoilAdsReduction": 0.5,
    "alwaysSpread": true,
    "spread": 2
  },
  "projectile": {
    "item": "additionalguns:bullet_short",
    "visible": false,
    "damage": 15,
    "size": 0.5,
    "speed": 40,
    "life": 70
  },
  "sounds": {
    "fire": "additionalguns:item.python.fire",
    "reload": "cgm:item.pistol.reload",
    "cock": "cgm:item.shotgun.cock"
  },
  "display": {
    "flash": {
      "yOffset": 10,
      "zOffset": -8
    }
  },
  "modules": {
    "zoom": {
      "fovModifier": 0.7,
      "yOffset": 10.775,
      "zOffset": 1
    }
  }
}