{
  "general": {
    "auto": true,
    "rate": 3,
    "gripType": "cgm:two_handed",
    "maxAmmo": 20,
    "reloadAmount": 5,
    "recoilAngle": 3,
    "recoilKick": 1.5,
    "recoilAdsReduction": 0.6,
    "alwaysSpread": true,
    "spread": 3
  },
  "projectile": {
    "item": "additionalguns:bullet_long",
    "visible": false,
    "gravity": true,
    "damage": 20,
    "size": 0.75,
    "speed": 65,
    "life": 65
  },
  "sounds": {
    "fire": "additionalguns:item.scar.fire",
    "reload": "cgm:item.pistol.reload",
    "cock": "cgm:item.assault_rifle.cock",
    "silencedFire": "cgm:item.assault_rifle.silenced_fire"
  },
  "display": {
    "flash": {
      "yOffset": 7.875,
      "zOffset": -9.55
    }
  },
  "modules": {
    "zoom": {
      "fovModifier": 0.6,
      "yOffset": 9.42,
      "zOffset": 5.25
    },
    "attachments": {
      "scope": {
        "yOffset": 8.675,
        "zOffset": 0,
        "scale": 0.615
      },
      "barrel": {
        "yOffset": 7.875,
        "zOffset": -8,
        "scale": 0.3
      },
      "underBarrel": {
        "yOffset": 7,
        "zOffset": -3.35,
        "scale": 0.5
      }
    }
  }
}