{
  "general": {
    "auto": true,
    "rate": 7,
    "gripType": "cgm:one_handed",
    "maxAmmo": 12,
    "reloadAmount": 2,
    "recoilAngle": 4.5,
    "recoilKick": 0.6,
    "recoilAdsReduction": 0.5,
    "alwaysSpread": true,
    "spread": 1
  },
  "projectile": {
    "item": "additionalguns:bullet_small",
    "visible": false,
    "gravity": true,
    "damage": 8,
    "size": 0.0625,
    "speed": 30,
    "life": 10
  },
  "sounds": {
    "fire": "additionalguns:item.pistol.fire",
    "reload": "cgm:item.pistol.reload",
    "cock": "cgm:item.pistol.cock",
    "silencedFire": "additionalguns:item.pistol.suppressed"
  },
  "display": {
    "flash": {
      "yOffset": 6,
      "zOffset": -3.75
    }
  },
  "modules": {
    "zoom": {
      "fovModifier": 0.7,
      "yOffset": 7.25,
      "zOffset": 2
    },
    "attachments": {
      "barrel": {
        "yOffset": 6,
        "zOffset": -3.75,
        "scale": 0.5
      },
      "stock": {
        "yOffset": 6.1,
        "zOffset": 6.85
      }
    }
  }
}