{
  "general": {
    "auto": false,
    "rate": 4,
    "gripType": "cgm:two_handed",
    "maxAmmo": 10,
    "reloadAmount": 2,
    "recoilAngle": 5,
    "recoilKick": 0.5,
    "recoilAdsReduction": 0.55,
    "alwaysSpread": true,
    "spread": 1
  },
  "projectile": {
    "item": "additionalguns:bullet_special",
    "visible": false,
    "gravity": true,
    "damage": 17,
    "size": 0.25,
    "speed": 100,
    "life": 100
  },
  "sounds": {
    "fire": "additionalguns:item.intsup.fire",
    "reload": "cgm:item.pistol.reload",
    "cock": "cgm:item.rifle.cock",
    "silencedFire": "additionalguns:item.intsup.fire"
  },
  "display": {
    "flash": {
      "yOffset": 3.75,
      "zOffset": -9
    }
  },
  "modules": {
    "zoom": {
      "fovModifier": 0.8,
      "yOffset": 4.5,
      "zOffset": 1
    },
    "attachments": {
      "scope": {
        "yOffset": 4.2,
        "zOffset": 5,
        "scale": 0.75
      },
      "stock": {
        "yOffset": 3.35,
        "zOffset": 8.65
      }
    }
  }
}