{
  "type": "minecraft:chest",
  "pools": [
    {
      "rolls": {
        "min": 1,
        "max": 2
      },
      "bonus_rolls": 1,
      "entries": [
        {
          "type": "minecraft:item",
          "weight": 10,
          "name": "minecraft:netherite_helmet"
        },
        {
          "type": "minecraft:item",
          "weight": 10,
          "name": "minecraft:netherite_chestplate"
        },
        {
          "type": "minecraft:item",
          "weight": 10,
          "name": "minecraft:netherite_leggings"
        },
        {
          "type": "minecraft:item",
          "weight": 10,
          "name": "minecraft:netherite_boots"
        },
        {
          "type": "minecraft:item",
          "weight": 5,
          "name": "minecraft:netherite_sword"
        }
      ]
    },
    {
      "rolls": {
        "min": 2,
        "max": 4
      },
      "bonus_rolls": {
        "min": 1,
        "max": 2
      },
      "entries": [
        {
          "type": "minecraft:item",
          "weight": 10,
          "name": "immersiveengineering:stick_steel",
          "functions": [
            {
              "function": "minecraft:set_count",
              "count": {
                "min": 2,
                "max": 4
              },
              "add": true
            }
          ]
        },
        {
          "type": "minecraft:item",
          "weight": 5,
          "name": "immersiveengineering:gunpart_barrel",
          "functions": [
            {
              "function": "minecraft:set_count",
              "count": {
                "min": 1,
                "max": 3
              },
              "add": true
            }
          ]
        },
        {
          "type": "minecraft:item",
          "name": "immersiveengineering:gunpart_barrel"
        },
        {
          "type": "minecraft:item",
          "weight": 10,
          "name": "immersiveengineering:component_steel",
          "functions": [
            {
              "function": "minecraft:set_count",
              "count": {
                "min": 2,
                "max": 6
              },
              "add": true
            }
          ]
        },
        {
          "type": "minecraft:item",
          "weight": 15,
          "name": "immersiveengineering:plate_steel",
          "functions": [
            {
              "function": "minecraft:set_count",
              "count": {
                "min": 2,
                "max": 6
              },
              "add": true
            }
          ]
        }
      ]
    },
    {
      "rolls": {
        "min": 2,
        "max": 4
      },
      "bonus_rolls": {
        "min": 1,
        "max": 2
      },
      "entries": [
        {
          "type": "minecraft:item",
          "weight": 10,
          "name": "immersiveengineering:stick_aluminum",
          "functions": [
            {
              "function": "minecraft:set_count",
              "count": {
                "min": 2,
                "max": 4
              },
              "add": true
            }
          ]
        },
        {
          "type": "minecraft:item",
          "weight": 15,
          "name": "immersiveengineering:plate_aluminum",
          "functions": [
            {
              "function": "minecraft:set_count",
              "count": {
                "min": 2,
                "max": 4
              },
              "add": true
            }
          ]
        },
        {
          "type": "minecraft:item",
          "weight": 5,
          "name": "create:precision_mechanism",
          "functions": [
            {
              "function": "minecraft:set_count",
              "count": {
                "min": 1,
                "max": 2
              }
            }
          ]
        }
      ]
    },
    {
      "rolls": {
        "min": 0,
        "max": 1
      },
      "bonus_rolls": 1,
      "entries": [
        {
          "type": "minecraft:item",
          "name": "immersiveengineering:blueprint",
          "functions": [
            {
              "function": "minecraft:set_nbt",
              "tag": "{blueprint:\"bullet\"}"
            }
          ]
        }
      ]
    }
  ]
}
