{
  "type": "minecraft:chest",
  "pools": [
    {
      "rolls": 1,
      "bonus_rolls": 1,
      "entries": [
        {
          "type": "minecraft:item",
          "weight": 10,
          "name": "arsenals_of_the_apocalypse:military_riot_armor_helmet"
        },
        {
          "type": "minecraft:item",
          "weight": 10,
          "name": "arsenals_of_the_apocalypse:military_riot_armor_chestplate"
        },
        {
          "type": "minecraft:item",
          "weight": 10,
          "name": "arsenals_of_the_apocalypse:military_riot_armor_leggings"
        },
        {
          "type": "minecraft:item",
          "weight": 10,
          "name": "arsenals_of_the_apocalypse:military_riot_armor_boots"
        },
        {
          "type": "minecraft:item",
          "weight": 5,
          "name": "immersiveengineering:shield"
        }
      ]
    },
    {
      "rolls": {
        "min": 3,
        "max": 4
      },
      "bonus_rolls": {
        "min": 1,
        "max": 2
      },
      "entries": [
        {
          "type": "minecraft:item",
          "weight": 5,
          "name": "additionalguns:bullet_long",
          "functions": [
            {
              "function": "minecraft:set_count",
              "count": {
                "min": 6,
                "max": 12
              },
              "add": true
            }
          ]
        },
        {
          "type": "minecraft:item",
          "weight": 10,
          "name": "cgm:shell",
          "functions": [
            {
              "function": "minecraft:set_count",
              "count": {
                "min": 6,
                "max": 12
              },
              "add": true
            }
          ]
        },
        {
          "type": "minecraft:item",
          "weight": 15,
          "name": "additionalguns:bullet_medium",
          "functions": [
            {
              "function": "minecraft:set_count",
              "count": {
                "min": 16,
                "max": 32
              },
              "add": true
            }
          ]
        }
      ]
    },
    {
      "rolls": {
        "min": 1,
        "max": 3
      },
      "bonus_rolls": {
        "min": 1,
        "max": 2
      },
      "entries": [
        {
          "type": "minecraft:item",
          "weight": 2,
          "name": "cgm:grenade"
        },
        {
          "type": "minecraft:item",
          "weight": 15,
          "name": "quark:gunpowder_sack",
          "functions": [
            {
              "function": "minecraft:set_count",
              "count": {
                "min": 2,
                "max": 6
              },
              "add": true
            }
          ]
        }
      ]
    },
    {
      "rolls": 1,
      "bonus_rolls": 1,
      "entries": [
        {
          "type": "minecraft:item",
          "weight": 10,
          "name": "additionalguns:m16a2"
        },
        {
          "type": "minecraft:item",
          "weight": 10,
          "name": "additionalguns:m4a1s"
        },
        {
          "type": "minecraft:item",
          "weight": 10,
          "name": "additionalguns:m4a4"
        },
        {
          "type": "minecraft:item",
          "weight": 2,
          "name": "additionalguns:m1014"
        },
        {
          "type": "minecraft:item",
          "weight": 2,
          "name": "additionalguns:scar"
        },
        {
          "type": "minecraft:item",
          "weight": 1,
          "name": "additionalguns:awm"
        },
        {
          "type": "minecraft:item",
          "weight": 1,
          "name": "cgm:bazooka"
        }
      ]
    }
  ]
}
