{
  "type": "minecraft:chest",
  "pools": [
    {
      "rolls": 1,
      "bonus_rolls": 1,
      "entries": [
        {
          "type": "minecraft:item",
          "weight": 10,
          "name": "immersiveengineering:armor_steel_head"
        },
        {
          "type": "minecraft:item",
          "weight": 10,
          "name": "immersiveengineering:armor_steel_chest"
        },
        {
          "type": "minecraft:item",
          "weight": 10,
          "name": "immersiveengineering:armor_steel_legs"
        },
        {
          "type": "minecraft:item",
          "weight": 10,
          "name": "immersiveengineering:armor_steel_feet"
        },
        {
          "type": "minecraft:item",
          "weight": 5,
          "name": "immersiveengineering:shield"
        }
      ]
    },
    {
      "rolls": {
        "min": 1,
        "max": 3
      },
      "bonus_rolls": {
        "min": 1,
        "max": 2
      },
      "entries": [
        {
          "type": "minecraft:item",
          "weight": 15,
          "name": "additionalguns:bullet_small",
          "functions": [
            {
              "function": "minecraft:set_count",
              "count": {
                "min": 3,
                "max": 8
              },
              "add": true
            }
          ]
        },
        {
          "type": "minecraft:item",
          "weight": 15,
          "name": "additionalguns:bullet_short",
          "functions": [
            {
              "function": "minecraft:set_count",
              "count": {
                "min": 3,
                "max": 8
              },
              "add": true
            }
          ]
        }
      ]
    },
    {
      "rolls": {
        "min": 1,
        "max": 3
      },
      "bonus_rolls": {
        "min": 1,
        "max": 2
      },
      "entries": [
        {
          "type": "minecraft:item",
          "weight": 2,
          "name": "cgm:grenade"
        },
        {
          "type": "minecraft:item",
          "weight": 15,
          "name": "minecraft:gunpowder",
          "functions": [
            {
              "function": "minecraft:set_count",
              "count": {
                "min": 2,
                "max": 6
              },
              "add": true
            }
          ]
        }
      ]
    },
    {
      "rolls": {
        "min": 0,
        "max": 1
      },
      "bonus_rolls": 1,
      "entries": [
        {
          "type": "minecraft:item",
          "weight": 10,
          "name": "additionalguns:usp"
        },
        {
          "type": "minecraft:item",
          "weight": 8,
          "name": "additionalguns:desert_eagle"
        },
        {
          "type": "minecraft:item",
          "weight": 6,
          "name": "additionalguns:p250"
        },
        {
          "type": "minecraft:item",
          "weight": 3,
          "name": "additionalguns:mp7"
        },
        {
          "type": "minecraft:item",
          "weight": 3,
          "name": "additionalguns:custom_mac"
        }
      ]
    }
  ]
}
