{
  "type": "minecraft:chest",
  "pools": [
    {
      "rolls": {
        "min": 1,
        "max": 3
      },
      "bonus_rolls": 1,
      "entries": [
        {
          "type": "minecraft:item",
          "weight": 15,
          "name": "create:andesite_alloy",
          "functions": [
            {
              "function": "minecraft:set_count",
              "count": {
                "min": 4,
                "max": 8
              },
              "add": true
            }
          ]
        },
        {
          "type": "minecraft:item",
          "weight": 10,
          "name": "immersiveengineering:component_electronic",
          "functions": [
            {
              "function": "minecraft:set_count",
              "count": {
                "min": 1,
                "max": 3
              },
              "add": true
            }
          ]
        },
        {
          "type": "minecraft:item",
          "weight": 10,
          "name": "immersiveengineering:ingot_steel",
          "functions": [
            {
              "function": "minecraft:set_count",
              "count": {
                "min": 1,
                "max": 3
              },
              "add": true
            }
          ]
        },
        {
          "type": "minecraft:item",
          "weight": 5,
          "name": "immersiveengineering:electron_tube"
        },
        {
          "type": "minecraft:item",
          "weight": 3,
          "name": "immersiveengineering:blueprint",
          "functions": [
            {
              "function": "minecraft:set_nbt",
              "tag": "{blueprint:components}"
            }
          ]
        }
      ]
    },
    {
      "rolls": {
        "min": 1,
        "max": 3
      },
      "bonus_rolls": {
        "min": 1,
        "max": 2
      },
      "entries": [
        {
          "type": "minecraft:item",
          "weight": 15,
          "name": "immersiveengineering:plate_aluminum",
          "functions": [
            {
              "function": "minecraft:set_count",
              "count": {
                "min": 1,
                "max": 4
              },
              "add": true
            }
          ]
        },
        {
          "type": "minecraft:item",
          "weight": 15,
          "name": "immersiveengineering:plate_steel",
          "functions": [
            {
              "function": "minecraft:set_count",
              "count": {
                "min": 1,
                "max": 4
              },
              "add": true
            }
          ]
        },
        {
          "type": "minecraft:item",
          "weight": 5,
          "name": "immersiveengineering:component_iron"
        },
        {
          "type": "minecraft:item",
          "weight": 5,
          "name": "immersiveengineering:component_steel"
        }
      ]
    },
    {
      "rolls": {
        "min": 1,
        "max": 2
      },
      "bonus_rolls": {
        "min": 1,
        "max": 2
      },
      "entries": [
        {
          "type": "minecraft:item",
          "weight": 15,
          "name": "car:repair_kit"
        },
        {
          "type": "minecraft:item",
          "weight": 10,
          "name": "car:canister"
        },
        {
          "type": "minecraft:item",
          "weight": 5,
          "name": "car:battery"
        },
        {
          "type": "minecraft:item",
          "weight": 3,
          "name": "immersiveengineering:plate_duroplast"
        },
        {
          "type": "minecraft:item",
          "weight": 1,
          "name": "contenttweaker:rubber"
        }
      ]
    },
    {
      "rolls": {
        "min": 1,
        "max": 2
      },
      "bonus_rolls": 1,
      "entries": [
        {
          "type": "minecraft:item",
          "weight": 25,
          "name": "car:wheel"
        },
        {
          "type": "minecraft:item",
          "weight": 2,
          "name": "car:engine_3_cylinder"
        },
        {
          "type": "minecraft:item",
          "weight": 2,
          "name": "car:engine_6_cylinder"
        },
        {
          "type": "minecraft:item",
          "weight": 20,
          "name": "car:big_wheel"
        },
        {
          "type": "minecraft:item",
          "weight": 1,
          "name": "create:precision_mechanism"
        }
      ]
    }
  ]
}
