{
  "filler": "G",
  "rubber": " ",
  "allowDoors": false,
  "allowFillers": false,
  "minfloors": 2,
  "maxcellars": 0,
  "parts": [
    {
      "top": false,
      "cellar": false,
      "ground": true,
      "part": "c70cities:building_office3_ground_270"
    },
    {
      "top": false,
      "cellar": false,
      "ground": false,
      "part": "c70cities:building_office3_floor3_270"
    },
    {
      "top": false,
      "cellar": false,
      "ground": false,
      "part": "c70cities:building_office3_floor2_270"
    },
    {
      "top": false,
      "cellar": false,
      "ground": false,
      "part": "c70cities:building_office3_floor1_270"
    },
    {
      "top": true,
      "cellar": false,
      "ground": false,
      "part": "c70cities:building_office3_top_270"
    }
  ]
}