{
  "filler": "G",
  "rubber": " ",
  "allowDoors": false,
  "allowFillers": false,
  "minfloors": 2,
  "parts": [
    {
      "top": false,
      "cellar": true,
      "ground": false,
      "part": "c70cities:building_office1_base2_180"
    },
    {
      "top": false,
      "cellar": true,
      "ground": false,
      "part": "c70cities:building_office1_base1_180"
    },
    {
      "top": false,
      "cellar": false,
      "ground": true,
      "part": "c70cities:building_office1_ground_180"
    },
    {
      "top": false,
      "cellar": false,
      "ground": false,
      "part": "c70cities:building_office1_floor2_180"
    },
    {
      "top": false,
      "cellar": false,
      "ground": false,
      "part": "c70cities:building_office1_floor1_180"
    },
    {
      "top": true,
      "cellar": false,
      "ground": false,
      "part": "c70cities:building_office1_top_180"
    }
  ]
}