{
  "filler": "G",
  "rubber": " ",
  "allowDoors": false,
  "allowFillers": false,
  "minfloors": 2,
  "maxcellars": 0,
  "parts": [
    {
      "top": false,
      "cellar": false,
      "ground": true,
      "part": "c70cities:building_hotel1_ground_180"
    },
    {
      "top": false,
      "cellar": false,
      "ground": false,
      "part": "c70cities:building_hotel1_floor3_180"
    },
    {
      "top": false,
      "cellar": false,
      "ground": false,
      "part": "c70cities:building_hotel1_floor2_180"
    },
    {
      "top": false,
      "cellar": false,
      "ground": false,
      "part": "c70cities:building_hotel1_floor1_180"
    },
    {
      "top": true,
      "cellar": false,
      "ground": false,
      "part": "c70cities:building_hotel1_top_180"
    }
  ]
}