{
  "filler": "G",
  "rubber": " ",
  "allowDoors": false,
  "allowFillers": false,
  "minfloors": 2,
  "mincellars": 1,
  "maxcellars": 2,
  "parts": [
    {
      "top": false,
      "cellar": true,
      "ground": false,
      "part": "c70cities:building_hotel2_base1_180"
    },
    {
      "top": false,
      "cellar": false,
      "ground": true,
      "part": "c70cities:building_hotel2_ground_180"
    },
    {
      "top": false,
      "cellar": false,
      "ground": false,
      "part": "c70cities:building_hotel2_floor3_180"
    },
    {
      "top": false,
      "cellar": false,
      "ground": false,
      "part": "c70cities:building_hotel2_floor2_180"
    },
    {
      "top": false,
      "cellar": false,
      "ground": false,
      "part": "c70cities:building_hotel2_floor1_180"
    },
    {
      "top": true,
      "cellar": false,
      "ground": false,
      "part": "c70cities:building_hotel2_top_180"
    }
  ]
}