{
  "filler": "G",
  "rubber": " ",
  "allowDoors": false,
  "allowFillers": false,
  "minfloors": 2,
  "maxcellars": 0,
  "parts": [
    {
      "top": false,
      "cellar": false,
      "ground": true,
      "part": "c70cities:building_apartment1_ground"
    },
    {
      "top": false,
      "cellar": false,
      "ground": false,
      "part": "c70cities:building_apartment1_floor2"
    },
    {
      "top": false,
      "cellar": false,
      "ground": false,
      "part": "c70cities:building_apartment1_floor1"
    },
    {
      "top": true,
      "cellar": false,
      "ground": false,
      "part": "c70cities:building_apartment1_top"
    }
  ]
}