{
  "filler": "G",
  "rubber": " ",
  "allowDoors": false,
  "allowFillers": false,
  "minfloors": 2,
  "mincellars": 1,
  "maxcellars": 2,
  "parts": [
    {
      "top": false,
      "cellar": true,
      "ground": false,
      "part": "c70cities:building_policeoffice1_base2_270"
    },
    {
      "top": false,
      "cellar": true,
      "ground": false,
      "part": "c70cities:building_policeoffice1_base1_270"
    },
    {
      "top": false,
      "cellar": false,
      "ground": true,
      "part": "c70cities:building_policeoffice1_ground_270"
    },
    {
      "top": false,
      "cellar": false,
      "ground": false,
      "part": "c70cities:building_policeoffice1_floor2_270"
    },
    {
      "top": false,
      "cellar": false,
      "ground": false,
      "part": "c70cities:building_policeoffice1_floor1_270"
    },
    {
      "top": true,
      "cellar": false,
      "ground": false,
      "part": "c70cities:building_policeoffice1_top_270"
    },
    {
      "top": true,
      "cellar": false,
      "ground": false,
      "part": "c70cities:building_policeoffice1_top_270"
    }
  ]
}