{
  "filler": "G",
  "rubber": " ",
  "allowDoors": false,
  "allowFillers": false,
  "minfloors": 2,
  "maxcellars": 0,
  "parts": [
    {
      "top": false,
      "cellar": false,
      "ground": true,
      "part": "c70cities:building_office4_ground_90"
    },
    {
      "top": false,
      "cellar": false,
      "ground": false,
      "part": "c70cities:building_office4_floor3_90"
    },
    {
      "top": false,
      "cellar": false,
      "ground": false,
      "part": "c70cities:building_office4_floor2_90"
    },
    {
      "top": false,
      "cellar": false,
      "ground": false,
      "part": "c70cities:building_office4_floor1_90"
    },
    {
      "top": true,
      "cellar": false,
      "ground": false,
      "part": "c70cities:building_office4_top_90"
    }
  ]
}