{
  "filler": "G",
  "rubber": " ",
  "allowDoors": false,
  "allowFillers": false,
  "minfloors": 2,
  "mincellars": 1,
  "maxcellars": 1,
  "parts": [
    {
      "top": false,
      "cellar": true,
      "ground": false,
      "part": "c70cities:building_carservice1_base1"
    },
    {
      "top": false,
      "cellar": false,
      "ground": true,
      "part": "c70cities:building_carservice1_ground"
    },
    {
      "top": false,
      "cellar": false,
      "ground": false,
      "part": "c70cities:building_carservice1_floor2"
    },
    {
      "top": false,
      "cellar": false,
      "ground": false,
      "part": "c70cities:building_carservice1_floor1"
    },
    {
      "top": true,
      "cellar": false,
      "ground": false,
      "part": "c70cities:building_carservice1_top"
    }
  ]
}