{
  "filler": "G",
  "rubber": " ",
  "allowDoors": false,
  "allowFillers": false,
  "minfloors": 1,
  "maxfloors": 1,
  "maxcellars": 0,
  "parts": [
    {
      "top": false,
      "cellar": false,
      "ground": true,
      "part": "c70cities:building_residential1_ground_270"
    },
    {
      "top": false,
      "cellar": false,
      "ground": false,
      "part": "c70cities:building_residential1_floor1_270"
    },
    {
      "top": true,
      "cellar": false,
      "ground": false,
      "part": "c70cities:building_residential1_top_270"
    }
  ]
}