{
  "filler": "G",
  "rubber": " ",
  "allowDoors": false,
  "allowFillers": false,
  "minfloors": 1,
  "maxfloors": 1,
  "maxcellars": 0,
  "parts": [
    {
      "top": false,
      "cellar": false,
      "ground": true,
      "part": "c70cities:multi_warehouse_1_ground"
    },
    {
      "top": false,
      "cellar": false,
      "ground": false,
      "part": "c70cities:multi_warehouse_1_floor1"
    },
    {
      "top": true,
      "cellar": false,
      "ground": false,
      "part": "c70cities:multi_warehouse_1_top"
    }
  ]
}