{
  "filler": "G",
  "rubber": " ",
  "allowDoors": false,
  "allowFillers": false,
  "minfloors": 2,
  "maxfloors": 5,
  "maxcellars": 0,
  "parts": [
    {
      "top": false,
      "cellar": false,
      "ground": true,
      "part": "c70cities:multi_flatapartment_1_ground"
    },
    {
      "top": false,
      "cellar": false,
      "ground": false,
      "part": "c70cities:multi_flatapartment_1_floor2"
    },
    {
      "top": false,
      "cellar": false,
      "ground": false,
      "part": "c70cities:multi_flatapartment_1_floor1"
    },
    {
      "top": true,
      "cellar": false,
      "ground": false,
      "part": "c70cities:multi_flatapartment_1_top"
    }
  ]
}