{
  "filler": "G",
  "rubber": " ",
  "allowDoors": false,
  "allowFillers": false,
  "minfloors": 1,
  "maxfloors": 1,
  "mincellars": 1,
  "maxcellars": 1,
  "parts": [
    {
      "top": false,
      "cellar": true,
      "ground": false,
      "part": "c70cities:multi_cafe_3_base1"
    },
    {
      "top": false,
      "cellar": false,
      "ground": true,
      "part": "c70cities:multi_cafe_3_ground"
    },
    {
      "top": false,
      "cellar": false,
      "ground": false,
      "part": "c70cities:multi_cafe_3_floor1"
    },
    {
      "top": true,
      "cellar": false,
      "ground": false,
      "part": "c70cities:multi_cafe_3_top"
    }
  ]
}